,btc_aud,btc_eur,btc_usd
0,-0.23791585821345507,0.3452334283010714,0.3879929175309371
1,0.832457979218816,0.5960317014341854,0.3878424374088354
2,1.6035003287306608,2.2554280776166706,2.81381276328284
3,1.5811842408838856,1.7507116735960153,1.5455157370324741
4,-0.414818917739467,-0.43739065931185905,-0.4119040321857028
5,-0.2766415730875451,-0.7502579363444966,-1.3140775650626892
6,-4.87351639159715,-5.110449898940715,-5.118141762484811
7,-0.9338274687415833,-1.069283367598473,-1.2187691941308003
8,1.8866243965931062,1.8547923392252414,1.8664460001491534
9,1.2888005035656533,0.8162753184606117,0.8542915724665363
10,1.6235055438974086,1.693215003806472,1.3963593497664988
11,-1.0292343010205514,-0.8462491298141686,-0.8530989982918982
12,-4.56513039262245,-5.2501810397989175,-5.263920671635788
13,2.5828513126925827,2.4241672897551325,2.3371777544398356
14,-0.9131695556552586,-0.5661623779069487,-0.6746237931001815
15,-0.4171591522626841,-0.22026085267134476,-0.18170727008873655
16,0.893699478578128,1.0379481014260818,1.3749629239955539
17,6.628109540080914,6.455072080325408,6.3057451480053714
18,-1.2036426437625778,-1.2188834662683803,-1.2115433190883778
19,0.7697090287947503,0.7815064715723565,0.5415092769089824
20,4.075490712342798,4.240729772878694,4.270212796389387
21,2.1393741169922578,2.1757382778741885,2.1282877887570066
22,1.038594659354203,1.1171105239191093,1.4078200315834692
23,-1.4111838644603267,-1.738267137467119,-1.612759062940313
24,-0.9026333959263866,-0.9013629839300847,-0.9227457465094631
25,0.45141854134089954,0.062189054746340844,-0.1282264994661091
26,-4.543093375436001,-4.144018144315851,-4.395272526695408
27,5.0335346843476145,4.765696073014624,4.728627232007057
28,-0.9025979735306464,-0.9637655997739785,-0.6924764001214498
29,0.6475985115703224,0.6529749458550214,0.6411982932986575
30,0.6863889349042438,0.4972186932354816,0.5126627816571272
31,1.723699327920258,1.7693350986355654,1.7155078396535828
32,-0.7831313907299773,-0.7756387773879396,-0.6653700726601528
33,-1.5288724605725292,-1.5219993930313649,-1.5371611665577802
34,-0.4905182914517354,-0.4974815101668355,-0.435958924188526
35,-1.2175246481710928,-1.2136490310113004,-1.2062882438058296
36,1.0408791457939515,0.9337068838922278,0.8214607059308037
37,-0.8444039108653669,-0.7468957494056667,-0.9755597405492153
38,1.4134832931722485,1.3999722292119259,1.5142768373207218
39,0.47071746054098185,0.5283687515111524,0.7690927648563957
40,-0.6276725324732979,-0.5594579620028526,-0.5895848724376265
41,-0.2747306675591972,-0.27984639725036686,-0.2820983003057336
42,-3.0073437177507003,-3.114685131869919,-3.2627294548128702
43,-6.358882361377255,-6.101682024989714,-6.220900019781766
44,-0.039622791033252724,-0.34530929068205296,-0.1553719867424661
45,0.19809825738047948,0.18836530366934312,0.18126497103912698
46,-0.673694247559979,-0.5337938740449317,-0.3625628050267551
47,0.8123396818918991,0.6593510341062938,0.5437949250335805
48,-0.9510977969875967,-1.0048989666138368,-0.8805781305072742
49,-0.11895085361175006,-0.1256834036721557,-0.12956220947671682
50,-0.19828287099153385,-0.1571264714202698,-0.1554968126292806
51,-1.269942229570006,-1.10057712789785,-0.9594316751990846
52,-0.09928218984896375,-0.12585740372742293,-0.12972355927740864
53,4.062508683706255,3.6120965853478992,3.7034681371351326
54,-0.4747586732646596,-0.47040377190387517,-0.4912797937176947
55,-1.603976620875983,-1.0356678629050293,-0.8797351012435684
56,-1.427920041127436,-1.4140051689046231,-1.4506647105317825
57,0.23812831259783707,0.2515248708477884,0.4924257249404036
58,0.05952321903350821,0.2514616219941672,0.15545249662136484
59,-0.7542226902205584,-0.786027614316481,-0.7515777005646669
60,0.17868310598714743,0.18870298206820735,0.1296226685935835
61,-0.15882785079702444,-0.18870298206820735,-0.18147644096825388
62,0.45656209541266435,0.7231681366574776,0.44067138293394237
63,2.4380828537159687,2.4485964203922777,2.433154204312814
64,0.11877895250836445,0.09405715546745341,0.25849812732849387
65,-1.5848805742352852,-1.4431827817006706,-1.4484509283211082
66,-0.09913848663200042,-0.0941930015305843,-0.07765482434479054
67,2.4755183997331187,2.540102028999172,2.481968232925283
68,0.11867088621511357,0.0,-0.02582211147455382
69,-2.1580534425447695,-2.1633832451134367,-2.1714412420151348
70,-0.45596472019678913,-0.25113008670450654,-0.3882540265421994
71,-0.35698703326306713,-0.37681341901588894,-0.3107117914223636
72,0.059506689560294035,0.1570228471482551,0.15536796343803871
73,1.9617368647777766,1.6942775137285935,1.6040570551031124
74,0.29689742412119813,0.28210071182365937,0.2843222165283805
75,8.336419887617012,7.648996878597245,7.851455518972216
76,-1.0996564681991003,-1.0891382881818572,-1.0775310191329481
77,0.5303424761641509,1.3690107925340271,1.3082795427235396
78,-1.4148721115216176,-1.3378760882314964,-1.565005771284632
79,-2.559711559679272,-2.4938446167816437,-2.416453618016021
80,-1.183618855140594,-1.093015738941176,-1.133115415719658
81,0.6314377257058368,0.6247267023954919,0.6182221159797336
82,-0.11836420680265292,-0.06245511041015561,-0.02575162557332078
83,-1.0659087880758307,-1.1561236777633894,-1.1852922101952572
84,-0.31604314251853793,-0.5316404359564331,-0.4641926998810959
85,0.27654321163754503,0.28149190896692744,0.28369891998045205
86,-0.29629922487583826,-0.18765246818293235,-0.15473488786847156
87,0.45428958779302775,0.2814654988796974,0.46413285346534394
88,2.071313064860078,2.0928678356194723,2.0602103550372703
89,3.992413826730626,4.017257788869756,3.9283701587792166
90,-0.8050660687113123,-0.932806883347439,-0.8716384790568554
91,-1.808852069070781,-1.8682282180634502,-1.9254225831555232
92,1.7499193407620623,1.7437881979931262,1.7715251298541261
93,-0.4126263726793695,-0.1866890698984207,-0.2052334537729621
94,0.23580734649112856,0.031117265418288298,0.10262199198223243
95,0.019648102485007257,0.031116297162952833,0.025653852570030722
96,-1.4746800159609847,-1.1831004835912609,-1.0780288518362795
97,-0.4133004063896806,-0.40506645201458014,-0.4109835407580249
98,-0.7680113806891313,-0.7794354164725519,-0.7453384566979366
99,2.5773970767058927,2.398717681047856,2.31130845851294
100,1.0801363985774515,1.0884270195856516,1.102408746328365
101,1.9021291926983395,1.8941457944674767,1.8943278243114037
102,5.275613556768803,5.074739361858519,5.127366053731748
103,-2.810196611499123,-2.534150561934439,-2.5476422624924453
104,0.25402284388110274,0.278452425109208,0.20405040115656448
105,2.302799503240749,2.255698136825231,2.343591861335881
106,0.5846130028548941,1.0180315852012427,1.09349382137043
107,-0.8575494103661185,-0.6785725561876461,-0.7119066685954749
108,0.2144563053498132,0.06170744502378511,0.0508672872583702
109,2.278193619193189,2.065002043691493,2.057953698278652
110,-1.303971458473825,-1.2939800930525962,-1.320668653375833
111,-4.293694874697394,-4.418292089689203,-5.095812086939986
112,-2.7223691617964505,-2.6665855619939975,-2.736959592633866
113,-1.9434825854459632,-2.0201713137594197,-2.128233216533772
114,-4.549535661435584,-4.490045272241332,-4.708433691801474
115,-0.868929888589264,-1.219531413360528,-0.6965674984639918
116,-0.3359252301561355,-0.34423946889000945,-0.3355574802735646
117,1.7968747121503839,1.4387591622398759,1.393117195539162
118,-1.8956977300877043,-1.8770535778712656,-1.625492198198117
119,0.256919536192072,0.2504774739918503,0.23237500265895505
120,-1.1665498144557205,-0.6263113598397467,-0.5939545928467851
121,-0.2374309977312805,-0.25063441968450206,-0.36171037728308875
122,-1.3068791214936937,-1.1286329065878817,-0.8272582034260267
123,-2.22165009157834,-2.2296553272681194,-2.2007336027581914
124,-5.276321611767344,-5.200875381791775,-5.223436727997978
125,-9.588262733703232,-9.589810568892062,-9.608284094672854
126,-3.3918869587814697,-3.1638011146624194,-3.2409814543716493
127,-7.26655926451167,-7.324627966860135,-7.417252548262695
128,6.558465726118811,6.556136094262911,6.5459308566369145
129,0.04047599773912225,-0.28833677935290325,-0.42273244308307767
130,-0.26312327477171493,-0.2884199414311297,-0.2642985531838349
131,-0.08097493830246094,0.3204614672522439,0.4756871125646285
132,0.32386041899189877,0.35238904114339675,0.3169990780752414
133,1.011388317700039,0.6083796476541465,0.47531028093180794
134,-0.36398196668960736,-0.5763504370115697,-0.7658889307294885
135,-0.5462214760391362,-0.5446361484700901,-0.5549756349591917
136,-5.356612179206422,-5.333860084794651,-5.274399643152719
137,-4.956007819066144,-4.617752615051359,-4.7414915287026815
138,2.1240970365215617,2.1339204321138823,2.1337893511590664
139,-2.5330949972321832,-2.2957667755490547,-2.1337893511590664
140,3.756486390337159,3.457806932136009,3.411880908675812
141,3.194143400303801,3.349439524285117,3.108521705522435
142,-0.060939071105167386,-0.06430661395643256,-0.07958509640775446
143,0.5686202988199511,0.28934720258439484,0.26525902699540893
144,1.724190818329589,1.862676368731627,1.7489471029348351
145,-1.4805953480026801,-1.5091434463138285,-1.4572434187703038
146,0.1217754867466283,0.514006693403644,0.6626466348097892
147,-0.3044665262586932,-0.6425496590672992,-0.8217471866937558
148,-0.20302919629648386,-0.22498995675414335,-0.2121734525935608
149,0.1015197507567791,0.09643046567362035,0.10609235349329538
150,0.9132142730777559,0.9637935657865455,0.7423314850821043
151,3.0987052774180484,3.1739442832131317,3.360102641483536
152,4.358360409914894,4.7580361514174,4.664224432744959
153,0.36234072502338677,0.35036868699171464,0.3679949573652266
154,-0.2818092170273303,-0.12739259229238087,-0.18398055114630552
155,-1.9950633853059117,-2.0085769772667845,-1.9733473047544976
156,1.471492620812569,1.4351093943296291,1.4212024710286641
157,0.5437026282015722,0.7008601752295363,0.7098445212814113
158,-1.4908536889834068,-1.3065440586469776,-1.4991520764669986
159,-0.28230359922963544,-0.2551345848787605,-0.2895689391734777
160,-0.9685035360853362,-1.1169798030568927,-0.9746204361781565
161,-1.939825619903786,-2.0777069597752416,-2.32183951699335
162,-2.3895357852488814,-2.4668825683966134,-2.4066763794980943
163,-0.8721844715855696,-0.8664538513603475,-0.8476821699641732
164,-0.4668297272637574,-0.19264729550741322,-0.10601081320237427
165,1.0348501912721986,1.091177617176072,1.0860784368469467
166,-2.3959888820245396,-2.151401648636238,-2.199871015325698
167,-0.08132064735764288,-0.06429214352101553,0.0
168,0.22361586952865764,0.2250044206793973,0.238774293102324
169,-0.7116786766291625,-0.5465271551074693,-0.7961361282468715
170,-0.040682654955162434,-0.25729263963330595,-0.1593033138451574
171,-2.3216514511477726,-2.3831004451094486,-2.4192166628727136
172,-12.866334572925552,-13.242217457971492,-13.343891895856359
173,-0.45447034330391034,-0.16337466748700535,-0.26978174820396816
174,0.5577302589281317,0.7513025652697252,0.9708738626704871
175,-1.2605000274143094,-1.110820814694307,-1.2947080623926013
176,-2.0698370149220864,-2.094310134254556,-2.0263431452312943
177,-5.068455627169897,-5.222115488426425,-5.369358815896703
178,-0.18744337702992198,-0.1646605526439089,-0.16315875382861122
179,-0.39582921528017323,-0.49414439904467145,-0.5712653682930977
180,0.9996876808800153,0.5270786786932149,0.40807998933996714
181,-1.0622013557676837,-1.0544353158329614,-1.0613545511969278
182,1.4368267347745132,1.5154013771389145,1.4692680791868042
183,6.3472521745152335,7.019874653162333,7.179170692445041
184,-0.6618818368915527,-0.6539794883519789,-0.6480706623824517
185,-1.4493956487985997,-0.9817718496469752,-1.1892214704603248
186,0.3314756913641759,0.16369559204213147,0.13521004901667766
187,-0.3729178795183543,-0.3601656801038189,-0.37863421682959597
188,-3.77844661454219,-3.904652804376383,-3.848556122937225
189,2.5551287829712237,2.823376793459829,2.9013428885609756
190,0.16596133138955338,0.16390486997988774,0.16244314525647496
191,-5.011707916552041,-4.862991774562033,-4.449636991343141
192,-2.7765907547200186,-2.638523958183214,-2.6956762998470367
193,4.671931077380577,4.84294355882048,4.733028447690231
194,-2.208104219747838,-2.237358219525049,-2.0917383990126837
195,-4.933739154606883,-4.853817457340483,-4.633675975026563
196,0.3143105623748852,0.09929336232016794,-0.10928663162121666
197,-7.7397488179121865,-7.741288223398442,-7.734966427029576
198,1.856266485299784,1.4664713999900414,1.7332218873216334
199,3.4502379965470027,3.789520208236354,3.156091813620151
200,1.4690453848670586,1.4587894636606507,1.4512002327774098
201,2.8479905330605106,2.74602743234027,3.0597772751843877
202,3.6528005382060655,3.5289692137266684,3.7572534603423264
203,-1.7725509557258192,-1.9773272986130905,-1.8496360403241852
204,1.814220226728139,1.9114793415228633,1.8224602811005752
205,-3.1509233644192136,-3.2318730106144358,-3.2119359095722757
206,-3.7900645287190855,-3.673250651358103,-3.9063083204073337
207,-1.2805577423514478,-1.1278446097039705,-1.0406113160734094
208,5.091522004600847,4.966239845522068,4.783324914771583
209,-1.46403723889307,-1.5203598909556604,-1.6101085525715462
210,0.08371703646480455,0.09922439605179534,0.08193251496413723
211,0.9622425175075477,0.8264873108782922,0.9553836591785512
212,1.3581138933113834,1.2879577745152346,1.1997601919028966
213,-2.8915883307126933,-2.7295914341448224,-2.905124017603157
214,-3.5269724456102267,-3.4968530997848575,-3.3499956431132887
215,-2.3023640787687327,-2.282841639193066,-2.2942680699652556
216,-1.8457155288033391,-1.657495572730113,-1.8885229977549898
217,1.3426763230563665,1.326216168654355,1.3141325879587384
218,2.1989307401781844,2.4158198230670678,2.48664581412595
219,2.0688581643880752,1.915266576290378,1.8541245938849897
220,0.6886693303058564,0.6925550610721984,0.7080224684414134
221,5.056558795746241,4.998530582406602,4.9150823310901615
222,-0.7682804393734841,-0.7547541664662276,-0.731657779406305
223,-1.4343178537055792,-1.5112194472385454,-1.193479404961181
224,-0.2288496155942994,-0.19728405679961725,-0.19000312205207592
225,-0.10403986817254918,-0.13154433062845783,-0.13573862191879016
226,0.20806891317442933,0.46032947250023426,0.6513774148079392
227,0.58236274524279,0.7229470263300755,0.7051803926624416
228,2.3468095214484492,2.1984881949829287,2.356032666077226
229,0.12445550731717958,0.1311002591100987,-0.2705261750579666
230,-2.5336448177331476,-2.5267039972914063,-2.5194048029115947
231,-0.8112915581805282,-0.8875010854553693,-0.7869208736592554
232,-1.1660837569870637,-1.217485877834406,-1.4941391785505402
233,-0.35425892529747216,-0.36224128958747315,-0.35348660517956887
234,-2.984921070283235,-2.968731564198606,-3.0233309605173417
235,2.567985126448548,2.606359008304935,2.588098920568882
236,-1.5024103988362185,-1.318826435795927,-1.633809316703264
237,0.06264552034372173,0.09897233731317101,0.0817538935734774
238,0.48015198776374746,0.19791529290159815,0.5448552182078856
239,0.04174145344404678,0.032982074246319826,0.02723496970247652
240,3.9367259415430453,3.588540287797514,3.507106157079761
241,-2.393515758736612,-2.4019095203020697,-2.3911105596725974
242,-1.042448597447219,-1.1206698822770704,-0.9526013539671112
243,-1.544820982768215,-1.2540014183305175,-0.8989989027450065
244,-4.3130589033626165,-4.4677651137735666,-4.534535741944637
245,0.5873345668387628,0.5968565731946001,0.6021458469640493
246,-1.5949970851870603,-1.4928099108237802,-1.752704816755795
247,1.427222406186047,1.426510103068722,1.4243065762093465
248,0.0,-0.03315155232485267,0.24630879036340048
249,0.3145544362396322,0.3977461106460396,0.519786078701145
250,-1.3427890062630468,-1.061008057095023,-1.3410514209281246
251,-9.280809074471108,-9.499596461915644,-9.244549411874686
252,-7.593923095657374,-7.563951145491956,-7.57463771716175
253,0.42695814323997183,0.43858909965638304,0.5568704028064531
254,-3.9134808241560677,-4.021974158502417,-3.9325658345405827
255,2.140411776072142,2.13129531445702,2.1216020464398753
256,5.650033686119059,5.291641798898127,5.145689679555289
257,-1.42548666203038,0.8064516566118982,3.9594143069534766
258,10.715673996875921,10.125907363077204,9.0503334201494
259,9.91404144135231,10.682554913528293,11.327554749943374
260,4.889273125470936,3.841549222188405,4.376729307901769
261,5.443626511383627,5.8488297564435925,6.449034846174982
262,-7.292497461321545,-6.504460004482098,-6.152542882979105
263,-4.877448388675475,-4.4038456870202936,-4.1318467078926915
264,-1.7357666301904828,-1.5822266543764272,-1.9232077438664419
265,-2.9556361980376096,-2.7749348849320086,-2.9325534212766797
266,0.37780203622969566,0.7936245911059814,1.5216567253228277
267,0.5035141195239703,0.4956957190770481,0.5157507680942217
268,-2.225769438955467,-1.6863689207675634,-1.5208715351091087
269,5.157892929486479,4.9518125744580175,5.0966575475340505
270,-0.8368726559110655,-0.8236011600638449,-0.8386198432817764
271,-2.3259966691093723,-2.078488401068171,-2.1674351481578924
272,-2.7520736690130434,-2.347612961742925,-2.199324798053567
273,0.48373698271279864,0.4633460284785542,0.461987915005011
274,-4.27760811564076,-4.57666702741335,-4.847900117518293
275,-1.6696435280700825,-1.2639283239241195,-1.2019888897320925
276,-3.241562600738689,-3.7011762629153964,-3.8067115215781087
277,-2.507225518742416,-2.4081084582740004,-2.7476318975768663
278,-2.598842635172332,-2.581771455365015,-2.589675809509572
279,2.598842635172332,2.581771455365015,2.5346460934488277
280,3.016401301463702,2.7421097973838187,2.638016423648878
281,-0.08484462832529971,0.4340350301026774,1.15194746693669
282,5.099083271012205,5.293395630969826,4.6491359789106355
283,-0.4432858105028572,0.03320328712834453,0.13641262110650132
284,4.802334565911224,4.604563000902999,3.9750658130415104
285,0.9031242409582774,0.8919575755298865,0.9234363349387422
286,0.335838129178228,0.36316215589249623,0.3799907762240764
287,0.8181332335225306,0.8908392624380213,1.003566814635633
288,-2.7297178045319015,-2.311223665607031,-2.1168049589014117
289,-0.9045491019078327,-0.8929014929271943,-0.8969219871523819
290,-0.06313862086244626,0.0661681995879917,0.1631365728626406
291,0.5260334047306969,0.6614413046663685,0.6522802862145909
292,2.5630804594366055,2.3775726948151714,2.68616785901213
293,-0.2728026289914851,-0.2638957627059426,-0.27100271168637846
294,2.4944202928909363,2.372558532119001,2.3823070905946224
295,0.06280420790062635,0.6251542524896649,0.27035795558003883
296,1.6106262959929154,1.1834320907801157,1.0807014803722268
297,0.647702246767949,0.6568576168901927,0.6478607326080237
298,-3.515162743269684,-3.8157941035969998,-3.3247317458044563
299,2.9928549667693005,3.0275131720209174,2.919867976930618
300,1.0025901082117343,0.7882809315760824,0.9174560129758902
301,-1.5878988752883743,-1.6758403659187024,-1.916821364156931
302,-0.9204636439171736,-0.9541828477522358,-0.919217108090379
303,-0.06278974854831176,0.5265582955853461,0.35156514458503807
304,-2.1581762365785835,-2.1738422973794513,-2.1654404304044874
305,-1.4063666637230199,-1.41883778112242,-1.654304959161891
306,1.0287310775729566,1.3528899458378874,1.193544153622497
307,-0.6087130106207042,-0.8247151076921,-0.5694683759993495
308,0.6506795632831199,0.7587629230001767,0.43391007894570066
309,0.8599264349031728,0.8570393114496255,0.8401653722758056
310,0.7125492798750201,0.7575383660205262,0.8123917257889843
311,1.2980489218989533,1.3489728467411624,1.4336144410208362
312,1.3172615413986932,1.2158056208882044,1.161612881343899
313,0.25071034729262465,0.26268264803911734,0.24295760509448883
314,2.149349240997253,2.0662180814888416,2.049291554694719
315,3.2049975405625446,3.3689337962077843,3.307743936400584
316,0.41548082115150464,0.6202157896823337,0.6441396932223142
317,-1.267756552741048,-1.2734903515411133,-1.2618298204215534
318,1.4961974446541717,1.3387538529514131,1.3423181161269895
319,-0.7893807925629517,-0.7834432730815024,-0.778325030234555
320,-2.6635607556872856,-2.5504378995101433,-2.500102112759123
321,-0.3542884570288152,-0.2947003082954325,-0.3499751014969661
322,-1.8986225046410254,-2.065337498795998,-1.9405445002903434
323,0.2505742339290009,0.3609219955524168,0.24277409989372245
324,-0.5429902186333493,-0.5250205206739338,-0.5395780630569789
325,-0.3342944329324382,-0.3939463627320947,-0.3778779499189113
326,1.9415252286271425,2.066489181095676,2.022681685844873
327,1.2089379494736932,1.4407337135216949,1.4268986227052665
328,-1.8139554404187948,-1.8340216053238692,-1.83110779297931
329,0.2503964623720094,0.3277506502417964,0.40420917027404357
330,1.5635589780467853,1.3099294511303015,1.4268986227052665
331,-0.8961414419045468,-0.9167704132378276,-0.8882070913768985
332,0.3543844691630511,0.2620201770532731,0.4845743916484935
333,-0.1875996628714347,-0.16375456502464658,-0.1884176956718875
334,0.04169185550199472,0.0,-0.10768319613998756
335,-0.5004170246211288,-0.52419488144551,-0.5116535947563534
336,-0.14600214857819083,-0.0655436848901445,-0.10774991255857458
337,-0.43813438908182434,-0.45892612095121876,-0.4311157882093539
338,-0.5635978565478581,-0.4263343509683182,-0.3234588561572309
339,-0.4594628542472492,-0.5906093291068828,-0.6202554032988701
340,-0.27160003927383514,-0.22977564151187835,-0.16186904829373816
341,-0.6479594729516975,-0.6239430115547293,-0.6207408606314857
342,-0.37642729123945173,-0.42713279550662264,-0.5400880474771839
343,-1.5071277422102867,-1.611603894341897,-1.486747945749812
344,-2.5379393400980916,-2.504780163959367,-2.410520783158063
345,-0.4621363384412689,-0.4620919645221875,-0.4610982356534805
346,-0.3152154523686477,-0.4292766754060722,-0.48845351165073225
347,1.407193721312069,1.41921241043201,1.3833324237548368
348,0.8182018897477974,0.7912436124261149,1.0294756002422218
349,-0.8391902307230339,-0.8242256866724347,-0.839755707540462
350,3.2479466972581577,3.3585807007093536,3.0846684090738563
351,0.1673500129418244,0.09861122532311128,0.2431216835993837
352,3.0492285692253063,3.215964442726545,3.0475083929250104
353,-1.2728621289315925,-1.4098131873961393,-1.2933823747407587
354,0.12527142157705384,0.09842358237074222,0.10784578063976369
355,1.2310004997125361,1.0820205328000156,0.8354106798615248
356,-3.299988374525128,-3.052335106907776,-2.940504162284924
357,1.7140114143767278,1.051317528990694,1.1610483139284042
358,2.6280127754234854,2.98365768318763,2.883283009581646
359,1.519424992337008,1.5048419484683109,1.5325673497773096
360,-0.5825202486485068,-0.5885815355322848,-0.5912389314926259
361,-0.749453558550158,-0.7525808970603975,-0.7529918333475507
362,3.3473704523566994,3.3658512569691084,3.357194929398247
363,-1.1006927167563845,-1.0771466450351,-1.0999182877112617
364,-2.0384398438836797,-2.0923245504254737,-2.042078254842636
365,0.2706444477171317,0.29449780157665373,0.2689328759752243
366,-0.4372312919040269,-0.42541355747562193,-0.43032732435676735
367,0.2915087681485602,0.2945363528233429,0.29586992697841197
368,-0.22903544944165333,-0.22907633250724757,-0.21516944676841376
369,0.6453291923135112,0.6216565711347357,0.6453694964238821
370,0.29130254055417026,0.3597298794447852,0.26878107943048235
371,-0.41617246787427575,-0.4578604913676827,-0.40319871522660833
372,0.20810788387643697,0.1962515951745445,0.1881796314555686
373,-0.9368267243571609,-0.9489063748842455,-0.9143472467058018
374,-0.9168577429118159,-0.8515098438128916,-0.9151840427730349
375,-0.6464730948246142,-0.7210750886024471,-0.6734641904276941
376,1.02165287286698,1.0486646872868732,1.050406118907631
377,0.5833333498758293,0.556656148233742,0.5651466167637409
378,-0.12497136089405103,-0.09821092440870416,-0.13452975145810342
379,-0.22915473252578522,-0.19645078970825125,-0.21528525379108032
380,2.1644579617113777,2.1261640575830825,2.150769728968953
381,-1.602080966855283,-1.6023810227252397,-1.5857447586695343
382,0.18738873848633375,0.1963479291589465,0.18827073387001292
383,-3.984359899430274,-4.000005333344234,-3.9881486436443083
384,-0.5854311449311353,-0.5915215420591267,-0.5941931302440935
385,-9.076073900168922,-9.080915012296828,-9.091835252451347
386,-3.954454966589765,-3.955267483346688,-3.933678959923782
387,4.1232812025900785,4.1542790598432475,4.124505648976992
388,-0.2110372488587018,-0.23218402346537914,-0.21809061751628178
389,0.4009327014337032,0.3979967549457797,0.4088808986944059
390,6.09963190165945,6.0828644699668075,6.0861483884073095
391,-0.587309927735987,-0.5604549722247611,-0.5690054750957643
392,0.587309927735987,0.626370205258354,0.5690054750957643
393,-0.10485147797771788,-0.16479622983570152,-0.10835703654083773
394,-2.3095183374371118,-2.243929135851431,-2.2782142152864253
395,2.372430543475275,2.3757682922732783,2.359483093414383
396,2.1785131890337652,2.1728403610450187,2.164737288681863
397,2.0484956996260735,2.06967993852777,2.0521689980087103
398,3.0440789112490165,3.0147153939942655,3.0434864652434044
399,2.619653042895152,2.581489874093677,2.6320045274242148
400,2.9855100648746884,3.030453465411483,2.9728050603935117
401,1.985399696701279,2.0152122792114824,2.0036606893008866
402,8.209838192928146,8.18152574130363,8.186527394369477
403,7.939708406272985,7.8914854729191575,7.936235708732056
404,-3.6864711749549315,-3.681358896143138,-3.6570807824100484
405,1.5903116691970354,1.6662932044619083,1.580236837571647
406,-5.249463109346834,-5.296877603324901,-5.250740965104342
407,-1.6807415615203354,-1.6751501887738414,-1.694556643580654
408,-0.43088856041867984,-0.419226372254343,-0.4240882167032396
409,-2.136665151134366,-2.1957450134214014,-2.1231430480802373
410,-0.4525724707473273,-0.3879853907510551,-0.4517492071554443
411,-0.3498554309589963,-0.3557855620929331,-0.37218205448698427
412,0.6790193575652665,0.6791171738077537,0.6910850309595844
413,3.01913372823401,3.0342179508534173,3.0245167914454214
414,1.7211355544732214,1.7067323446772207,1.7204191477958375
415,1.0230807898442436,1.029071353999825,1.0308325545756816
416,-0.04090314136738016,-0.03214245536582894,-0.05283736659839633
417,-2.416251482711232,-2.4136333663773257,-2.4070583364136837
418,-0.38960373692134453,-0.38672253140794055,-0.39732468571128265
419,-0.2871735984135739,-0.3223830583374365,-0.2914718021675071
420,-2.3003624997709267,-2.2919131358667073,-2.308274993141822
421,-0.06168968036399747,-0.06463706291469862,-0.053126494192838436
422,-2.243976690208001,-2.232541007857435,-2.2338652482812904
423,2.3879133583213843,2.3941258321628993,2.393236264342704
424,-2.4497454430111247,-2.426518168140319,-2.44648440067067
425,-1.3819136543843342,-1.3938639835960203,-1.3854476944998169
426,-0.43353049327379267,-0.4542357561622339,-0.4533514751565235
427,0.5160864249646693,0.5191097384758905,0.5333333459748246
428,1.1138385260801442,1.1346139478009718,1.1190750148725783
429,3.128604560830354,3.105492095643058,3.110835919587771
430,8.247849218125339,8.20243593925261,8.248559656447469
431,-6.256409694076865,-6.23415367819689,-6.259512019383692
432,-0.8617860021204251,-0.838466300854634,-0.84817647154523
433,-2.63098546454421,-2.6490081715783163,-2.655197778944057
434,-1.8334454329979053,-1.8455267416193237,-1.8362056918904273
435,1.483496377892152,1.5219963754734636,1.4905115745550575
436,0.14411150137493678,0.12942470735652023,0.15956598087177554
437,-1.5038990896009636,-1.4893964223228977,-1.5169058036208298
438,0.6389183947612764,0.6478362496582122,0.6389776575233554
439,-4.315469060928081,-4.348538411786649,-4.32104377221367
440,2.025840486123343,2.046817589456623,2.029481576737453
441,-2.626111661118557,-2.632392933948722,-2.6177326164579426
442,6.788920351575143,6.810469002526588,6.7972166649815335
443,0.9455487970408285,0.9368590066442266,0.95589609254057
444,1.4166489388408081,1.4197672676273214,1.405630709748948
445,-5.3073439811068965,-5.302136504029477,-5.314638359803212
446,1.6692946471121104,1.6518489885384042,1.677160402186928
447,0.12354067592605134,0.1294414602798497,0.10639146750509099
448,0.4528519457380753,0.4529132101615687,0.4786215790154529
449,3.4103782412130386,3.4225599261535535,3.396940715078017
450,-1.621560953450171,-1.645241269865437,-1.617415405167776
451,0.5134366480651806,0.516445574887257,0.5040656983910594
452,2.0920938817198476,2.0953217536607553,2.0931318498496694
453,0.08195377811534854,0.09660124623223965,0.07939973802240274
454,-0.14342351965387934,-0.161007261776831,-0.13233639931968355
455,2.2923115299890924,2.283877148754982,2.273749756794132
456,0.5926894991571316,0.6102947270446748,0.6072206641583762
457,-2.4957564659725904,-2.5077979898669582,-2.5104726264708006
458,-3.632002515183558,-3.644283643017843,-3.6314999287096725
459,0.5548876494904107,0.5813953652159398,0.5575098040462763
460,-2.5921140231257596,-2.586570681312878,-2.577766213018549
461,1.9755531798691663,1.972865660352909,1.9671440231504675
462,-1.9755531798691663,-1.972865660352909,-1.9671440231504675
463,1.646565226084931,1.6497116746686515,1.6484104551527707
464,1.0482719889459986,1.0337253795569268,1.0355128704923118
465,2.236747184966589,2.2253407664466067,2.2531785964220035
466,2.2317553104840044,2.25254310715718,2.2216941614824464
467,-0.6956095047062263,-0.7073955278901849,-0.687139939294866
468,2.371267899074155,2.377434776559312,2.376552478481244
469,-0.5718603999539482,-0.5777749406406656,-0.5804136929509696
470,-0.9606443186985416,-0.9637006849279715,-0.9504951210656145
471,-0.38860766455218254,-0.38574046574285603,-0.3963064293147909
472,-0.8800385328977427,-0.8684604672635032,-0.8988764650166559
473,0.36848247054513195,0.353908277103983,0.3702234605298145
474,-0.9829218139930163,-0.9654995600685652,-0.9787454323977727
475,-0.1024432721278572,-0.12880373548796342,-0.10586771838643472
476,1.5150897620005708,1.5123971154662286,1.5075579099302558
477,0.42954009189816134,0.4500594797427766,0.449182891041346
478,0.7154903969567386,0.7068273386630608,0.7129936792807712
479,1.4294468433599832,1.444228952670528,1.4244640885008266
480,0.7139579068134481,0.7053090828412678,0.7114718544089556
481,0.8968244863444852,0.8969472363514797,0.8952080639974156
482,0.06111784541099041,0.06403688526916085,0.07895048492900969
483,0.0814846503744775,0.06403278480684094,0.07894425224003498
484,-0.5093880322456243,-0.48034585824825626,-0.5000855513681017
485,-1.917624366171367,-1.9236940847367805,-1.9237109826044616
486,-0.8580009106390207,-0.866871131294829,-0.8708388311097224
487,-1.3907070304248919,-1.3821258005918935,-1.3737717472813529
488,-0.900900961833031,-0.9010169228422455,-0.9257178279876825
489,-1.7837194244330021,-1.7722217014998023,-1.774482356635417
490,-3.1240391248975357,-3.13322930229333,-3.1062934005476563
491,0.3087277354661637,0.29112552567676175,0.292455967521164
492,1.3367198889209249,1.3574662718001491,1.3282683992038073
493,0.4314817354952538,0.41979495247869636,0.45120964761554205
494,-0.2670857874854846,-0.2583144993368478,-0.2653927828741871
495,3.9783499276927614,3.964230475545264,3.9735151618606324
496,-0.6346541859638819,-0.6435213710283278,-0.6611570488767029
497,0.18429593884502538,0.19309989761313773,0.21161781900991627
498,1.7593392697272066,1.7683470567408222,1.744140396162038
499,1.6542263118135452,1.6690208008440095,1.662028320488389
500,-1.2863839076981094,-1.3157263262255583,-1.292449899661733
501,0.755695837764506,0.7703913326786278,0.7651210715575871
502,-0.3062943512632046,-0.32092426462804724,-0.31653082482989703
503,-1.0216592633660184,-1.0276503039967793,-1.029417678109894
504,-2.27182119630379,-2.2516736224661145,-2.273749756794132
505,2.1082588071112696,2.0910078230481304,2.1152837078116136
506,-1.1866280700050993,-1.1575563993501419,-1.1628522902410623
507,-0.45046890478806745,-0.4827109138132073,-0.47610231808903336
508,-4.474739598432279,-4.451907475446205,-4.454586567499064
509,1.1308380714308441,1.1309842383052455,1.11550833590627
510,-1.542369178701847,-1.5513900978421589,-1.5407914213665208
511,-9.32528184012699,-9.326576663872402,-9.32177318622962
512,-20.356189432704923,-20.349970897268577,-20.358799642339363
513,-2.9512638595770113,-2.936467673323932,-2.93468484506775
514,-14.111734303924095,-14.13498663597602,-14.10733730341417
515,6.320291047966748,6.318122208480418,6.303737845717478
516,3.1665908611848863,3.1609414979884605,3.150827625362581
517,3.028818730794228,3.0505714141690987,3.058401270827744
518,8.313939723637304,8.299909315997866,8.30130381822346
519,-0.21123339255973406,-0.1991899614840804,-0.2182929500049795
520,-1.4375715976239007,-1.4619399885923485,-1.4473956237507082
521,-0.5078720271685597,-0.4988775359142892,-0.49204527809160936
522,-1.970443987298495,-1.9646698848828237,-1.970605777698438
523,-1.2096133895702224,-1.200680529796955,-1.2061735610750475
524,-0.4247727529673284,-0.43393361496600846,-0.4389695261033921
525,1.5495487122134364,1.5346124779862294,1.5629501803814492
526,-0.2969876984079747,-0.3000650163376122,-0.30143180333834607
527,-0.7428553577810817,-0.7338715387086268,-0.740263512769161
528,-0.1911091770070925,-0.20024028901571,-0.1920096559315425
529,-1.2962590932856983,-1.2691204695875058,-1.2901633708788722
530,-1.6812628325824335,-1.7058286601513828,-1.7044677666035568
531,-0.8097166434308747,-0.77024835944394,-0.7982493989711656
532,-0.5117380013161892,-0.5361750740012212,-0.4957858306806884
533,0.27722392406576546,0.3016338523084414,0.27546691816496605
534,-5.602015976093753,-5.611856722500306,-5.606897620915333
535,-9.370928431701032,-9.378295675935078,-9.377981935092976
536,1.2545424729014485,1.2577976604297874,1.2573521823032934
537,1.209790810560662,1.2222865067033126,1.2278842866617197
538,-3.8504849857763475,-3.8757102978415787,-3.856153659264237
539,-3.082402371079297,-3.0704172593450494,-3.11251565683051
540,0.021740311975008808,0.03416759204264963,0.02808397107583005
541,8.07634655527363,8.064971487347066,8.083394829282042
542,-1.3811262688759598,-1.3905613663664553,-1.3659490589943744
543,2.2218156836679555,2.203652172418515,2.201324469571773
544,-0.06464333044823434,-0.03386558748570678,-0.05566998832546233
545,4.836690820613512,4.831172085256185,4.831732159047533
546,-0.1286752880896529,-0.13482085699070012,-0.1385175850282394
547,-2.4694816977662413,-2.4636788756197348,-2.4410553036759666
548,2.040444450751238,2.0253855154915072,2.0253873886376823
549,0.257444436332662,0.269741723936022,0.24942148202717362
550,-3.201309038870022,-3.2078907787399658,-3.1917430406901985
551,-2.628858607586153,-2.6076517138462805,-2.616490943250028
552,2.7364514334003616,2.709111037200273,2.7276792685897817
553,2.771900310428464,2.802966899402236,2.775697787887111
554,-0.9445912125465838,-0.9784571524760395,-0.9706180825542106
555,-0.8594942405816255,-0.8442666357659618,-0.8327088498481316
556,-0.21498903638712363,-0.2027300993559038,-0.22217285139049636
557,-2.475701726256375,-2.4698471439187415,-2.4750078680754086
558,-0.9704237199875934,-0.9828676800771063,-0.9749983361689374
559,0.5823672313417774,0.576280969862637,0.5851130688952253
560,0.388056488645816,0.40658671021446935,0.3898852672737121
561,-1.6826667760524288,-1.695202982667979,-1.6998986941162002
562,-1.0152833404390549,-1.0185028889281966,-1.0045764880997012
563,-3.941275836843488,-3.9480004993347393,-3.9163080154721683
564,-2.6071668362728815,-2.595098089601379,-2.6100515778416593
565,2.693955440985519,2.663299283149172,2.666106960574325
566,4.459460999043586,4.491025512463239,4.474280394921152
567,2.8470998245502415,2.8136088664232375,2.8419400031016266
568,1.614066397998613,1.657337478343834,1.6124103462789208
569,-4.309979949975968,-4.335169019372188,-4.314851151275434
570,1.1223830230719614,1.119460062293001,1.1152935771988268
571,-1.5544044580528862,-1.5608037913407316,-1.5338495651722042
572,-2.3578029287891695,-2.345782917967881,-2.375132098046379
573,-1.235196759171231,-1.2260746716765425,-1.2036895934543281
574,1.8846880138717097,1.8725640866650792,1.8748868667444185
575,-2.0364840869806358,-2.042971189644959,-2.042958801928762
576,-0.477223436389977,-0.47729443153366446,-0.4763572769588791
577,4.113984669518686,4.117682903677633,4.111606379692603
578,0.2376605570279935,0.23769503838593664,0.2511826529735117
579,2.890611845126841,2.915651645103935,2.8701620583779004
580,0.4091873381330515,0.37231972540030256,0.41729841615051555
581,1.678069323683303,1.690617477906926,1.667454461883608
582,7.047185134308165,7.069546359964079,7.055825401514085
583,-1.2601319466321002,-1.2755531923139642,-1.241533591211919
584,3.4136279441736406,3.420182390435002,3.389880466471368
585,-0.3834519240881491,-0.40176778362911136,-0.38526101910247235
586,-0.4688632284014602,-0.4689331856152421,-0.46801658183539985
587,-0.7037072868188261,-0.6702862373076641,-0.6886578331541386
588,-2.0072181153518613,-2.0135586372252874,-2.0135993673793564
589,-0.7056182470550993,-0.7057044735465752,-0.6905219238888094
590,-2.63442682267123,-2.6592626964629744,-2.6560440581142757
591,1.9283103269099229,1.953059852388833,1.9373950871922716
592,0.9413779043516115,0.9414930083494255,0.9396678689390683
593,-0.6845505765122653,-0.7060366423702362,-0.690846314178998
594,-1.9492557232824765,-1.9525995969506766,-1.9646099928468175
595,0.27869783975074824,0.303239612157995,0.30462897811048606
596,-1.0508820869526971,-1.0786033134154422,-1.0527483241785376
597,0.12873878917343973,0.13488905395752226,0.11086781795711431
598,0.5576766478025093,0.573075577382042,0.5818544696812751
599,1.2857603828560968,1.2798061830362712,1.2733565734379226
600,-3.002683221189727,-3.000019104068997,-3.0199366323613503
601,-0.7090903527769115,-0.7091839616405196,-0.6939336600335082
602,2.8976506392918964,2.901095004628587,2.911290925419962
603,2.354856371646747,2.3551588841983175,2.3505672921910445
604,-1.1553274712568964,-1.1768860955889977,-1.1607662359620008
605,0.19264729550559423,0.2018502950504626,0.19355463139800122
606,-1.0921590498091973,-1.0770060276372533,-1.1065314139086695
607,0.3427665579092718,0.3366890035504184,0.35975702951873245
608,-1.2001973193218873,-1.2126113046106184,-1.1904598518358398
609,-1.1586989537718182,-1.146595748319669,-1.1641444853739813
610,0.9227765497016662,0.9443508290332829,0.9147990159362962
611,-0.9657171199596633,-0.9780941436420107,-0.9702682859733613
612,2.616006295040279,2.5949093705494306,2.6313982360497903
613,0.08565493913010869,0.10096420827358088,0.0553235042043525
614,1.0058963490882888,1.009081821244763,1.0229331423779513
615,0.17111567461506638,0.1344673414459976,0.1657824937483383
616,-0.7060409583100409,-0.6725175948686228,-0.7185893847436091
617,-0.4067346754563914,-0.40372775840296526,-0.3871467334447516
618,-0.23555360559475957,-0.2692424207689328,-0.24895921346978866
619,0.1499041686874989,0.1682850078868796,0.16597969553185976
620,-0.5354752470648236,-0.5386117412908789,-0.5533728213813447
621,-0.5571985914157267,-0.5389020002439793,-0.5536792124166823
622,0.6000471645638754,0.6062443350274407,0.6090302765551314
623,-0.3428400042139401,-0.37043897441617446,-0.332152350263641
624,-0.428715361007562,-0.4042718109158159,-0.44304148700393853
625,0.8786687662814074,0.8757157851650845,0.885886775171457
626,3.7844412877657305,3.763571766581663,3.783855480611237
627,-0.042682146064180415,-0.033540726830324274,-0.0275675750181108
628,-2.1364333974888723,-2.115336976141407,-2.1526157063453866
629,-1.369716640043407,-1.412714664822488,-1.3823230754405813
630,-1.350149685933502,-1.3135959045448544,-1.3288302713899611
631,-0.15012921864581585,-0.16853459212325106,-0.13852142255927902
632,-4.126642002853259,-4.121070553395839,-4.164590393625986
633,-1.5518916790642834,-1.5582658979692496,-1.5313725480191351
634,0.5822416467253788,0.5761637820160104,0.5849826761259465
635,0.9911871353833703,1.0159505090032326,0.974211313881824
636,0.6243743003706186,0.6090752396194148,0.6396796257668029
637,-1.076750900825573,-1.0830570340494887,-1.0849156081894762
638,-0.4525813376676524,-0.4403272040926822,-0.4454343058059749
639,-0.8194777366588823,-0.8134214988422173,-0.8357244824383088
640,0.3666914763762179,0.33900603755500924,0.390091676488737
641,0.8407256603913993,0.8470126372467348,0.8075632914060407
642,0.5385551772233157,0.5417118225632294,0.5565604707480816
643,-5.485264044937139,-5.464401738327069,-5.467695715014997
644,0.6710755861276994,0.6804341432180081,0.6711221973891952
645,3.5858591552569123,3.564703066904258,3.5717313412806106
646,-5.405301694952868,-5.4029388786548225,-5.390396942375446
647,-0.47706820811617945,-0.47713176557772385,-0.5042158150463365
648,0.7588652077592997,0.7496763112631015,0.7842258972395939
649,-0.6070460891005496,-0.5792459742515348,-0.6161257091316656
650,-9.259628019344746,-9.279458460536262,-9.259455712075578
651,-0.7882981926995853,-0.7915340686868149,-0.7920120347262127
652,-7.519989702510429,-7.533643123417278,-7.527054696272899
653,-1.5682812866998574,-1.5622019805869058,-1.5693439084661804
654,0.26523440245728125,0.277903221991437,0.256970321343033
655,-5.962623923054707,-5.957064175294363,-5.955807319935047
656,4.193064302720813,4.184106522574439,4.212825237125799
657,-0.8416390308539121,-0.8354219366428879,-0.8583200343837234
658,3.671433327404884,3.649829381474774,3.657042446087871
659,0.7282598223155219,0.7283700441657857,0.7412053478055896
660,2.7097600930501358,2.700739150686786,2.7035888801747205
661,1.0554786915618024,1.0713484462030465,1.0510020993315266
662,2.9625749967526644,2.966133098294449,2.9765723384443845
663,-0.021912765281740576,0.0,-0.028306560046985396
664,-0.8769045832123084,-0.8958104237426596,-0.8779010234902671
665,2.890871683242949,2.822527001198978,2.9139280820672866
666,-7.771718590269302,-7.69460173767402,-7.770443499250177
667,-0.3967904116943828,-0.415742799779764,-0.3986559651857533
668,-0.044097543774114456,-0.034653036474992405,-0.056963827984873205
669,-0.5072615703757037,-0.5199396987118234,-0.5128205240598618
670,2.4237094601394347,2.424075709994213,2.4193445418295596
671,5.55233888857947,5.587570154260902,5.5847853841369215
672,2.0769347547538928,2.0615730226236337,2.0615943703014636
673,3.4447458137474314,3.426538440344302,3.4359455888934463
674,-4.602924761649774,-4.594241289652928,-4.593304118103333
675,-0.10933143836518866,-0.10309809793216118,-0.11298477542004548
676,-0.6562397698035056,-0.6532015702814533,-0.6499103070018464
677,-1.0946908591813553,-1.1010943236215098,-1.1029880779406085
678,0.7445201473819907,0.7571325687767967,0.735460544579837
679,1.8370297778674285,1.8216506438093347,1.8645126594783505
680,2.0299257207789196,2.023979696441529,2.001889775179734
681,1.2638920836961915,1.2671885525323887,1.2667315801008954
682,1.327544564332129,1.3339491999086022,1.3213198250814457
683,-1.9592909282928304,-1.9502187346133724,-1.9404103446304362
684,-0.21793614557282126,-0.20550760450532835,-0.22521888555638725
685,1.8291891342178133,1.8138576817236753,1.8284369149751
686,1.2393326584933675,1.2301805816041451,1.235816357710064
687,2.7774781878433714,2.7964414772450255,2.7750154456371092
688,0.13000520039167895,0.1362119459972746,0.13994821938831592
689,-0.7586020412563812,-0.7834721842336876,-0.7559531669066928
690,-0.9327852992573753,-0.9205121424602112,-0.9527546536992304
691,-0.6947309282713832,-0.6824075602598896,-0.6730796451211063
692,-0.4779076425838866,-0.5121114466401195,-0.4770389999684994
693,-1.1957692938121909,-1.161757801684871,-1.179543484979149
694,3.084343981679922,3.0723039118201996,3.0583208697808004
695,0.9537848637737625,0.9539059763283149,0.9520610038125596
696,2.575006562021372,2.5845958955123933,2.5716296492464608
697,2.115626193883145,2.103549666217077,2.1194129353516473
698,4.861897538572521,4.834929033871958,4.863214575947495
699,0.7293946348163445,0.7417647597267205,0.7482230053519743
700,-0.7508554741507396,-0.8092252110618574,-0.7759457227348321
701,1.5011475873361633,1.5841187019868812,1.5236093089661153
702,0.6212444368156866,0.6060198151935765,0.608794329342345
703,-0.21452322296136117,-0.23602002908228314,-0.2216926240853354
704,2.614044470252338,2.660426900469247,2.601789505000852
705,0.6203673201216588,0.6387950525713677,0.6355786051608447
706,0.0641539695479878,0.06721785308582184,0.0828717835865973
707,2.5627897163612943,2.4838895692300866,2.5380724284732423
708,-1.9001062517145328,-1.8791321257212985,-1.9029501460881875
709,-1.4970062675929512,-1.4453055303165456,-1.4917954034626746
710,0.5990714571871649,0.6052658310454717,0.6080371642765385
711,-1.1556736294587608,-1.1772423619586334,-1.1611192280961404
712,-0.7069030444872624,-0.7070112237943249,-0.6917830290967686
713,1.926741620658504,1.8842535857529583,1.9081600347381027
714,0.44903938402057975,0.5041084948225034,0.4419523315864353
715,-1.7759523663007712,-1.782321861359378,-1.768982467441674
716,2.224790204454621,2.219010425378656,2.238342903452576
717,-0.8551028782203502,-0.8399550277972594,-0.8560580433040741
718,-1.284026884173727,-1.2780843930031551,-1.2992938646239054
719,-1.457226385075046,-1.4819308225523855,-1.4671892122169083
720,-3.501727586499328,-3.4776771776450914,-3.4967011262324377
721,-0.5596934748082276,-0.5751501469549112,-0.556158074456107
722,-0.19381305714705377,-0.23692271353320393,-0.19472842400864465
723,-0.38773884120928415,-0.40628386257776583,-0.38957064243186323
724,1.2488428296637721,1.3198194778669858,1.2516516480027349
725,1.0753382974853594,1.0816293094412686,1.083498973883252
726,-0.7526153738253925,-0.7773027985622321,-0.7499896186327533
727,-0.15059107023444085,-0.13524479328043526,-0.13894871425327437
728,3.7579901423287083,3.779957251275846,3.744855206572538
729,-0.4073276149392768,-0.43801277675993333,-0.41540315472957445
730,-1.416218076759833,-1.416430831712205,-1.4136628689993813
731,-0.30066791455465136,-0.30378208932052075,-0.3051698571343877
732,0.2147720203265635,0.2362829330340901,0.221950949751772
733,0.06442261235861224,0.06749915628643066,0.08321890738261573
734,0.2147120719364466,0.2024701363461645,0.1941505227368907
735,1.0728693845176167,1.0791489260955132,1.0810062725486205
736,2.0566881727554573,2.053907353465547,2.0479334107258182
737,1.0267600208971999,1.0421745408802963,1.022396087897505
738,-1.390657149055187,-1.3785917013301514,-1.38186463135753
739,-0.5353835079858982,-0.572169041070083,-0.5256096501216234
740,-0.08568796731924522,-0.06733553298727202,-0.08301625739841256
741,-0.7929619686619844,-0.8083802521778125,-0.8028459935958381
742,-1.136961004587647,-1.1125909342099476,-1.1361590736269136
743,0.2146199089656875,0.2023813546220481,0.2217909629289352
744,1.0080970342733053,1.0112928554444807,0.9974510413576354
745,2.398185381327494,2.389326572918435,2.3787801995204063
746,0.1710790817232919,0.16804745699664636,0.1933728372441692
747,0.5130617069225991,0.5375621685707301,0.5246807162129699
748,-1.1119665845108102,-1.142665222634605,-1.1325498772839637
749,-0.04279264822980622,-0.0336275746121828,-0.055279159769270336
750,-0.877653083702171,-0.8747140915693308,-0.8572179655820946
751,1.6476407163900149,1.6478623560415144,1.6308482641616138
752,4.011442241768236,3.990682537545581,4.0242612192723755
753,1.0854413597244275,1.1038451723761682,1.0997169337479136
754,-2.129427350082551,-2.1419017559564963,-2.1455693987591076
755,-7.617780188989855,-7.600507414075764,-7.601446317994487
756,-0.49416138597189274,-0.5065086468002846,-0.5273310234460951
757,-2.3883049016621953,-2.4009615375380235,-2.362523160658384
758,-2.6531794379443454,-2.644338253090609,-2.6749904493026406
759,-0.25922405744313437,-0.2376546888554003,-0.2511476063482405
760,1.2307162377801433,1.2216228741071973,1.2272335794041282
761,-0.02157846469344804,-0.03391382497466111,0.0
762,0.3451995719278784,0.33908650421471975,0.33443884261396306
763,0.38820713494715164,0.4067520902135584,0.3900373370906891
764,1.1637179943973024,1.18541613515481,1.1692000663806539
765,-0.7110000622706139,-0.7449546599418682,-0.7236293107307574
766,0.15086044360032247,0.16935661462775897,0.16703786230391415
767,0.7539610236217413,0.7448285545942781,0.7235084910462319
768,0.8179431339831353,0.8119080283631774,0.8341675492029026
769,-0.7748768118417502,-0.7780653629124572,-0.7785347258250113
770,1.979048551798769,1.9946927519122255,2.000723150509657
771,1.5246360469718638,1.5187056799331913,1.5256379431084497
772,2.0792033641282615,2.088668054837399,2.049010823491699
773,0.10705835761291382,0.10095401553007832,0.13829537147466908
774,0.599315086430579,0.605510160796257,0.5806317989899981
775,0.7272572030251467,0.7395704105547338,0.7460315613425337
776,3.2235023162866128,3.1873338956283987,3.198855552927853
777,-2.4113108509463927,-2.4147310254411423,-2.3981818398951873
778,-1.0260357447514252,-1.007861403595598,-1.0216620844203135
779,1.8589153136726964,1.8469706545020017,1.8492711691505974
780,0.1067292812786036,0.10064581070400891,0.11029614526160003
781,-1.0037052512088849,-0.9733340814418625,-0.9931035298977804
782,-0.5129191623636871,-0.5038206505087146,-0.5245358668125846
783,0.0855047990098683,0.06719075457840518,0.08283974655751081
784,-0.49175246599952516,-0.5040407371634501,-0.4971414469782758
785,-4.522615388659688,-4.5140720074559795,-4.513180310274038
786,2.8531301867860748,2.8657661931756593,2.8542549132343993
787,2.9731688265310368,2.9582836648132798,2.956497463201231
788,3.1985697689688095,3.2172687692800537,3.2228325442411005
789,-0.7454183739355358,-0.769861630298692,-0.7428092284826562
790,2.192073237447403,2.2075802523249877,2.1993136012788455
791,-1.7021642868112394,-1.705429362171344,-1.7315545711917366
792,-1.3638206132927735,-1.3731435417794273,-1.3488406146607304
793,-0.746626881253178,-0.7375867836999532,-0.7715837137748167
794,-0.3415008997581026,-0.3354466503569711,-0.3308610689418856
795,-0.14944332389859483,-0.16776553128693195,-0.13789109383105824
796,-0.2135292116072378,-0.20135579637099,-0.22066530679330754
797,-1.4318230405169743,-1.4442375761736912,-1.4355126140053471
798,0.21383513392720488,0.23525062701992283,0.2209822670720314
799,-0.7058295393944718,-0.7059179747575399,-0.6907317886907549
800,-0.1711852442495001,-0.16814918234922516,-0.19349042973590258
801,-0.6636197488460311,-0.6728796135867015,-0.6360179958610388
802,-0.5997772435821389,-0.6059790112722112,-0.6364227722115174
803,-2.123530146660414,-2.1238230040526105,-2.10584727308742
804,-0.32214073533214105,-0.33752995898976224,-0.33290795402717777
805,0.4724375718669762,0.5062522256666853,0.4993203798712784
806,-0.8376559012940561,-0.843896149595821,-0.8323391985122726
807,-0.6663299439424009,-0.6756300506986008,-0.6941456040822231
808,-0.30106879649247276,-0.3041825118507404,-0.3055767785426724
809,0.5590556405950338,0.574489311713478,0.5555247073589271
810,-0.3439972514152032,-0.37169069004812627,-0.33327779011960956
811,0.3225008896733925,0.3379063355787366,0.33327779011960956
812,1.2460257691873267,1.2492615788651165,1.221069142116903
813,-1.1385485811169929,-1.1479119394134614,-1.1100012239712669
814,-1.3120115446326963,-1.3183471866359469,-1.3336298931499186
815,-0.19372127873430145,-0.20297699663569801,-0.1946363781535183
816,-0.6244684146549844,-0.6091783050178492,-0.6119610761215881
817,-0.06462940424898989,-0.06771626885893056,-0.055657594493823126
818,0.9474795601036021,0.9476107382979535,0.9457580677135411
819,0.08609000715659931,0.1014764829124033,0.08340631390638009
820,-0.4735867828640039,-0.5074854206850432,-0.4727277871206752
821,-0.3014902253889886,-0.270764233699083,-0.3060018105807103
822,0.043075597681308864,0.03384953880231478,0.027822216039567138
823,-0.06461409235453175,-0.06770022343698656,-0.055645206179178786
824,2.4524052304113866,2.4680935527521797,2.473219640309253
825,1.288327928776198,1.2823543079466617,1.2758995434596727
826,-0.6439564907959721,-0.6409715999161563,-0.6377462817872583
827,1.0301314328426088,1.0118727253011457,1.0257406330238155
828,-1.2878301844284579,-1.2818784645623964,-1.3031485353803873
829,-1.9994201894514845,-1.9935469763986475,-1.9996118529925297
830,-0.3877471936903021,-0.3724079602925485,-0.3617492004432279
831,-1.4014512702251523,-1.4231983697336545,-1.4204350032723596
832,1.832272206169364,1.8294547230761964,1.8378263136801252
833,0.8826030904365325,0.8796563141240767,0.8898529549096565
834,0.559296161889506,0.574741804621226,0.5557562596150092
835,-1.4203630769334268,-1.4205508713694144,-1.4177893205178407
836,-4.316491356992628,-4.34178627178153,-4.321347176666677
837,0.0,0.033993371294855024,0.0
838,-0.06488941763927869,-0.0679878981791262,-0.055881531168779475
839,0.9080689026632172,0.917446843943253,0.9216461810592591
840,-0.45393137769315217,-0.4756081078921852,-0.47468134416340035
841,-1.6012120699033403,-1.5983407867879578,-1.5932249397574196
842,-1.755622233647955,-1.771358958874771,-1.7638910961140937
843,-0.2386557185654965,-0.2386919691489311,-0.25223861907034006
844,-0.6077444187758374,-0.5799178043780557,-0.5888043236936937
845,-2.761201462995814,-2.7677658577013062,-2.752346847888475
846,1.1314926028207992,1.1285331977633177,1.1243220117958117
847,0.04349338901374722,0.03417810209248273,0.028091860387576162
848,1.3039228186680702,1.297903044416671,1.3194280650295696
849,1.2805349610334815,1.2962206754200452,1.2896715929073252
850,0.043379243041272275,0.034088391201294144,0.028017875405566883
851,2.1016376670322643,2.111214050770286,2.099106551702789
852,2.2484065249791456,2.242534322969732,2.262096894233764
853,3.212490500331114,3.2190868656816747,3.2028546687415655
854,3.0734536041309184,3.0738594352878863,3.054030915056501
855,2.5932568460921175,2.593598301138627,2.6024377921548876
856,3.0347739732696937,3.022976909105637,3.0368307806893426
857,1.3434699793324398,1.3406175550753687,1.3498066867668967
858,-1.1941063746980944,-1.1729420403389668,-1.1844263115272042
859,3.620568763131814,3.6149456958919473,3.604004066050038
860,0.4888364726830332,0.46764873751999403,0.49419323961046757
861,-0.807771657127887,-0.8018174958506279,-0.796320492412633
862,-1.9583641151839402,-1.9403840018057963,-1.979817513627495
863,-1.3005982452323224,-1.3068612063525507,-1.2944985626472771
864,-2.5421117478563247,-2.551621327342218,-2.538772818987127
865,0.1497790761422948,0.16814352771143604,0.16584206345760322
866,1.9237352033960633,1.914840595160058,1.9327945934637683
867,1.4297148340956483,1.442106395646988,1.4333758449520246
868,-1.1948452390188322,-1.2072031243769743,-1.212722710781236
869,0.10674067363470385,0.1006559412999195,0.11030831184325507
870,-0.6619759154400526,-0.6376588070324942,-0.6620324637697195
871,-0.5769169292816514,-0.6044731193524058,-0.5796381564177864
872,0.14960301798600995,0.167945854649588,0.13803956235824444
873,0.25641025781442295,0.23507682082890824,0.27602197309897747
874,0.7047893932613079,0.7384533096064843,0.7173007728870289
875,-1.0253124896935333,-1.0407050876347057,-1.0485362843610346
876,0.06411283861780248,0.06717495719931321,0.08281916440137138
877,0.4700352612981078,0.47009839353449934,0.4691790832202969
878,-0.5127766969908407,-0.5036853080746369,-0.5243910973676975
879,-1.9680834658720414,-1.9836273251621606,-1.9620040836198314
880,1.5191880616512208,1.5132920346259198,1.5201981948921457
881,-0.9625978047370154,-0.9749702397803048,-0.9671314256356709
882,-0.6636623700833297,-0.6392894011587487,-0.6637168385259429
883,-1.4144273928122857,-1.4146179523067985,-1.4118626471517928
884,0.3859513749175676,0.4043807974230731,0.3877686731502763
885,0.15005198257676966,0.13475726867363846,0.1384523795259156
886,-2.339081957910821,-2.360877993711256,-2.328547928007538
887,0.0,0.033766102213121485,0.0
888,0.25778178914333694,0.23633079669161816,0.24974678580656473
889,0.19329274246047135,0.2025248099816963,0.1942043868566543
890,-1.2033178640522237,-1.2157645616243826,-1.1935659890586976
891,0.08599931205935718,0.10137018711429846,0.08331828980226419
892,-0.40856261790395365,-0.4055424185353331,-0.4166608857394749
893,-0.45176349873872823,-0.4733407803832961,-0.4446297141475952
894,-0.8610669150439207,-0.8458090667481883,-0.8620330609028315
895,0.15074024254499818,0.13537753430500743,0.13908786202591727
896,-0.4522889126310474,-0.440044011500504,-0.4451492714615597
897,0.5599466043404391,0.5754032212098537,0.5564056340499519
898,-0.7969415100596962,-0.8124302264677681,-0.8068892078135832
899,-1.2721139287095866,-1.2876992629899178,-1.2533598643840378
900,1.0350628430915094,1.05061606261188,1.0306551142857643
901,-0.12932428081512626,-0.13550135522018536,-0.13921565920281864
902,-1.186252552053702,-1.186420708310834,-1.1701773317890911
903,0.4962404494654038,-0.5088972307075892,-0.5019240526999056
904,0.1725476667197654,0.169661187017482,0.16733601110172458
905,-1.1005018103714974,0.0,-0.0278873907191155
906,1.53174076655705,0.6444501198184298,0.5297274815438868
907,-0.9705492992052314,-0.7123111404744122,-1.0039321515832853
908,-1.295532753052612,-1.290235137565105,-1.284270655049113
909,0.06481651527246868,0.06794863086179248,0.05587216450476262
910,-1.0375687239247782,-0.3737746182596311,-0.36322488210498705
911,-0.2162957203508995,-0.4419138339944766,-0.3913128596213937
912,-0.10816540664563945,-0.10200785469533002,-0.11183180508123769
913,0.6920565167329187,0.27199782569550734,0.2236511052105925
914,-0.47573740193365666,-0.5440696543355443,-0.4753184023738868
915,-1.2769597112164774,-1.0890281501033314,-1.1192882496015955
916,0.1515889776055701,0.034050087682771846,0.13997956321327365
917,-0.3898466652499337,-0.4086775931282318,-0.39199216517772584
918,3.762166599597549,3.8757102978415787,3.7735366436609183
919,0.32366300490866706,0.33925906147123897,0.30684687187203963
920,0.15100689267273992,-0.33925906147123897,-0.055783337531465804
921,-0.7552625975349656,-0.7467753232303949,-0.753379780881005
922,1.3590622406609327,1.5268991650518728,1.338949682589373
923,-1.035308420237925,-1.0516139850024047,-1.0319486614935158
924,1.5741073427434458,1.695605398110274,1.7286089006192924
925,1.3349699461232376,1.1175266575592104,1.2527666899204633
926,0.6238102098450327,0.6428583733759297,0.41724037823223625
927,-2.670056064003802,-1.6926205801391916,-1.5585864552249404
928,-0.6686294424471271,-0.3388681835222087,-0.4178913264786388
929,0.23730678485117096,0.2711037327262602,0.2507557512817584
930,2.7357440725681954,2.470432228186837,2.6708228651896206
931,-0.2366583847287984,-0.23662638494533894,-0.2500868370098033
932,0.4732607755177014,0.10141816408031445,0.0
933,0.9888220926059148,0.9798456682456163,0.97220879589986
934,-1.4405661550154036,-1.0812638323259307,-1.0833785800678015
935,-0.839495060763511,-0.8455516036574409,-0.889803467767706
936,1.2482246703093551,0.777933779572777,0.8064180184810539
937,-0.12905446116201347,0.0,0.16676394602109212
938,-0.6455222498971125,-0.6425974686335394,-0.6394128739830194
939,-1.27074398689183,-0.8461525948659983,-0.973804731740529
940,-2.5895569067324686,-2.88228612079547,-2.955035464156026
941,-2.9212896079370694,-2.924674759451591,-2.935792185629907
942,-1.8871408917166264,-1.8408050195503165,-1.877829557259247
943,-1.7167013136349851,-1.878383776625924,-1.684636517014951
944,-2.1118872220449703,-2.1216899342325632,-2.166116607562799
945,-5.485573184441819,-5.53066455032058,-5.535017378628254
946,1.0732552420540742,1.1017008619637636,1.0755123871549586
947,1.1158395661714167,1.1348592101294344,1.1308700422068796
948,1.7914887252263725,1.8542687821045547,1.7785310637773364
949,1.2870155018608784,1.3370590126378374,1.3529513310204493
950,2.482093198794246,2.429552754612814,2.4756665994882496
951,3.5816268466660404,3.582215590548003,3.56206639697848
952,-0.39010013064398663,-0.4087471955535875,-0.4200562937185168
953,-0.7372712624710402,-0.8179959556327958,-0.8126095018087653
954,-0.3688395698209206,-0.3751385498835589,-0.2523234800391947
955,-0.7163712846104318,-0.7165646153098351,-0.7012327959382674
956,1.237046438476682,1.1257996924668987,1.1217365656430047
957,-0.3687835607724992,-0.1363930850820907,-0.16818028966554266
958,0.5422817177877732,0.1363930850820907,0.2802847711591312
959,4.133355087811651,4.151077753873324,4.1390556056703645
960,-0.1943823506935587,0.13580959515456925,0.055816030378991854
961,-0.2376297523642279,-0.10185546718093974,0.027906846944460995
962,0.9717649093836371,0.9163259367487626,0.8926081485278701
963,-2.506916942244061,-2.5134175312996376,-2.5124939935994917
964,1.5351520328604238,2.0383903779584216,2.484612045764152
965,7.876428771649444,7.472435912695801,7.306298388853975
966,0.6428663488022721,0.6061626722057554,0.4981044461947022
967,3.4643548612893937,3.4615483809102443,3.424660881364616
968,3.8139927978663763,3.8173097519629664,3.9074373482308147
969,-1.0638977959479234,-1.2038927314333705,-1.1816272104842938
970,0.40441450909384,0.4014586384255381,0.41235413556933054
971,0.8296019450281165,0.6687397848436376,0.6319462781229959
972,-2.0859503955780383,-1.974070068088622,-2.007121829696189
973,0.9157997381516907,0.8034817974948965,0.6878241642425564
974,-0.23419453156384407,-0.2342821772199386,-0.24756220126801054
975,-0.6389912675622327,-0.7366729505392868,-0.8807178419228876
976,0.7241592614809633,0.7701451936864032,0.5780585651700676
977,-0.38331310761168425,-0.40174088253843365,-0.38533524642843986
978,-1.129498132804656,-0.9380235193657427,-0.93643281052573
979,-0.341231422195051,-0.33522175232610607,-0.19290389312482148
980,0.6823464452227199,0.5027904977960134,0.38577058151167876
981,2.767254522508665,2.978035026220823,2.7237103295537963
982,2.5476098104827543,2.502712576868362,2.4696790995240008
983,2.900608620400817,2.8620892806884513,2.9555862899051135
984,4.408871279047162,4.1785561893429986,4.144970620467575
985,4.536202834877258,4.556568670890556,4.561382837469864
986,-1.5307676746979269,-1.978566185445743,-1.9794737811025698
987,-1.8484293617821095,-1.486497920101101,-1.3308890400676319
988,-1.0938618617728935,-1.1576946633285843,-1.2238072807376739
989,-1.221489948224189,-1.2253077220630075,-1.19806146225892
990,-0.9487366702596773,-0.928258918265783,-0.8449514655658277
991,0.37960268708593503,0.6299839396688185,0.5452116919404943
992,0.46376323610274994,0.4639448651614657,0.46319633540770155
993,1.7056406076535495,1.4567127224199794,1.6330978044370568
994,0.8201979450132058,0.793677081248461,0.7068483017301332
995,0.3152817068148579,0.06611133150545356,0.08152727771448554
996,-1.240681903253062,-1.2568632996753877,-1.278024945882862
997,-0.33672159755769826,-0.2979096693725296,-0.326566159761569
998,0.2946375978881406,0.2979096693725296,0.2993563860090944
999,-0.48409333422750933,-0.33101622281901655,-0.1360599754480063
