,emojitracker-twitter-cat_face_with_wry_smile,emojitracker-twitter-cat_face,emojitracker-twitter-smiling_cat_face_with_heart-shaped_eyes,emojitracker-twitter-crying_cat_face,emojitracker-twitter-kissing_cat_face_with_closed_eyes,emojitracker-twitter-cat_face_with_tears_of_joy,emojitracker-twitter-smiling_cat_face_with_open_mouth,emojitracker-twitter-pouting_cat_face,emojitracker-twitter-grinning_cat_face_with_smiling_eyes
0,9.0,3.0,17.0,5.0,6.0,16.0,0.0,4.0,2.0
1,11.0,5.0,6.0,9.0,8.0,8.0,3.0,6.0,4.0
2,9.0,2.0,7.0,11.0,6.0,21.0,1.0,6.0,4.0
3,6.0,2.0,6.0,7.0,9.0,14.0,3.0,1.0,2.0
4,9.0,1.0,7.0,11.0,7.0,16.0,1.0,7.0,5.0
5,9.0,1.0,10.0,10.0,1.0,15.0,3.0,6.0,8.0
6,18.0,3.0,17.0,8.0,10.0,12.0,0.0,4.0,7.0
7,14.0,4.0,11.0,7.0,4.0,11.0,2.0,4.0,2.0
8,8.0,2.0,15.0,7.0,13.0,10.0,1.0,6.0,3.0
9,13.0,11.0,12.0,6.0,7.0,11.0,4.0,8.0,4.0
10,9.0,8.0,10.0,11.0,6.0,17.0,5.0,3.0,6.0
11,15.0,7.0,15.0,11.0,17.0,19.0,4.0,10.0,8.0
12,11.0,10.0,5.0,4.0,9.0,12.0,5.0,5.0,8.0
13,10.0,4.0,13.0,8.0,11.0,11.0,2.0,6.0,0.0
14,8.0,10.0,11.0,7.0,8.0,12.0,3.0,7.0,6.0
15,19.0,5.0,15.0,4.0,3.0,10.0,1.0,3.0,11.0
16,10.0,6.0,11.0,10.0,3.0,18.0,4.0,6.0,9.0
17,9.0,9.0,7.0,9.0,6.0,11.0,6.0,10.0,2.0
18,7.0,5.0,13.0,12.0,6.0,16.0,0.0,6.0,6.0
19,11.0,2.0,13.0,11.0,8.0,12.0,2.0,12.0,6.0
20,16.0,6.0,10.0,6.0,6.0,8.0,2.0,5.0,11.0
21,8.0,5.0,11.0,5.0,12.0,12.0,4.0,9.0,10.0
22,11.0,3.0,13.0,9.0,1.0,14.0,0.0,5.0,9.0
23,12.0,7.0,15.0,9.0,4.0,12.0,4.0,4.0,5.0
24,8.0,4.0,13.0,7.0,6.0,17.0,1.0,3.0,4.0
25,3.0,3.0,11.0,10.0,2.0,8.0,1.0,4.0,5.0
26,19.0,3.0,11.0,7.0,2.0,15.0,4.0,12.0,7.0
27,16.0,6.0,14.0,5.0,8.0,17.0,0.0,6.0,0.0
28,15.0,5.0,14.0,7.0,5.0,18.0,2.0,3.0,1.0
29,14.0,4.0,10.0,9.0,3.0,15.0,6.0,6.0,2.0
30,17.0,7.0,9.0,3.0,2.0,13.0,1.0,4.0,5.0
31,9.0,4.0,13.0,9.0,1.0,17.0,3.0,3.0,5.0
32,15.0,6.0,20.0,9.0,6.0,11.0,1.0,4.0,7.0
33,13.0,4.0,12.0,6.0,6.0,16.0,4.0,14.0,6.0
34,9.0,3.0,7.0,10.0,5.0,14.0,2.0,7.0,4.0
35,9.0,6.0,14.0,8.0,6.0,16.0,1.0,2.0,3.0
36,12.0,4.0,12.0,10.0,6.0,16.0,5.0,5.0,8.0
37,20.0,2.0,16.0,15.0,2.0,16.0,3.0,3.0,7.0
38,17.0,6.0,14.0,5.0,4.0,10.0,5.0,8.0,1.0
39,16.0,5.0,8.0,11.0,3.0,15.0,2.0,12.0,5.0
40,11.0,4.0,18.0,10.0,3.0,17.0,2.0,10.0,4.0
41,17.0,10.0,7.0,8.0,8.0,15.0,3.0,8.0,5.0
42,12.0,1.0,8.0,7.0,9.0,14.0,2.0,7.0,3.0
43,11.0,5.0,12.0,9.0,10.0,8.0,2.0,9.0,3.0
44,10.0,5.0,16.0,9.0,7.0,18.0,0.0,9.0,1.0
45,11.0,3.0,16.0,13.0,10.0,10.0,4.0,14.0,6.0
46,7.0,6.0,10.0,7.0,9.0,16.0,6.0,5.0,4.0
47,19.0,3.0,12.0,5.0,5.0,16.0,2.0,8.0,2.0
48,13.0,3.0,11.0,15.0,9.0,14.0,6.0,13.0,6.0
49,13.0,5.0,18.0,9.0,6.0,9.0,4.0,5.0,2.0
50,9.0,3.0,7.0,7.0,7.0,11.0,1.0,9.0,6.0
51,4.0,6.0,9.0,17.0,8.0,16.0,1.0,6.0,2.0
52,10.0,4.0,9.0,6.0,3.0,10.0,1.0,6.0,2.0
53,19.0,4.0,11.0,9.0,7.0,13.0,3.0,10.0,2.0
54,13.0,0.0,12.0,5.0,3.0,9.0,4.0,5.0,3.0
55,13.0,5.0,18.0,15.0,4.0,14.0,3.0,6.0,5.0
56,7.0,3.0,9.0,11.0,8.0,10.0,3.0,9.0,9.0
57,13.0,3.0,9.0,8.0,8.0,12.0,3.0,3.0,5.0
58,13.0,6.0,10.0,10.0,6.0,18.0,2.0,8.0,4.0
59,10.0,9.0,13.0,9.0,6.0,13.0,3.0,8.0,3.0
60,15.0,3.0,15.0,11.0,4.0,14.0,5.0,6.0,4.0
61,10.0,3.0,23.0,8.0,8.0,15.0,1.0,6.0,5.0
62,10.0,4.0,12.0,5.0,3.0,12.0,3.0,11.0,3.0
63,15.0,4.0,12.0,14.0,8.0,22.0,1.0,4.0,3.0
64,18.0,1.0,16.0,11.0,8.0,22.0,5.0,6.0,6.0
65,4.0,2.0,20.0,8.0,10.0,8.0,4.0,3.0,8.0
66,10.0,6.0,14.0,11.0,7.0,5.0,3.0,5.0,5.0
67,15.0,3.0,21.0,10.0,11.0,11.0,3.0,7.0,4.0
68,13.0,5.0,10.0,6.0,10.0,15.0,3.0,10.0,3.0
69,12.0,7.0,11.0,8.0,0.0,18.0,0.0,7.0,11.0
70,18.0,2.0,11.0,8.0,9.0,21.0,1.0,8.0,4.0
71,11.0,11.0,7.0,10.0,11.0,15.0,3.0,5.0,9.0
72,9.0,3.0,15.0,14.0,5.0,10.0,5.0,7.0,5.0
73,18.0,3.0,9.0,11.0,5.0,14.0,2.0,8.0,6.0
74,20.0,3.0,9.0,7.0,2.0,12.0,5.0,6.0,1.0
75,9.0,4.0,21.0,13.0,4.0,17.0,5.0,6.0,6.0
76,12.0,5.0,13.0,8.0,5.0,22.0,2.0,6.0,4.0
77,22.0,3.0,8.0,6.0,8.0,12.0,6.0,8.0,7.0
78,15.0,6.0,17.0,16.0,6.0,16.0,3.0,3.0,7.0
79,9.0,8.0,8.0,7.0,5.0,16.0,6.0,10.0,4.0
80,9.0,2.0,14.0,14.0,5.0,13.0,3.0,4.0,2.0
81,13.0,7.0,8.0,12.0,4.0,9.0,2.0,4.0,7.0
82,10.0,3.0,15.0,18.0,9.0,16.0,4.0,10.0,4.0
83,9.0,3.0,16.0,11.0,6.0,8.0,1.0,9.0,4.0
84,14.0,2.0,16.0,11.0,10.0,14.0,1.0,9.0,2.0
85,13.0,5.0,17.0,12.0,11.0,16.0,5.0,7.0,7.0
86,11.0,3.0,16.0,9.0,4.0,13.0,2.0,4.0,4.0
87,11.0,4.0,16.0,6.0,8.0,11.0,3.0,9.0,4.0
88,11.0,8.0,16.0,6.0,11.0,8.0,2.0,10.0,7.0
89,13.0,4.0,7.0,6.0,6.0,12.0,7.0,10.0,10.0
90,17.0,5.0,15.0,14.0,3.0,16.0,5.0,6.0,7.0
91,13.0,9.0,13.0,9.0,6.0,12.0,7.0,5.0,4.0
92,8.0,4.0,17.0,9.0,6.0,17.0,2.0,8.0,7.0
93,11.0,7.0,9.0,6.0,7.0,14.0,5.0,8.0,2.0
94,16.0,7.0,15.0,10.0,2.0,18.0,4.0,9.0,5.0
95,16.0,6.0,12.0,16.0,4.0,16.0,1.0,2.0,2.0
96,10.0,7.0,14.0,8.0,10.0,7.0,3.0,3.0,5.0
97,11.0,3.0,8.0,8.0,8.0,12.0,2.0,1.0,2.0
98,11.0,2.0,18.0,9.0,9.0,15.0,1.0,5.0,10.0
99,12.0,11.0,9.0,9.0,8.0,10.0,5.0,5.0,4.0
100,17.0,4.0,9.0,10.0,6.0,14.0,3.0,9.0,6.0
101,13.0,4.0,17.0,11.0,5.0,7.0,3.0,12.0,5.0
102,8.0,6.0,17.0,7.0,11.0,20.0,4.0,5.0,3.0
103,14.0,4.0,19.0,11.0,5.0,11.0,4.0,8.0,7.0
104,15.0,3.0,10.0,12.0,7.0,11.0,2.0,7.0,3.0
105,11.0,9.0,15.0,8.0,7.0,14.0,1.0,12.0,5.0
106,21.0,4.0,9.0,16.0,5.0,14.0,4.0,5.0,9.0
107,15.0,5.0,11.0,14.0,4.0,16.0,6.0,8.0,11.0
108,11.0,7.0,18.0,11.0,7.0,18.0,1.0,5.0,3.0
109,14.0,5.0,20.0,9.0,6.0,15.0,4.0,11.0,7.0
110,8.0,8.0,10.0,14.0,9.0,9.0,1.0,7.0,7.0
111,20.0,7.0,18.0,7.0,4.0,10.0,7.0,7.0,9.0
112,12.0,8.0,11.0,6.0,8.0,17.0,6.0,7.0,2.0
113,6.0,5.0,17.0,9.0,9.0,14.0,2.0,12.0,3.0
114,17.0,5.0,11.0,13.0,7.0,16.0,1.0,6.0,11.0
115,18.0,8.0,13.0,12.0,9.0,14.0,3.0,7.0,5.0
116,14.0,2.0,18.0,9.0,12.0,17.0,2.0,8.0,3.0
117,18.0,6.0,14.0,14.0,7.0,16.0,2.0,6.0,11.0
118,15.0,7.0,16.0,9.0,12.0,23.0,3.0,6.0,2.0
119,9.0,9.0,11.0,9.0,10.0,15.0,4.0,8.0,4.0
120,14.0,8.0,17.0,10.0,9.0,12.0,7.0,5.0,4.0
121,19.0,6.0,11.0,9.0,15.0,16.0,4.0,9.0,5.0
122,13.0,6.0,6.0,4.0,7.0,8.0,1.0,9.0,10.0
123,9.0,4.0,16.0,14.0,9.0,12.0,6.0,13.0,7.0
124,8.0,9.0,16.0,6.0,11.0,14.0,0.0,6.0,8.0
125,17.0,5.0,17.0,17.0,5.0,11.0,2.0,11.0,3.0
126,12.0,9.0,14.0,13.0,4.0,7.0,5.0,11.0,6.0
127,21.0,6.0,12.0,8.0,6.0,14.0,5.0,5.0,8.0
128,13.0,4.0,13.0,12.0,5.0,7.0,8.0,9.0,3.0
129,15.0,7.0,14.0,14.0,8.0,18.0,4.0,4.0,4.0
130,7.0,9.0,17.0,9.0,10.0,9.0,3.0,7.0,8.0
131,12.0,5.0,11.0,11.0,3.0,22.0,6.0,3.0,2.0
132,8.0,2.0,18.0,18.0,6.0,15.0,0.0,4.0,5.0
133,17.0,4.0,15.0,10.0,5.0,20.0,3.0,10.0,7.0
134,18.0,1.0,13.0,14.0,3.0,11.0,3.0,5.0,6.0
135,12.0,5.0,10.0,7.0,8.0,16.0,1.0,6.0,3.0
136,12.0,5.0,13.0,10.0,6.0,6.0,3.0,8.0,5.0
137,11.0,6.0,21.0,16.0,6.0,15.0,3.0,3.0,6.0
138,14.0,7.0,14.0,10.0,3.0,11.0,3.0,12.0,6.0
139,5.0,4.0,17.0,6.0,9.0,12.0,4.0,8.0,4.0
140,15.0,2.0,11.0,13.0,8.0,11.0,1.0,8.0,3.0
141,15.0,10.0,11.0,11.0,9.0,13.0,2.0,6.0,5.0
142,8.0,12.0,13.0,12.0,8.0,14.0,3.0,10.0,5.0
143,13.0,5.0,16.0,12.0,10.0,16.0,1.0,10.0,4.0
144,11.0,5.0,15.0,15.0,4.0,19.0,3.0,9.0,6.0
145,15.0,7.0,21.0,11.0,6.0,14.0,2.0,14.0,6.0
146,10.0,8.0,5.0,9.0,7.0,15.0,4.0,11.0,3.0
147,19.0,2.0,10.0,8.0,6.0,11.0,2.0,3.0,0.0
148,12.0,5.0,8.0,8.0,6.0,17.0,5.0,6.0,7.0
149,8.0,6.0,13.0,9.0,8.0,12.0,3.0,6.0,5.0
150,13.0,6.0,20.0,13.0,5.0,18.0,3.0,5.0,4.0
151,18.0,4.0,17.0,10.0,9.0,16.0,2.0,9.0,7.0
152,11.0,5.0,23.0,10.0,7.0,11.0,4.0,7.0,7.0
153,12.0,3.0,14.0,8.0,7.0,13.0,2.0,7.0,6.0
154,18.0,6.0,11.0,10.0,8.0,17.0,4.0,12.0,9.0
155,13.0,4.0,12.0,14.0,7.0,11.0,1.0,10.0,9.0
156,14.0,3.0,14.0,13.0,1.0,14.0,5.0,13.0,12.0
157,15.0,8.0,15.0,8.0,6.0,14.0,3.0,5.0,8.0
158,13.0,5.0,14.0,11.0,10.0,11.0,5.0,9.0,5.0
159,15.0,7.0,14.0,9.0,5.0,13.0,4.0,3.0,8.0
160,19.0,3.0,14.0,19.0,5.0,13.0,1.0,7.0,7.0
161,14.0,6.0,16.0,10.0,7.0,13.0,2.0,12.0,6.0
162,17.0,6.0,23.0,10.0,6.0,11.0,3.0,7.0,6.0
163,16.0,10.0,17.0,10.0,9.0,14.0,3.0,11.0,2.0
164,18.0,4.0,24.0,10.0,9.0,14.0,1.0,3.0,8.0
165,19.0,4.0,12.0,14.0,9.0,9.0,2.0,11.0,7.0
166,16.0,9.0,15.0,16.0,12.0,11.0,4.0,5.0,7.0
167,16.0,5.0,18.0,7.0,3.0,14.0,7.0,8.0,3.0
168,14.0,8.0,10.0,20.0,4.0,16.0,3.0,7.0,8.0
169,11.0,7.0,13.0,17.0,5.0,11.0,1.0,6.0,9.0
170,11.0,8.0,13.0,11.0,6.0,12.0,1.0,10.0,7.0
171,16.0,4.0,20.0,20.0,4.0,15.0,8.0,10.0,6.0
172,10.0,5.0,16.0,11.0,6.0,17.0,3.0,9.0,3.0
173,23.0,9.0,17.0,14.0,9.0,17.0,2.0,9.0,5.0
174,11.0,5.0,17.0,13.0,7.0,9.0,5.0,5.0,5.0
175,22.0,7.0,19.0,9.0,7.0,17.0,5.0,9.0,9.0
176,10.0,19.0,33.0,17.0,17.0,14.0,3.0,9.0,8.0
177,11.0,19.0,22.0,11.0,15.0,18.0,7.0,13.0,5.0
178,14.0,18.0,27.0,12.0,9.0,15.0,11.0,7.0,9.0
179,19.0,14.0,25.0,15.0,9.0,9.0,2.0,10.0,7.0
180,5.0,16.0,26.0,16.0,10.0,18.0,2.0,10.0,7.0
181,12.0,15.0,17.0,18.0,9.0,15.0,5.0,13.0,6.0
182,11.0,4.0,25.0,12.0,15.0,15.0,5.0,7.0,14.0
183,16.0,7.0,24.0,9.0,18.0,18.0,3.0,9.0,3.0
184,13.0,15.0,21.0,16.0,9.0,11.0,4.0,4.0,6.0
185,14.0,10.0,18.0,12.0,13.0,14.0,6.0,3.0,8.0
186,16.0,10.0,13.0,12.0,14.0,16.0,2.0,12.0,13.0
187,15.0,10.0,13.0,19.0,30.0,13.0,7.0,9.0,3.0
188,15.0,12.0,33.0,12.0,11.0,17.0,5.0,6.0,12.0
189,17.0,9.0,19.0,13.0,8.0,15.0,9.0,7.0,7.0
190,14.0,13.0,25.0,20.0,9.0,21.0,8.0,5.0,7.0
191,18.0,5.0,21.0,12.0,8.0,18.0,3.0,12.0,5.0
192,16.0,5.0,20.0,12.0,8.0,10.0,2.0,7.0,7.0
193,15.0,10.0,11.0,20.0,9.0,16.0,3.0,15.0,8.0
194,14.0,6.0,22.0,8.0,8.0,16.0,4.0,16.0,8.0
195,22.0,5.0,10.0,18.0,11.0,14.0,2.0,8.0,6.0
196,17.0,10.0,22.0,11.0,11.0,11.0,5.0,13.0,5.0
197,15.0,10.0,29.0,18.0,7.0,14.0,6.0,13.0,6.0
198,14.0,9.0,16.0,9.0,8.0,14.0,3.0,8.0,4.0
199,17.0,14.0,18.0,14.0,14.0,17.0,2.0,10.0,8.0
200,12.0,7.0,15.0,14.0,8.0,15.0,3.0,8.0,5.0
201,15.0,8.0,32.0,9.0,4.0,16.0,4.0,7.0,9.0
202,24.0,8.0,23.0,14.0,9.0,12.0,6.0,10.0,4.0
203,16.0,9.0,18.0,14.0,12.0,18.0,5.0,6.0,10.0
204,19.0,7.0,20.0,12.0,9.0,13.0,4.0,13.0,5.0
205,5.0,9.0,29.0,16.0,7.0,20.0,5.0,9.0,10.0
206,12.0,3.0,15.0,17.0,6.0,17.0,3.0,11.0,9.0
207,19.0,8.0,21.0,18.0,10.0,10.0,6.0,12.0,9.0
208,15.0,5.0,17.0,13.0,5.0,19.0,5.0,3.0,2.0
209,20.0,2.0,24.0,10.0,14.0,17.0,3.0,16.0,8.0
210,18.0,4.0,33.0,8.0,12.0,15.0,2.0,9.0,8.0
211,25.0,9.0,25.0,19.0,8.0,21.0,4.0,8.0,4.0
212,14.0,7.0,22.0,12.0,10.0,17.0,6.0,11.0,7.0
213,15.0,7.0,19.0,20.0,10.0,21.0,8.0,7.0,7.0
214,21.0,2.0,14.0,15.0,10.0,17.0,4.0,10.0,7.0
215,19.0,6.0,20.0,12.0,13.0,26.0,4.0,7.0,9.0
216,19.0,8.0,23.0,14.0,5.0,17.0,4.0,8.0,9.0
217,11.0,8.0,16.0,6.0,11.0,15.0,3.0,15.0,5.0
218,13.0,8.0,19.0,17.0,9.0,15.0,5.0,6.0,8.0
219,23.0,3.0,23.0,7.0,7.0,11.0,5.0,6.0,5.0
220,15.0,4.0,21.0,16.0,12.0,19.0,7.0,7.0,8.0
221,20.0,9.0,22.0,15.0,12.0,15.0,2.0,11.0,5.0
222,15.0,6.0,16.0,15.0,4.0,22.0,8.0,14.0,11.0
223,13.0,9.0,19.0,9.0,12.0,14.0,5.0,9.0,11.0
224,12.0,8.0,17.0,11.0,9.0,15.0,6.0,12.0,7.0
225,19.0,1.0,22.0,13.0,10.0,18.0,5.0,9.0,6.0
226,14.0,5.0,10.0,12.0,13.0,19.0,2.0,8.0,7.0
227,14.0,2.0,23.0,17.0,17.0,16.0,13.0,12.0,2.0
228,14.0,6.0,21.0,11.0,9.0,14.0,7.0,11.0,5.0
229,18.0,7.0,19.0,11.0,10.0,14.0,3.0,11.0,5.0
230,23.0,5.0,20.0,11.0,3.0,13.0,3.0,9.0,6.0
231,19.0,4.0,16.0,21.0,8.0,11.0,4.0,10.0,2.0
232,23.0,6.0,23.0,11.0,7.0,20.0,7.0,14.0,10.0
233,25.0,9.0,22.0,11.0,10.0,15.0,4.0,8.0,4.0
234,23.0,10.0,15.0,18.0,14.0,13.0,3.0,7.0,0.0
235,11.0,8.0,19.0,13.0,6.0,18.0,5.0,9.0,4.0
236,19.0,7.0,18.0,10.0,5.0,9.0,8.0,17.0,8.0
237,23.0,5.0,16.0,19.0,8.0,18.0,3.0,8.0,6.0
238,18.0,6.0,10.0,17.0,10.0,16.0,4.0,8.0,7.0
239,11.0,7.0,22.0,17.0,10.0,18.0,2.0,7.0,6.0
240,21.0,7.0,16.0,21.0,6.0,14.0,4.0,9.0,7.0
241,24.0,8.0,14.0,14.0,7.0,21.0,3.0,3.0,6.0
242,18.0,4.0,23.0,21.0,8.0,11.0,1.0,4.0,1.0
243,27.0,5.0,25.0,12.0,11.0,18.0,3.0,9.0,5.0
244,25.0,6.0,12.0,18.0,8.0,21.0,5.0,6.0,5.0
245,17.0,15.0,16.0,14.0,5.0,18.0,2.0,12.0,2.0
246,17.0,5.0,22.0,11.0,8.0,11.0,3.0,4.0,6.0
247,13.0,6.0,26.0,26.0,9.0,8.0,5.0,16.0,8.0
248,15.0,8.0,22.0,13.0,8.0,17.0,5.0,4.0,10.0
249,11.0,4.0,23.0,15.0,10.0,16.0,3.0,12.0,3.0
250,19.0,12.0,19.0,16.0,11.0,20.0,2.0,3.0,5.0
251,13.0,11.0,16.0,20.0,13.0,14.0,3.0,15.0,8.0
252,18.0,11.0,20.0,8.0,8.0,12.0,6.0,9.0,12.0
253,17.0,6.0,16.0,23.0,7.0,15.0,6.0,6.0,9.0
254,13.0,5.0,26.0,12.0,14.0,16.0,2.0,11.0,10.0
255,16.0,9.0,21.0,17.0,11.0,18.0,3.0,9.0,3.0
256,12.0,4.0,22.0,15.0,15.0,20.0,4.0,14.0,4.0
257,15.0,5.0,19.0,10.0,10.0,23.0,7.0,13.0,6.0
258,16.0,6.0,20.0,17.0,8.0,23.0,7.0,12.0,7.0
259,21.0,5.0,20.0,24.0,8.0,10.0,2.0,14.0,8.0
260,18.0,5.0,27.0,20.0,6.0,17.0,5.0,10.0,6.0
261,23.0,2.0,18.0,15.0,8.0,16.0,3.0,10.0,2.0
262,15.0,9.0,25.0,17.0,12.0,19.0,6.0,11.0,11.0
263,12.0,8.0,24.0,15.0,10.0,10.0,1.0,8.0,8.0
264,17.0,7.0,24.0,14.0,8.0,23.0,6.0,8.0,7.0
265,24.0,6.0,19.0,16.0,7.0,25.0,5.0,9.0,9.0
266,21.0,7.0,21.0,15.0,11.0,15.0,4.0,14.0,3.0
267,23.0,4.0,24.0,13.0,8.0,20.0,6.0,10.0,7.0
268,14.0,12.0,22.0,12.0,4.0,15.0,5.0,9.0,6.0
269,11.0,9.0,25.0,12.0,9.0,18.0,7.0,16.0,9.0
270,18.0,8.0,17.0,18.0,7.0,17.0,5.0,7.0,2.0
271,18.0,3.0,15.0,14.0,10.0,22.0,2.0,10.0,6.0
272,18.0,9.0,15.0,15.0,9.0,22.0,6.0,7.0,7.0
273,17.0,9.0,17.0,15.0,14.0,20.0,2.0,6.0,5.0
274,19.0,6.0,33.0,17.0,11.0,22.0,3.0,9.0,7.0
275,19.0,7.0,22.0,14.0,14.0,17.0,3.0,9.0,9.0
276,21.0,7.0,37.0,15.0,12.0,11.0,7.0,11.0,6.0
277,15.0,9.0,20.0,11.0,18.0,21.0,9.0,12.0,5.0
278,15.0,7.0,25.0,12.0,12.0,14.0,3.0,7.0,8.0
279,21.0,8.0,25.0,11.0,11.0,19.0,5.0,6.0,3.0
280,14.0,8.0,22.0,17.0,7.0,15.0,4.0,8.0,4.0
281,14.0,6.0,28.0,19.0,12.0,22.0,4.0,8.0,8.0
282,17.0,7.0,24.0,17.0,11.0,22.0,5.0,12.0,9.0
283,17.0,9.0,28.0,16.0,16.0,19.0,7.0,9.0,7.0
284,22.0,6.0,18.0,25.0,10.0,21.0,2.0,13.0,6.0
285,17.0,7.0,19.0,22.0,12.0,19.0,1.0,10.0,11.0
286,23.0,6.0,26.0,11.0,10.0,21.0,1.0,11.0,7.0
287,11.0,8.0,21.0,18.0,11.0,13.0,5.0,5.0,9.0
288,18.0,8.0,24.0,18.0,15.0,21.0,6.0,10.0,6.0
289,25.0,9.0,24.0,8.0,12.0,18.0,5.0,13.0,3.0
290,14.0,6.0,21.0,18.0,11.0,17.0,5.0,14.0,7.0
291,17.0,7.0,35.0,15.0,8.0,16.0,4.0,12.0,6.0
292,20.0,4.0,21.0,14.0,14.0,23.0,3.0,8.0,6.0
293,14.0,5.0,25.0,29.0,10.0,14.0,2.0,11.0,9.0
294,17.0,9.0,23.0,16.0,15.0,20.0,6.0,17.0,2.0
295,21.0,8.0,21.0,17.0,14.0,21.0,6.0,13.0,10.0
296,11.0,7.0,28.0,18.0,8.0,16.0,8.0,5.0,7.0
297,25.0,5.0,25.0,20.0,8.0,19.0,6.0,7.0,6.0
298,25.0,9.0,27.0,7.0,18.0,18.0,5.0,15.0,11.0
299,17.0,4.0,23.0,20.0,14.0,15.0,7.0,13.0,8.0
300,24.0,4.0,14.0,18.0,8.0,24.0,4.0,11.0,5.0
301,19.0,5.0,23.0,16.0,13.0,14.0,4.0,9.0,8.0
302,19.0,7.0,17.0,16.0,12.0,27.0,4.0,10.0,8.0
303,23.0,9.0,17.0,16.0,9.0,16.0,3.0,8.0,13.0
304,19.0,3.0,22.0,15.0,11.0,15.0,6.0,10.0,4.0
305,16.0,7.0,26.0,16.0,8.0,22.0,3.0,17.0,9.0
306,18.0,4.0,24.0,12.0,10.0,18.0,7.0,13.0,6.0
307,10.0,8.0,20.0,22.0,15.0,24.0,4.0,12.0,7.0
308,21.0,5.0,20.0,16.0,9.0,13.0,7.0,6.0,9.0
309,20.0,8.0,17.0,13.0,6.0,18.0,9.0,9.0,10.0
310,19.0,7.0,20.0,17.0,5.0,20.0,6.0,9.0,6.0
311,24.0,5.0,28.0,17.0,7.0,20.0,4.0,11.0,5.0
312,15.0,14.0,15.0,20.0,8.0,14.0,3.0,12.0,5.0
313,21.0,8.0,19.0,10.0,7.0,20.0,2.0,13.0,8.0
314,15.0,5.0,18.0,14.0,10.0,26.0,6.0,12.0,10.0
315,25.0,9.0,20.0,13.0,5.0,20.0,4.0,14.0,12.0
316,18.0,9.0,23.0,14.0,6.0,18.0,3.0,13.0,6.0
317,15.0,11.0,19.0,19.0,9.0,13.0,6.0,14.0,6.0
318,20.0,6.0,18.0,22.0,9.0,19.0,3.0,13.0,11.0
319,14.0,11.0,20.0,10.0,13.0,26.0,4.0,14.0,8.0
320,28.0,11.0,23.0,19.0,13.0,19.0,3.0,13.0,6.0
321,19.0,4.0,28.0,17.0,9.0,22.0,5.0,12.0,10.0
322,25.0,9.0,17.0,23.0,6.0,28.0,3.0,11.0,7.0
323,24.0,8.0,20.0,13.0,16.0,15.0,6.0,9.0,9.0
324,23.0,7.0,21.0,14.0,14.0,17.0,4.0,20.0,3.0
325,17.0,7.0,17.0,17.0,7.0,22.0,6.0,10.0,13.0
326,23.0,4.0,30.0,18.0,17.0,13.0,6.0,14.0,7.0
327,26.0,10.0,19.0,12.0,11.0,25.0,4.0,12.0,5.0
328,22.0,7.0,23.0,16.0,12.0,21.0,4.0,9.0,3.0
329,33.0,7.0,13.0,14.0,9.0,18.0,3.0,7.0,6.0
330,22.0,7.0,28.0,22.0,10.0,18.0,6.0,12.0,4.0
331,13.0,10.0,24.0,17.0,12.0,16.0,3.0,6.0,5.0
332,11.0,10.0,27.0,24.0,5.0,14.0,5.0,9.0,3.0
333,22.0,12.0,15.0,13.0,8.0,14.0,3.0,9.0,4.0
334,22.0,13.0,18.0,13.0,11.0,16.0,9.0,15.0,3.0
335,20.0,9.0,28.0,20.0,11.0,17.0,3.0,16.0,5.0
336,15.0,6.0,21.0,13.0,12.0,17.0,1.0,12.0,4.0
337,17.0,12.0,17.0,15.0,6.0,25.0,4.0,17.0,8.0
338,16.0,7.0,24.0,17.0,11.0,17.0,4.0,8.0,4.0
339,13.0,8.0,21.0,12.0,15.0,26.0,2.0,18.0,8.0
340,17.0,8.0,22.0,12.0,7.0,19.0,1.0,14.0,11.0
341,24.0,7.0,23.0,14.0,13.0,18.0,5.0,14.0,7.0
342,34.0,10.0,25.0,22.0,10.0,18.0,1.0,12.0,13.0
343,11.0,12.0,20.0,14.0,19.0,25.0,3.0,15.0,5.0
344,22.0,12.0,20.0,29.0,12.0,15.0,5.0,11.0,8.0
345,21.0,9.0,27.0,21.0,9.0,17.0,4.0,7.0,4.0
346,17.0,8.0,22.0,22.0,15.0,23.0,6.0,12.0,8.0
347,24.0,8.0,23.0,17.0,12.0,18.0,6.0,10.0,6.0
348,21.0,5.0,20.0,14.0,12.0,22.0,4.0,19.0,9.0
349,9.0,8.0,28.0,21.0,9.0,21.0,1.0,8.0,9.0
350,17.0,11.0,21.0,19.0,8.0,18.0,5.0,20.0,7.0
351,16.0,6.0,18.0,18.0,13.0,19.0,4.0,13.0,10.0
352,18.0,7.0,23.0,14.0,17.0,16.0,3.0,10.0,15.0
353,19.0,8.0,10.0,17.0,11.0,12.0,2.0,9.0,10.0
354,19.0,13.0,35.0,23.0,8.0,15.0,6.0,13.0,6.0
355,16.0,31.0,43.0,19.0,15.0,19.0,6.0,10.0,8.0
356,12.0,25.0,26.0,15.0,24.0,24.0,8.0,15.0,8.0
357,21.0,23.0,30.0,16.0,19.0,23.0,4.0,10.0,8.0
358,15.0,14.0,22.0,16.0,19.0,23.0,7.0,18.0,11.0
359,28.0,14.0,35.0,21.0,11.0,22.0,3.0,15.0,7.0
360,23.0,15.0,25.0,14.0,10.0,21.0,4.0,13.0,14.0
361,24.0,14.0,30.0,19.0,10.0,14.0,6.0,8.0,6.0
362,20.0,17.0,28.0,14.0,9.0,24.0,5.0,19.0,7.0
363,18.0,9.0,23.0,14.0,10.0,19.0,4.0,18.0,4.0
364,13.0,9.0,24.0,16.0,12.0,21.0,6.0,7.0,7.0
365,18.0,17.0,25.0,9.0,15.0,22.0,3.0,14.0,5.0
366,17.0,15.0,29.0,16.0,15.0,21.0,4.0,14.0,9.0
367,19.0,14.0,28.0,18.0,9.0,21.0,4.0,12.0,8.0
368,12.0,13.0,24.0,14.0,15.0,17.0,6.0,9.0,6.0
369,17.0,7.0,32.0,13.0,10.0,29.0,5.0,13.0,4.0
370,12.0,11.0,28.0,16.0,8.0,17.0,4.0,13.0,5.0
371,17.0,16.0,22.0,12.0,9.0,21.0,2.0,17.0,10.0
372,25.0,8.0,34.0,19.0,14.0,13.0,3.0,10.0,3.0
373,19.0,14.0,35.0,17.0,10.0,16.0,7.0,10.0,4.0
374,26.0,11.0,17.0,20.0,11.0,20.0,2.0,11.0,10.0
375,22.0,7.0,21.0,16.0,10.0,18.0,7.0,14.0,7.0
376,22.0,7.0,25.0,17.0,9.0,14.0,4.0,10.0,6.0
377,26.0,10.0,13.0,18.0,8.0,14.0,3.0,13.0,5.0
378,24.0,10.0,24.0,10.0,13.0,20.0,6.0,8.0,4.0
379,18.0,7.0,20.0,10.0,11.0,14.0,3.0,8.0,4.0
380,23.0,8.0,14.0,17.0,13.0,23.0,7.0,9.0,6.0
381,21.0,6.0,20.0,14.0,8.0,18.0,8.0,7.0,6.0
382,12.0,9.0,17.0,20.0,12.0,18.0,9.0,15.0,2.0
383,11.0,11.0,31.0,23.0,10.0,22.0,7.0,14.0,10.0
384,23.0,6.0,20.0,9.0,7.0,22.0,7.0,4.0,9.0
385,19.0,7.0,26.0,14.0,8.0,10.0,2.0,4.0,7.0
386,15.0,7.0,15.0,19.0,11.0,21.0,1.0,13.0,4.0
387,16.0,4.0,27.0,22.0,7.0,19.0,1.0,15.0,6.0
388,23.0,8.0,22.0,22.0,12.0,20.0,7.0,10.0,8.0
389,23.0,5.0,33.0,9.0,7.0,22.0,1.0,13.0,4.0
390,17.0,10.0,27.0,16.0,7.0,17.0,3.0,13.0,8.0
391,24.0,13.0,24.0,8.0,17.0,19.0,4.0,5.0,6.0
392,21.0,7.0,16.0,19.0,3.0,16.0,2.0,12.0,5.0
393,23.0,7.0,41.0,15.0,6.0,14.0,4.0,15.0,8.0
394,29.0,11.0,52.0,11.0,9.0,24.0,4.0,10.0,4.0
395,23.0,6.0,33.0,15.0,14.0,24.0,6.0,12.0,6.0
396,11.0,6.0,27.0,22.0,10.0,22.0,3.0,14.0,1.0
397,20.0,8.0,31.0,18.0,10.0,15.0,5.0,13.0,5.0
398,14.0,7.0,27.0,12.0,11.0,18.0,6.0,6.0,10.0
399,20.0,6.0,28.0,13.0,11.0,18.0,2.0,9.0,5.0
400,19.0,6.0,33.0,9.0,10.0,18.0,4.0,20.0,3.0
401,19.0,6.0,31.0,16.0,10.0,16.0,8.0,9.0,4.0
402,21.0,8.0,32.0,19.0,14.0,19.0,5.0,7.0,3.0
403,26.0,8.0,22.0,16.0,13.0,21.0,4.0,9.0,5.0
404,19.0,5.0,21.0,24.0,11.0,18.0,4.0,11.0,5.0
405,14.0,12.0,28.0,5.0,8.0,26.0,1.0,6.0,5.0
406,16.0,7.0,23.0,12.0,4.0,13.0,2.0,5.0,8.0
407,17.0,10.0,22.0,8.0,8.0,16.0,2.0,8.0,3.0
408,14.0,15.0,16.0,10.0,10.0,15.0,4.0,12.0,7.0
409,16.0,11.0,23.0,13.0,7.0,13.0,2.0,12.0,8.0
410,15.0,19.0,15.0,9.0,5.0,12.0,4.0,8.0,3.0
411,16.0,18.0,22.0,5.0,7.0,22.0,2.0,4.0,4.0
412,16.0,11.0,15.0,13.0,6.0,16.0,1.0,11.0,4.0
413,13.0,22.0,17.0,8.0,10.0,15.0,3.0,6.0,7.0
414,15.0,26.0,24.0,12.0,8.0,15.0,4.0,14.0,5.0
415,16.0,21.0,20.0,10.0,7.0,14.0,3.0,10.0,6.0
416,21.0,35.0,27.0,21.0,11.0,24.0,10.0,8.0,7.0
417,29.0,23.0,25.0,6.0,7.0,28.0,1.0,12.0,5.0
418,27.0,22.0,23.0,19.0,12.0,26.0,4.0,13.0,6.0
419,18.0,8.0,29.0,17.0,10.0,21.0,3.0,15.0,5.0
420,25.0,23.0,38.0,13.0,10.0,28.0,4.0,12.0,5.0
421,27.0,24.0,37.0,17.0,16.0,17.0,4.0,9.0,3.0
422,27.0,20.0,26.0,26.0,13.0,23.0,5.0,12.0,8.0
423,15.0,8.0,40.0,21.0,11.0,24.0,2.0,11.0,8.0
424,25.0,21.0,36.0,31.0,11.0,28.0,5.0,14.0,14.0
425,21.0,16.0,34.0,17.0,18.0,27.0,4.0,17.0,8.0
426,26.0,14.0,18.0,19.0,8.0,23.0,2.0,13.0,6.0
427,30.0,11.0,28.0,22.0,5.0,21.0,1.0,12.0,6.0
428,19.0,10.0,25.0,11.0,3.0,22.0,4.0,10.0,9.0
429,19.0,12.0,16.0,17.0,8.0,22.0,6.0,16.0,5.0
430,22.0,10.0,29.0,19.0,15.0,11.0,4.0,8.0,6.0
431,32.0,9.0,21.0,10.0,11.0,16.0,1.0,14.0,9.0
432,24.0,13.0,23.0,11.0,5.0,22.0,4.0,7.0,10.0
433,24.0,13.0,24.0,10.0,10.0,12.0,4.0,8.0,4.0
434,21.0,3.0,24.0,19.0,11.0,18.0,4.0,13.0,7.0
435,12.0,6.0,17.0,10.0,1.0,20.0,2.0,7.0,5.0
436,27.0,10.0,21.0,15.0,3.0,24.0,1.0,5.0,4.0
437,16.0,12.0,18.0,14.0,10.0,17.0,9.0,8.0,10.0
438,26.0,9.0,17.0,12.0,15.0,24.0,6.0,17.0,10.0
439,15.0,6.0,24.0,20.0,12.0,15.0,5.0,16.0,8.0
440,15.0,6.0,17.0,10.0,11.0,21.0,4.0,6.0,4.0
441,14.0,12.0,22.0,9.0,2.0,19.0,3.0,10.0,7.0
442,9.0,6.0,12.0,17.0,16.0,21.0,3.0,8.0,8.0
443,20.0,10.0,14.0,18.0,8.0,27.0,5.0,6.0,4.0
444,14.0,13.0,15.0,19.0,12.0,26.0,1.0,7.0,9.0
445,14.0,9.0,20.0,13.0,6.0,19.0,5.0,9.0,8.0
446,16.0,10.0,28.0,13.0,7.0,15.0,3.0,9.0,11.0
447,21.0,9.0,27.0,14.0,9.0,31.0,7.0,10.0,15.0
448,20.0,17.0,19.0,11.0,7.0,22.0,6.0,8.0,8.0
449,23.0,16.0,24.0,14.0,3.0,24.0,0.0,8.0,5.0
450,22.0,12.0,20.0,19.0,16.0,23.0,3.0,9.0,3.0
451,14.0,9.0,25.0,14.0,6.0,14.0,2.0,12.0,4.0
452,13.0,10.0,19.0,13.0,5.0,19.0,5.0,13.0,9.0
453,14.0,13.0,14.0,13.0,10.0,24.0,3.0,7.0,5.0
454,26.0,11.0,21.0,17.0,5.0,23.0,4.0,7.0,4.0
455,15.0,12.0,13.0,12.0,8.0,14.0,2.0,8.0,7.0
456,23.0,8.0,15.0,17.0,13.0,25.0,4.0,11.0,4.0
457,19.0,8.0,18.0,17.0,14.0,25.0,3.0,6.0,6.0
458,15.0,11.0,23.0,11.0,13.0,18.0,7.0,14.0,6.0
459,14.0,11.0,25.0,14.0,6.0,12.0,2.0,12.0,5.0
460,20.0,7.0,33.0,12.0,8.0,25.0,2.0,9.0,10.0
461,22.0,7.0,12.0,20.0,9.0,20.0,4.0,10.0,12.0
462,19.0,6.0,21.0,14.0,7.0,29.0,3.0,11.0,6.0
463,13.0,2.0,25.0,15.0,8.0,27.0,6.0,6.0,6.0
464,17.0,6.0,17.0,20.0,5.0,32.0,3.0,11.0,9.0
465,18.0,10.0,21.0,13.0,12.0,28.0,6.0,18.0,9.0
466,14.0,10.0,12.0,6.0,4.0,21.0,4.0,7.0,6.0
467,14.0,11.0,17.0,12.0,6.0,22.0,3.0,9.0,6.0
468,18.0,8.0,16.0,12.0,3.0,25.0,4.0,8.0,11.0
469,17.0,12.0,20.0,11.0,11.0,16.0,3.0,9.0,4.0
470,21.0,0.0,20.0,13.0,6.0,16.0,2.0,11.0,6.0
471,21.0,6.0,20.0,10.0,8.0,27.0,7.0,11.0,4.0
472,21.0,5.0,19.0,15.0,9.0,25.0,4.0,10.0,6.0
473,26.0,4.0,15.0,13.0,10.0,26.0,4.0,12.0,3.0
474,37.0,8.0,23.0,16.0,7.0,26.0,1.0,10.0,9.0
475,21.0,10.0,26.0,18.0,7.0,24.0,3.0,11.0,12.0
476,20.0,6.0,17.0,18.0,2.0,22.0,2.0,21.0,11.0
477,24.0,9.0,16.0,11.0,6.0,18.0,4.0,9.0,11.0
478,19.0,6.0,26.0,15.0,7.0,24.0,7.0,8.0,4.0
479,14.0,6.0,28.0,9.0,9.0,14.0,2.0,8.0,3.0
480,14.0,7.0,21.0,16.0,14.0,20.0,4.0,12.0,4.0
481,19.0,5.0,18.0,19.0,7.0,24.0,2.0,8.0,6.0
482,21.0,8.0,20.0,16.0,2.0,28.0,2.0,7.0,8.0
483,17.0,6.0,21.0,16.0,13.0,17.0,2.0,16.0,6.0
484,23.0,9.0,24.0,8.0,6.0,17.0,8.0,8.0,8.0
485,13.0,3.0,23.0,9.0,9.0,19.0,2.0,5.0,12.0
486,20.0,9.0,18.0,18.0,9.0,21.0,6.0,10.0,3.0
487,20.0,10.0,28.0,17.0,10.0,26.0,8.0,7.0,2.0
488,18.0,9.0,19.0,10.0,8.0,23.0,4.0,6.0,4.0
489,21.0,8.0,20.0,12.0,8.0,19.0,7.0,9.0,4.0
490,25.0,4.0,25.0,18.0,5.0,21.0,3.0,11.0,6.0
491,24.0,16.0,23.0,23.0,6.0,13.0,6.0,9.0,7.0
492,15.0,7.0,28.0,17.0,12.0,25.0,6.0,9.0,7.0
493,22.0,12.0,17.0,11.0,7.0,29.0,3.0,9.0,5.0
494,20.0,2.0,24.0,12.0,8.0,19.0,5.0,6.0,6.0
495,22.0,5.0,18.0,11.0,8.0,14.0,4.0,10.0,7.0
496,21.0,7.0,23.0,16.0,8.0,22.0,4.0,15.0,6.0
497,23.0,11.0,23.0,14.0,6.0,15.0,4.0,9.0,7.0
498,10.0,7.0,19.0,14.0,13.0,19.0,6.0,11.0,8.0
499,17.0,10.0,30.0,14.0,6.0,26.0,7.0,10.0,8.0
500,20.0,10.0,10.0,14.0,9.0,20.0,2.0,8.0,8.0
501,15.0,11.0,23.0,13.0,4.0,27.0,4.0,17.0,5.0
502,13.0,9.0,25.0,13.0,10.0,24.0,10.0,8.0,3.0
503,17.0,5.0,22.0,8.0,10.0,28.0,3.0,5.0,5.0
504,31.0,7.0,11.0,9.0,7.0,26.0,3.0,11.0,2.0
505,21.0,5.0,23.0,16.0,3.0,22.0,5.0,11.0,4.0
506,22.0,3.0,15.0,19.0,9.0,25.0,3.0,6.0,9.0
507,24.0,5.0,18.0,14.0,6.0,32.0,4.0,5.0,7.0
508,18.0,8.0,18.0,20.0,7.0,14.0,4.0,10.0,4.0
509,16.0,9.0,16.0,12.0,8.0,20.0,6.0,19.0,3.0
510,19.0,6.0,18.0,13.0,8.0,18.0,1.0,7.0,7.0
511,14.0,7.0,22.0,18.0,5.0,12.0,3.0,9.0,4.0
512,23.0,2.0,19.0,15.0,11.0,20.0,4.0,8.0,5.0
513,13.0,4.0,23.0,16.0,7.0,20.0,7.0,3.0,4.0
514,25.0,0.0,21.0,14.0,7.0,16.0,4.0,7.0,3.0
515,20.0,5.0,19.0,14.0,10.0,21.0,3.0,9.0,4.0
516,20.0,4.0,22.0,17.0,8.0,15.0,2.0,6.0,6.0
517,17.0,4.0,21.0,9.0,5.0,24.0,5.0,11.0,3.0
518,22.0,5.0,20.0,12.0,11.0,20.0,3.0,4.0,4.0
519,23.0,5.0,21.0,9.0,12.0,24.0,6.0,8.0,2.0
520,21.0,6.0,21.0,18.0,5.0,22.0,5.0,10.0,4.0
521,22.0,9.0,23.0,14.0,4.0,19.0,2.0,10.0,5.0
522,18.0,2.0,27.0,6.0,3.0,14.0,4.0,6.0,3.0
523,21.0,7.0,18.0,13.0,9.0,16.0,3.0,13.0,6.0
524,20.0,2.0,19.0,15.0,2.0,16.0,2.0,7.0,8.0
525,23.0,6.0,16.0,13.0,8.0,17.0,3.0,7.0,4.0
526,33.0,4.0,21.0,14.0,7.0,18.0,8.0,2.0,6.0
527,19.0,3.0,18.0,14.0,10.0,20.0,3.0,10.0,6.0
528,15.0,6.0,11.0,14.0,8.0,30.0,6.0,4.0,8.0
529,19.0,2.0,23.0,8.0,6.0,25.0,5.0,10.0,10.0
530,17.0,4.0,14.0,19.0,12.0,15.0,6.0,7.0,5.0
531,15.0,2.0,20.0,9.0,9.0,30.0,3.0,14.0,8.0
532,9.0,4.0,25.0,11.0,7.0,25.0,3.0,15.0,5.0
533,17.0,8.0,23.0,16.0,7.0,32.0,3.0,13.0,6.0
534,9.0,2.0,30.0,17.0,12.0,18.0,7.0,13.0,3.0
535,16.0,6.0,30.0,9.0,6.0,27.0,4.0,13.0,5.0
536,14.0,5.0,20.0,13.0,8.0,21.0,3.0,7.0,9.0
537,14.0,11.0,33.0,11.0,7.0,22.0,4.0,3.0,5.0
538,17.0,10.0,17.0,17.0,8.0,18.0,6.0,11.0,7.0
539,15.0,4.0,17.0,15.0,8.0,20.0,2.0,3.0,7.0
540,24.0,9.0,20.0,12.0,14.0,15.0,2.0,10.0,3.0
541,22.0,8.0,21.0,10.0,10.0,20.0,3.0,10.0,7.0
542,13.0,9.0,13.0,14.0,9.0,24.0,2.0,3.0,6.0
543,23.0,4.0,24.0,13.0,3.0,15.0,6.0,6.0,5.0
544,21.0,5.0,18.0,13.0,8.0,13.0,3.0,11.0,5.0
545,21.0,4.0,26.0,19.0,7.0,18.0,6.0,9.0,5.0
546,16.0,3.0,20.0,14.0,7.0,28.0,4.0,7.0,7.0
547,17.0,1.0,22.0,10.0,7.0,25.0,5.0,7.0,4.0
548,23.0,6.0,19.0,13.0,7.0,21.0,3.0,12.0,4.0
549,21.0,6.0,18.0,15.0,10.0,23.0,1.0,11.0,4.0
550,22.0,2.0,18.0,13.0,11.0,21.0,4.0,10.0,10.0
551,19.0,2.0,18.0,15.0,3.0,16.0,2.0,8.0,6.0
552,19.0,2.0,28.0,8.0,10.0,20.0,1.0,8.0,3.0
553,18.0,5.0,16.0,13.0,1.0,24.0,4.0,6.0,8.0
554,16.0,4.0,26.0,16.0,5.0,22.0,3.0,9.0,4.0
555,15.0,1.0,18.0,14.0,6.0,23.0,3.0,11.0,8.0
556,26.0,5.0,22.0,14.0,11.0,24.0,3.0,7.0,8.0
557,23.0,2.0,19.0,10.0,2.0,25.0,7.0,8.0,3.0
558,19.0,1.0,25.0,11.0,5.0,22.0,2.0,9.0,4.0
559,12.0,4.0,14.0,8.0,8.0,18.0,4.0,2.0,6.0
560,14.0,2.0,15.0,8.0,2.0,17.0,4.0,6.0,4.0
561,12.0,6.0,18.0,15.0,7.0,13.0,3.0,5.0,6.0
562,9.0,2.0,28.0,12.0,6.0,28.0,8.0,8.0,4.0
563,15.0,10.0,24.0,14.0,5.0,26.0,2.0,4.0,5.0
564,21.0,8.0,17.0,12.0,6.0,19.0,4.0,6.0,4.0
565,20.0,6.0,21.0,12.0,7.0,19.0,4.0,9.0,3.0
566,22.0,5.0,13.0,18.0,9.0,23.0,2.0,5.0,8.0
567,22.0,3.0,14.0,22.0,7.0,20.0,2.0,4.0,5.0
568,25.0,5.0,22.0,14.0,11.0,19.0,3.0,12.0,5.0
569,22.0,8.0,24.0,14.0,8.0,12.0,3.0,9.0,5.0
570,19.0,4.0,21.0,18.0,8.0,15.0,1.0,8.0,9.0
571,24.0,4.0,16.0,10.0,4.0,18.0,8.0,5.0,1.0
572,18.0,7.0,20.0,12.0,6.0,20.0,7.0,5.0,4.0
573,19.0,5.0,19.0,11.0,13.0,17.0,2.0,5.0,4.0
574,20.0,3.0,21.0,13.0,5.0,20.0,1.0,4.0,4.0
575,26.0,4.0,21.0,10.0,5.0,23.0,4.0,4.0,7.0
576,12.0,1.0,27.0,16.0,7.0,19.0,1.0,6.0,5.0
577,17.0,3.0,24.0,12.0,5.0,16.0,0.0,9.0,1.0
578,22.0,4.0,14.0,6.0,10.0,26.0,4.0,14.0,5.0
579,23.0,6.0,19.0,16.0,10.0,22.0,3.0,6.0,3.0
580,21.0,7.0,20.0,13.0,7.0,18.0,5.0,8.0,5.0
581,13.0,3.0,15.0,16.0,7.0,12.0,1.0,3.0,5.0
582,20.0,7.0,13.0,8.0,9.0,21.0,6.0,7.0,1.0
583,12.0,5.0,22.0,6.0,7.0,19.0,0.0,4.0,5.0
584,21.0,3.0,27.0,13.0,5.0,16.0,3.0,11.0,10.0
585,20.0,4.0,23.0,12.0,12.0,18.0,7.0,6.0,6.0
586,14.0,4.0,15.0,12.0,6.0,25.0,5.0,6.0,2.0
587,17.0,2.0,17.0,13.0,8.0,23.0,1.0,6.0,4.0
588,25.0,2.0,11.0,6.0,6.0,15.0,3.0,11.0,2.0
589,20.0,3.0,26.0,18.0,7.0,20.0,5.0,3.0,6.0
590,20.0,1.0,19.0,14.0,9.0,19.0,7.0,5.0,5.0
591,20.0,5.0,17.0,11.0,3.0,30.0,4.0,3.0,7.0
592,18.0,5.0,23.0,9.0,6.0,24.0,5.0,8.0,0.0
593,23.0,4.0,20.0,11.0,1.0,25.0,3.0,5.0,4.0
594,26.0,4.0,10.0,11.0,6.0,16.0,2.0,4.0,5.0
595,19.0,7.0,16.0,8.0,7.0,24.0,2.0,7.0,7.0
596,25.0,6.0,23.0,10.0,14.0,14.0,2.0,3.0,5.0
597,21.0,5.0,15.0,9.0,11.0,17.0,2.0,9.0,2.0
598,25.0,3.0,23.0,10.0,6.0,20.0,1.0,5.0,4.0
599,13.0,5.0,14.0,10.0,4.0,13.0,0.0,7.0,6.0
600,17.0,4.0,25.0,12.0,6.0,17.0,4.0,7.0,5.0
601,14.0,4.0,26.0,14.0,5.0,18.0,1.0,4.0,5.0
602,18.0,3.0,20.0,9.0,11.0,15.0,1.0,14.0,2.0
603,22.0,7.0,18.0,11.0,8.0,25.0,3.0,8.0,2.0
604,19.0,3.0,24.0,12.0,7.0,16.0,4.0,7.0,6.0
605,30.0,3.0,16.0,15.0,11.0,17.0,5.0,6.0,6.0
606,20.0,3.0,11.0,12.0,3.0,14.0,3.0,9.0,8.0
607,24.0,1.0,18.0,11.0,8.0,16.0,5.0,4.0,4.0
608,26.0,3.0,17.0,20.0,8.0,34.0,3.0,8.0,7.0
609,19.0,3.0,8.0,15.0,3.0,18.0,6.0,6.0,6.0
610,15.0,5.0,19.0,11.0,4.0,16.0,4.0,7.0,6.0
611,25.0,4.0,14.0,10.0,4.0,20.0,4.0,9.0,4.0
612,18.0,2.0,13.0,12.0,5.0,16.0,4.0,7.0,4.0
613,25.0,1.0,15.0,10.0,5.0,18.0,5.0,6.0,2.0
614,21.0,3.0,13.0,7.0,4.0,18.0,3.0,5.0,7.0
615,19.0,9.0,16.0,11.0,11.0,21.0,6.0,4.0,3.0
616,16.0,4.0,15.0,5.0,8.0,22.0,3.0,5.0,3.0
617,18.0,5.0,19.0,15.0,10.0,18.0,4.0,10.0,7.0
618,21.0,1.0,23.0,14.0,6.0,25.0,4.0,7.0,5.0
619,17.0,1.0,29.0,11.0,6.0,25.0,2.0,7.0,3.0
620,26.0,3.0,27.0,11.0,7.0,16.0,5.0,3.0,4.0
621,13.0,2.0,28.0,13.0,7.0,14.0,5.0,4.0,3.0
622,22.0,6.0,15.0,12.0,12.0,23.0,2.0,3.0,5.0
623,17.0,2.0,25.0,7.0,9.0,24.0,2.0,7.0,3.0
624,11.0,1.0,17.0,16.0,7.0,16.0,2.0,4.0,5.0
625,13.0,11.0,15.0,12.0,6.0,16.0,8.0,7.0,7.0
626,23.0,3.0,13.0,12.0,6.0,12.0,0.0,11.0,3.0
627,21.0,3.0,19.0,14.0,6.0,20.0,5.0,7.0,7.0
628,14.0,5.0,23.0,11.0,11.0,14.0,1.0,9.0,9.0
629,22.0,2.0,24.0,16.0,6.0,22.0,4.0,4.0,4.0
630,17.0,9.0,19.0,13.0,9.0,28.0,6.0,6.0,4.0
631,18.0,1.0,14.0,13.0,6.0,18.0,1.0,7.0,3.0
632,20.0,4.0,14.0,12.0,13.0,31.0,5.0,8.0,4.0
633,13.0,2.0,23.0,18.0,3.0,23.0,6.0,6.0,5.0
634,13.0,7.0,14.0,13.0,13.0,18.0,2.0,7.0,7.0
635,18.0,5.0,19.0,11.0,7.0,17.0,2.0,13.0,5.0
636,24.0,8.0,15.0,6.0,7.0,21.0,1.0,11.0,4.0
637,21.0,2.0,19.0,8.0,4.0,18.0,2.0,8.0,5.0
638,14.0,6.0,14.0,15.0,8.0,26.0,4.0,6.0,3.0
639,17.0,5.0,23.0,10.0,4.0,26.0,3.0,10.0,3.0
640,18.0,5.0,15.0,9.0,4.0,21.0,5.0,11.0,9.0
641,17.0,5.0,19.0,8.0,4.0,20.0,3.0,6.0,4.0
642,18.0,2.0,17.0,18.0,5.0,21.0,1.0,6.0,3.0
643,31.0,5.0,15.0,19.0,4.0,22.0,2.0,5.0,2.0
644,25.0,4.0,19.0,11.0,8.0,18.0,3.0,11.0,5.0
645,16.0,4.0,24.0,5.0,9.0,13.0,6.0,8.0,6.0
646,17.0,4.0,19.0,14.0,6.0,22.0,4.0,6.0,7.0
647,20.0,6.0,28.0,11.0,8.0,17.0,3.0,5.0,3.0
648,18.0,1.0,21.0,16.0,6.0,26.0,4.0,8.0,5.0
649,24.0,6.0,27.0,11.0,9.0,17.0,2.0,10.0,8.0
650,39.0,7.0,36.0,20.0,21.0,32.0,5.0,7.0,7.0
651,22.0,6.0,19.0,11.0,9.0,19.0,3.0,6.0,6.0
652,14.0,2.0,15.0,9.0,5.0,21.0,6.0,3.0,7.0
653,19.0,5.0,19.0,9.0,7.0,26.0,4.0,12.0,5.0
654,26.0,2.0,25.0,10.0,7.0,26.0,3.0,9.0,1.0
655,25.0,5.0,16.0,16.0,7.0,25.0,2.0,5.0,6.0
656,20.0,4.0,27.0,11.0,9.0,12.0,0.0,8.0,7.0
657,6.0,2.0,7.0,6.0,6.0,1.0,2.0,1.0,2.0
658,5.0,2.0,4.0,5.0,3.0,4.0,0.0,3.0,1.0
659,15.0,5.0,10.0,4.0,5.0,14.0,5.0,1.0,5.0
660,11.0,3.0,14.0,10.0,3.0,13.0,4.0,8.0,6.0
661,24.0,6.0,15.0,6.0,9.0,16.0,3.0,4.0,3.0
662,18.0,2.0,17.0,5.0,5.0,23.0,2.0,5.0,1.0
663,20.0,6.0,13.0,14.0,3.0,18.0,0.0,8.0,3.0
664,19.0,5.0,13.0,9.0,6.0,16.0,3.0,6.0,8.0
665,23.0,7.0,18.0,12.0,7.0,27.0,5.0,5.0,9.0
666,27.0,4.0,22.0,10.0,8.0,15.0,1.0,10.0,4.0
667,18.0,1.0,25.0,14.0,8.0,19.0,4.0,9.0,4.0
668,19.0,4.0,14.0,15.0,6.0,18.0,2.0,8.0,4.0
669,17.0,5.0,20.0,11.0,6.0,18.0,3.0,8.0,5.0
670,22.0,1.0,18.0,10.0,4.0,16.0,2.0,7.0,6.0
671,25.0,3.0,25.0,19.0,10.0,25.0,6.0,12.0,4.0
672,26.0,4.0,17.0,12.0,3.0,14.0,7.0,10.0,7.0
673,17.0,3.0,20.0,10.0,7.0,20.0,2.0,9.0,3.0
674,19.0,3.0,14.0,21.0,5.0,26.0,6.0,4.0,5.0
675,16.0,3.0,9.0,12.0,10.0,19.0,4.0,7.0,3.0
676,9.0,4.0,9.0,12.0,8.0,20.0,2.0,8.0,7.0
677,22.0,5.0,14.0,9.0,7.0,14.0,2.0,3.0,4.0
678,22.0,6.0,15.0,10.0,6.0,13.0,2.0,1.0,4.0
679,33.0,6.0,25.0,9.0,6.0,21.0,3.0,8.0,6.0
680,24.0,5.0,29.0,13.0,9.0,21.0,4.0,5.0,2.0
681,19.0,5.0,20.0,20.0,10.0,29.0,3.0,7.0,3.0
682,21.0,4.0,10.0,15.0,6.0,23.0,1.0,4.0,4.0
683,18.0,3.0,22.0,12.0,6.0,30.0,1.0,10.0,7.0
684,14.0,7.0,19.0,11.0,9.0,17.0,6.0,10.0,7.0
685,23.0,2.0,15.0,8.0,6.0,19.0,6.0,6.0,6.0
686,17.0,2.0,10.0,6.0,8.0,19.0,4.0,6.0,3.0
687,18.0,8.0,11.0,13.0,7.0,13.0,3.0,5.0,1.0
688,36.0,10.0,26.0,17.0,7.0,23.0,3.0,6.0,5.0
689,24.0,3.0,24.0,8.0,4.0,17.0,2.0,7.0,11.0
690,13.0,4.0,18.0,11.0,7.0,24.0,2.0,5.0,5.0
691,12.0,2.0,16.0,10.0,8.0,19.0,2.0,7.0,1.0
692,17.0,0.0,22.0,9.0,9.0,15.0,3.0,9.0,7.0
693,29.0,4.0,15.0,11.0,6.0,21.0,1.0,8.0,4.0
694,15.0,1.0,16.0,14.0,7.0,20.0,4.0,8.0,4.0
695,17.0,4.0,15.0,8.0,12.0,25.0,7.0,6.0,6.0
696,17.0,3.0,18.0,9.0,15.0,20.0,4.0,9.0,2.0
697,22.0,1.0,21.0,19.0,10.0,15.0,0.0,5.0,6.0
698,17.0,3.0,20.0,10.0,11.0,18.0,3.0,5.0,7.0
699,27.0,3.0,21.0,9.0,2.0,16.0,4.0,7.0,7.0
700,19.0,0.0,14.0,7.0,7.0,17.0,5.0,8.0,6.0
701,16.0,4.0,19.0,14.0,4.0,12.0,2.0,3.0,1.0
702,23.0,5.0,22.0,12.0,7.0,24.0,6.0,6.0,3.0
703,15.0,7.0,16.0,9.0,6.0,22.0,1.0,8.0,2.0
704,13.0,3.0,18.0,12.0,7.0,17.0,4.0,5.0,4.0
705,16.0,2.0,23.0,13.0,11.0,25.0,0.0,3.0,2.0
706,22.0,3.0,20.0,12.0,9.0,24.0,5.0,3.0,3.0
707,14.0,2.0,14.0,9.0,4.0,16.0,3.0,8.0,3.0
708,15.0,5.0,28.0,16.0,7.0,15.0,3.0,6.0,6.0
709,22.0,7.0,16.0,14.0,6.0,22.0,4.0,6.0,9.0
710,18.0,1.0,16.0,9.0,4.0,15.0,6.0,12.0,5.0
711,16.0,0.0,25.0,13.0,3.0,12.0,4.0,9.0,2.0
712,9.0,6.0,18.0,16.0,9.0,16.0,1.0,10.0,2.0
713,18.0,4.0,17.0,14.0,7.0,19.0,1.0,6.0,7.0
714,22.0,2.0,12.0,12.0,3.0,18.0,2.0,8.0,5.0
715,19.0,7.0,22.0,14.0,8.0,15.0,3.0,5.0,4.0
716,19.0,4.0,20.0,14.0,5.0,21.0,2.0,4.0,4.0
717,20.0,4.0,19.0,9.0,7.0,15.0,2.0,16.0,3.0
718,18.0,4.0,22.0,11.0,9.0,21.0,4.0,13.0,5.0
719,17.0,1.0,7.0,1.0,3.0,12.0,3.0,3.0,5.0
720,13.0,2.0,8.0,10.0,2.0,12.0,3.0,6.0,1.0
721,22.0,2.0,20.0,9.0,5.0,20.0,6.0,7.0,7.0
722,36.0,9.0,50.0,18.0,8.0,31.0,6.0,9.0,7.0
723,23.0,12.0,24.0,18.0,11.0,30.0,11.0,6.0,6.0
724,15.0,7.0,13.0,8.0,6.0,13.0,4.0,10.0,2.0
725,28.0,4.0,10.0,8.0,9.0,18.0,5.0,6.0,4.0
726,25.0,4.0,21.0,18.0,8.0,17.0,2.0,4.0,2.0
727,23.0,5.0,20.0,16.0,7.0,17.0,8.0,5.0,9.0
728,17.0,2.0,21.0,20.0,1.0,13.0,1.0,8.0,7.0
729,32.0,3.0,24.0,6.0,5.0,17.0,2.0,6.0,9.0
730,15.0,5.0,14.0,7.0,9.0,20.0,3.0,3.0,5.0
731,26.0,7.0,15.0,11.0,6.0,25.0,2.0,5.0,3.0
732,18.0,4.0,17.0,10.0,5.0,18.0,2.0,5.0,2.0
733,21.0,8.0,22.0,17.0,6.0,25.0,8.0,11.0,3.0
734,18.0,5.0,23.0,14.0,10.0,14.0,3.0,4.0,2.0
735,16.0,3.0,26.0,8.0,9.0,16.0,2.0,13.0,4.0
736,19.0,5.0,22.0,12.0,5.0,17.0,6.0,11.0,4.0
737,18.0,5.0,16.0,8.0,10.0,19.0,3.0,7.0,10.0
738,21.0,3.0,20.0,20.0,3.0,14.0,2.0,12.0,4.0
739,23.0,6.0,19.0,14.0,7.0,18.0,4.0,23.0,3.0
740,22.0,3.0,17.0,16.0,6.0,19.0,4.0,11.0,4.0
741,27.0,9.0,20.0,16.0,6.0,21.0,5.0,11.0,7.0
742,27.0,2.0,26.0,10.0,6.0,13.0,2.0,7.0,2.0
743,16.0,11.0,23.0,8.0,7.0,20.0,0.0,3.0,3.0
744,25.0,1.0,28.0,12.0,6.0,12.0,5.0,5.0,5.0
745,29.0,2.0,18.0,12.0,6.0,15.0,1.0,9.0,6.0
746,19.0,6.0,27.0,15.0,3.0,14.0,2.0,9.0,7.0
747,21.0,3.0,18.0,6.0,4.0,16.0,2.0,6.0,8.0
748,15.0,3.0,30.0,20.0,7.0,24.0,2.0,11.0,4.0
749,23.0,6.0,25.0,11.0,6.0,16.0,2.0,5.0,6.0
750,20.0,1.0,22.0,18.0,8.0,17.0,2.0,5.0,7.0
751,23.0,3.0,21.0,6.0,11.0,16.0,1.0,9.0,4.0
752,31.0,2.0,20.0,13.0,8.0,14.0,5.0,8.0,7.0
753,22.0,2.0,19.0,15.0,6.0,9.0,3.0,3.0,4.0
754,17.0,3.0,18.0,15.0,4.0,25.0,2.0,7.0,1.0
755,15.0,5.0,19.0,5.0,5.0,14.0,5.0,7.0,5.0
756,16.0,3.0,23.0,13.0,5.0,15.0,4.0,3.0,7.0
757,22.0,4.0,16.0,7.0,4.0,13.0,1.0,5.0,5.0
758,22.0,8.0,17.0,14.0,9.0,18.0,5.0,4.0,5.0
759,24.0,6.0,23.0,10.0,5.0,9.0,2.0,7.0,8.0
760,19.0,4.0,21.0,5.0,4.0,13.0,2.0,9.0,9.0
761,23.0,5.0,25.0,17.0,8.0,16.0,3.0,6.0,6.0
762,21.0,5.0,26.0,12.0,7.0,12.0,6.0,3.0,3.0
763,18.0,4.0,21.0,16.0,11.0,17.0,2.0,3.0,4.0
764,22.0,4.0,15.0,9.0,7.0,19.0,1.0,7.0,2.0
765,22.0,4.0,20.0,5.0,8.0,27.0,6.0,9.0,5.0
766,21.0,6.0,20.0,12.0,12.0,12.0,5.0,6.0,5.0
767,22.0,5.0,16.0,8.0,5.0,12.0,2.0,7.0,4.0
768,22.0,3.0,27.0,15.0,6.0,16.0,5.0,9.0,11.0
769,23.0,5.0,18.0,13.0,9.0,18.0,3.0,6.0,9.0
770,24.0,7.0,13.0,11.0,4.0,16.0,6.0,5.0,6.0
771,17.0,2.0,17.0,14.0,6.0,17.0,6.0,8.0,4.0
772,20.0,2.0,12.0,7.0,4.0,15.0,3.0,6.0,4.0
773,20.0,4.0,25.0,22.0,8.0,14.0,3.0,7.0,7.0
774,18.0,4.0,16.0,9.0,5.0,26.0,5.0,7.0,9.0
775,20.0,6.0,14.0,17.0,7.0,15.0,0.0,7.0,6.0
776,15.0,3.0,15.0,12.0,6.0,14.0,5.0,3.0,3.0
777,22.0,2.0,22.0,11.0,4.0,22.0,2.0,3.0,8.0
778,21.0,4.0,16.0,7.0,7.0,14.0,1.0,6.0,6.0
779,15.0,5.0,15.0,11.0,6.0,17.0,5.0,9.0,8.0
780,22.0,6.0,18.0,14.0,8.0,14.0,1.0,4.0,3.0
781,20.0,2.0,25.0,17.0,7.0,16.0,3.0,8.0,3.0
782,19.0,3.0,19.0,7.0,8.0,11.0,1.0,5.0,6.0
783,18.0,0.0,15.0,10.0,6.0,17.0,4.0,7.0,3.0
784,26.0,4.0,20.0,6.0,9.0,16.0,3.0,12.0,4.0
785,14.0,4.0,17.0,13.0,7.0,16.0,5.0,4.0,2.0
786,13.0,9.0,26.0,9.0,11.0,13.0,4.0,1.0,7.0
787,15.0,5.0,13.0,9.0,11.0,15.0,4.0,9.0,3.0
788,20.0,7.0,24.0,12.0,5.0,15.0,7.0,6.0,2.0
789,16.0,5.0,28.0,15.0,4.0,14.0,0.0,5.0,3.0
790,14.0,5.0,21.0,8.0,3.0,15.0,3.0,4.0,7.0
791,28.0,6.0,11.0,8.0,10.0,19.0,9.0,5.0,4.0
792,20.0,4.0,17.0,13.0,6.0,20.0,5.0,7.0,6.0
793,26.0,8.0,12.0,13.0,7.0,14.0,4.0,5.0,4.0
794,21.0,4.0,17.0,4.0,9.0,11.0,3.0,6.0,7.0
795,18.0,2.0,9.0,15.0,4.0,19.0,1.0,6.0,6.0
796,18.0,4.0,25.0,13.0,6.0,12.0,3.0,8.0,3.0
797,17.0,5.0,15.0,16.0,6.0,11.0,4.0,8.0,4.0
798,13.0,0.0,19.0,9.0,7.0,17.0,2.0,5.0,2.0
799,12.0,4.0,10.0,8.0,10.0,19.0,4.0,9.0,5.0
800,17.0,5.0,20.0,6.0,5.0,11.0,3.0,4.0,8.0
801,17.0,7.0,16.0,9.0,8.0,10.0,5.0,5.0,5.0
802,18.0,4.0,26.0,14.0,7.0,18.0,7.0,6.0,8.0
803,19.0,9.0,24.0,18.0,7.0,15.0,2.0,4.0,4.0
804,18.0,7.0,22.0,13.0,5.0,14.0,6.0,9.0,4.0
805,14.0,9.0,20.0,17.0,10.0,15.0,1.0,9.0,4.0
806,17.0,3.0,15.0,17.0,8.0,10.0,2.0,6.0,6.0
807,18.0,3.0,20.0,12.0,6.0,9.0,2.0,4.0,5.0
808,15.0,10.0,21.0,17.0,10.0,18.0,3.0,7.0,3.0
809,17.0,5.0,11.0,7.0,14.0,16.0,1.0,7.0,6.0
810,17.0,5.0,22.0,12.0,5.0,21.0,3.0,11.0,7.0
811,20.0,8.0,16.0,11.0,5.0,14.0,3.0,8.0,7.0
812,19.0,12.0,15.0,8.0,10.0,17.0,3.0,6.0,4.0
813,19.0,5.0,22.0,8.0,3.0,13.0,4.0,6.0,5.0
814,15.0,9.0,20.0,9.0,7.0,12.0,2.0,5.0,5.0
815,16.0,7.0,23.0,11.0,10.0,12.0,2.0,9.0,5.0
816,18.0,8.0,20.0,11.0,7.0,18.0,0.0,4.0,4.0
817,21.0,13.0,19.0,11.0,7.0,24.0,2.0,8.0,3.0
818,17.0,8.0,25.0,7.0,4.0,12.0,5.0,5.0,1.0
819,12.0,10.0,14.0,10.0,10.0,11.0,3.0,6.0,3.0
820,15.0,6.0,15.0,11.0,8.0,13.0,2.0,4.0,4.0
821,19.0,5.0,22.0,16.0,4.0,14.0,3.0,9.0,4.0
822,22.0,8.0,16.0,12.0,4.0,12.0,6.0,7.0,7.0
823,19.0,10.0,21.0,14.0,4.0,10.0,2.0,9.0,3.0
824,19.0,6.0,21.0,15.0,7.0,13.0,3.0,10.0,3.0
825,15.0,2.0,26.0,10.0,6.0,17.0,5.0,8.0,4.0
826,15.0,7.0,13.0,6.0,6.0,14.0,4.0,1.0,1.0
827,26.0,4.0,24.0,13.0,9.0,12.0,5.0,8.0,8.0
828,15.0,5.0,21.0,12.0,7.0,15.0,5.0,4.0,6.0
829,13.0,7.0,27.0,12.0,6.0,18.0,0.0,9.0,1.0
830,18.0,5.0,28.0,10.0,5.0,8.0,3.0,5.0,2.0
831,23.0,1.0,31.0,7.0,11.0,19.0,5.0,4.0,3.0
832,20.0,4.0,19.0,6.0,4.0,13.0,7.0,4.0,8.0
833,21.0,5.0,21.0,11.0,5.0,13.0,4.0,6.0,6.0
834,21.0,4.0,21.0,12.0,6.0,11.0,3.0,4.0,7.0
835,23.0,10.0,22.0,11.0,5.0,14.0,3.0,7.0,8.0
836,24.0,6.0,21.0,6.0,7.0,20.0,3.0,11.0,8.0
837,23.0,2.0,16.0,11.0,7.0,13.0,2.0,4.0,6.0
838,25.0,7.0,18.0,9.0,7.0,12.0,3.0,3.0,5.0
839,14.0,0.0,20.0,8.0,7.0,18.0,5.0,8.0,6.0
840,29.0,4.0,16.0,10.0,10.0,19.0,3.0,9.0,2.0
841,15.0,7.0,21.0,5.0,4.0,19.0,0.0,7.0,5.0
842,24.0,5.0,16.0,8.0,10.0,18.0,0.0,9.0,4.0
843,14.0,2.0,22.0,8.0,8.0,14.0,4.0,8.0,3.0
844,17.0,3.0,8.0,5.0,6.0,13.0,0.0,6.0,4.0
845,15.0,5.0,25.0,11.0,9.0,17.0,2.0,5.0,4.0
846,28.0,6.0,19.0,13.0,3.0,14.0,1.0,5.0,2.0
847,16.0,5.0,18.0,12.0,5.0,9.0,1.0,6.0,6.0
848,13.0,4.0,20.0,12.0,5.0,13.0,4.0,7.0,2.0
849,11.0,7.0,21.0,12.0,5.0,14.0,3.0,4.0,7.0
850,23.0,7.0,14.0,14.0,5.0,11.0,1.0,5.0,1.0
851,16.0,8.0,26.0,11.0,7.0,9.0,4.0,10.0,2.0
852,20.0,5.0,22.0,9.0,7.0,9.0,7.0,6.0,7.0
853,22.0,6.0,23.0,17.0,6.0,16.0,1.0,4.0,2.0
854,16.0,17.0,30.0,9.0,5.0,18.0,2.0,7.0,7.0
855,17.0,3.0,28.0,9.0,9.0,8.0,4.0,9.0,6.0
856,17.0,3.0,21.0,14.0,11.0,16.0,0.0,8.0,7.0
857,12.0,8.0,22.0,2.0,7.0,13.0,2.0,7.0,6.0
858,18.0,3.0,16.0,14.0,9.0,12.0,4.0,11.0,7.0
859,20.0,6.0,18.0,5.0,5.0,9.0,6.0,9.0,5.0
860,18.0,6.0,16.0,11.0,7.0,13.0,1.0,11.0,3.0
861,16.0,6.0,18.0,8.0,8.0,16.0,5.0,5.0,8.0
862,15.0,6.0,19.0,12.0,6.0,13.0,1.0,5.0,7.0
863,25.0,1.0,23.0,11.0,4.0,9.0,0.0,2.0,5.0
864,21.0,5.0,9.0,16.0,4.0,17.0,5.0,7.0,4.0
865,15.0,13.0,25.0,8.0,10.0,13.0,8.0,8.0,4.0
866,26.0,9.0,22.0,13.0,6.0,6.0,2.0,10.0,4.0
867,17.0,10.0,18.0,18.0,7.0,15.0,0.0,11.0,6.0
868,15.0,6.0,24.0,13.0,9.0,10.0,1.0,3.0,2.0
869,9.0,12.0,19.0,15.0,6.0,10.0,4.0,8.0,8.0
870,20.0,5.0,16.0,16.0,2.0,14.0,2.0,5.0,2.0
871,19.0,15.0,18.0,19.0,9.0,12.0,2.0,11.0,6.0
872,20.0,4.0,22.0,13.0,5.0,12.0,0.0,7.0,2.0
873,16.0,5.0,18.0,4.0,4.0,12.0,0.0,7.0,6.0
874,10.0,5.0,22.0,3.0,8.0,13.0,4.0,5.0,7.0
875,26.0,5.0,22.0,11.0,8.0,13.0,4.0,6.0,4.0
876,15.0,5.0,16.0,9.0,3.0,11.0,2.0,7.0,4.0
877,15.0,7.0,21.0,8.0,9.0,21.0,2.0,6.0,7.0
878,14.0,6.0,22.0,6.0,6.0,11.0,2.0,10.0,5.0
879,13.0,4.0,17.0,10.0,6.0,10.0,0.0,5.0,8.0
880,23.0,5.0,13.0,12.0,3.0,18.0,7.0,7.0,3.0
881,19.0,7.0,14.0,13.0,8.0,17.0,3.0,7.0,5.0
882,13.0,10.0,17.0,4.0,8.0,18.0,0.0,10.0,2.0
883,19.0,7.0,13.0,9.0,5.0,10.0,1.0,4.0,6.0
884,27.0,3.0,20.0,16.0,5.0,13.0,3.0,8.0,6.0
885,31.0,3.0,18.0,12.0,8.0,15.0,1.0,2.0,3.0
886,12.0,4.0,18.0,9.0,7.0,9.0,2.0,4.0,4.0
887,10.0,7.0,14.0,8.0,9.0,17.0,3.0,6.0,5.0
888,20.0,8.0,28.0,6.0,9.0,13.0,3.0,5.0,6.0
889,14.0,4.0,21.0,13.0,12.0,10.0,4.0,4.0,1.0
890,23.0,6.0,19.0,9.0,5.0,22.0,2.0,10.0,3.0
891,16.0,3.0,22.0,8.0,6.0,7.0,4.0,1.0,3.0
892,24.0,6.0,14.0,16.0,8.0,9.0,4.0,11.0,6.0
893,20.0,4.0,13.0,9.0,4.0,7.0,4.0,4.0,4.0
894,18.0,5.0,16.0,17.0,11.0,12.0,3.0,6.0,1.0
895,17.0,5.0,19.0,20.0,11.0,10.0,5.0,6.0,5.0
896,24.0,6.0,26.0,17.0,9.0,13.0,3.0,8.0,1.0
897,26.0,5.0,18.0,16.0,5.0,11.0,4.0,5.0,6.0
898,12.0,5.0,22.0,15.0,12.0,13.0,2.0,6.0,4.0
899,18.0,4.0,15.0,11.0,12.0,13.0,3.0,7.0,2.0
900,21.0,5.0,19.0,13.0,9.0,7.0,3.0,10.0,5.0
901,15.0,3.0,17.0,18.0,6.0,14.0,5.0,5.0,8.0
902,13.0,6.0,20.0,10.0,11.0,12.0,0.0,4.0,5.0
903,14.0,7.0,18.0,13.0,5.0,14.0,1.0,12.0,5.0
904,19.0,9.0,13.0,15.0,9.0,10.0,5.0,15.0,3.0
905,19.0,6.0,36.0,10.0,8.0,12.0,5.0,6.0,7.0
906,14.0,8.0,18.0,12.0,9.0,11.0,0.0,10.0,3.0
907,16.0,6.0,20.0,12.0,12.0,10.0,1.0,6.0,1.0
908,18.0,10.0,21.0,9.0,6.0,9.0,1.0,10.0,6.0
909,14.0,4.0,18.0,17.0,7.0,7.0,4.0,10.0,2.0
910,12.0,7.0,20.0,19.0,8.0,11.0,1.0,8.0,9.0
911,16.0,7.0,23.0,16.0,15.0,12.0,3.0,12.0,3.0
912,12.0,6.0,18.0,16.0,11.0,21.0,3.0,13.0,7.0
913,21.0,4.0,24.0,22.0,6.0,17.0,3.0,7.0,6.0
914,21.0,16.0,20.0,13.0,7.0,14.0,1.0,13.0,6.0
915,19.0,12.0,25.0,15.0,8.0,7.0,2.0,12.0,4.0
916,16.0,8.0,17.0,11.0,6.0,8.0,5.0,7.0,6.0
917,14.0,4.0,16.0,7.0,10.0,12.0,2.0,12.0,6.0
918,14.0,4.0,13.0,12.0,11.0,7.0,3.0,6.0,5.0
919,22.0,6.0,14.0,14.0,8.0,13.0,3.0,8.0,4.0
920,20.0,8.0,14.0,13.0,11.0,13.0,1.0,10.0,4.0
921,15.0,8.0,20.0,13.0,4.0,18.0,4.0,8.0,4.0
922,20.0,10.0,14.0,13.0,6.0,19.0,1.0,5.0,4.0
923,19.0,7.0,16.0,8.0,5.0,15.0,5.0,9.0,7.0
924,28.0,7.0,19.0,12.0,7.0,12.0,1.0,7.0,1.0
925,19.0,4.0,17.0,12.0,6.0,13.0,1.0,8.0,3.0
926,14.0,6.0,17.0,8.0,8.0,11.0,3.0,9.0,4.0
927,14.0,2.0,14.0,13.0,9.0,13.0,2.0,6.0,5.0
928,20.0,6.0,23.0,14.0,5.0,5.0,1.0,10.0,4.0
929,13.0,7.0,14.0,14.0,9.0,16.0,1.0,5.0,3.0
930,11.0,10.0,14.0,8.0,10.0,12.0,0.0,5.0,4.0
931,18.0,14.0,15.0,10.0,7.0,14.0,2.0,10.0,1.0
932,19.0,9.0,27.0,14.0,8.0,11.0,3.0,7.0,4.0
933,21.0,9.0,26.0,13.0,10.0,12.0,3.0,5.0,7.0
934,14.0,9.0,21.0,12.0,4.0,9.0,1.0,4.0,5.0
935,10.0,7.0,17.0,12.0,9.0,14.0,1.0,4.0,4.0
936,13.0,13.0,13.0,12.0,10.0,8.0,3.0,5.0,2.0
937,24.0,13.0,20.0,18.0,8.0,8.0,0.0,6.0,6.0
938,20.0,10.0,16.0,14.0,6.0,8.0,2.0,13.0,2.0
939,19.0,9.0,19.0,7.0,4.0,10.0,3.0,5.0,6.0
940,26.0,9.0,21.0,5.0,5.0,8.0,2.0,7.0,3.0
941,26.0,6.0,19.0,7.0,9.0,11.0,2.0,7.0,3.0
942,16.0,7.0,21.0,11.0,10.0,17.0,4.0,7.0,5.0
943,18.0,8.0,24.0,5.0,7.0,7.0,6.0,9.0,6.0
944,22.0,5.0,16.0,6.0,6.0,14.0,0.0,9.0,3.0
945,25.0,9.0,17.0,11.0,10.0,9.0,3.0,13.0,4.0
946,17.0,4.0,25.0,11.0,10.0,8.0,3.0,10.0,4.0
947,27.0,8.0,19.0,14.0,12.0,12.0,1.0,11.0,3.0
948,21.0,6.0,21.0,11.0,8.0,9.0,2.0,7.0,4.0
949,19.0,7.0,15.0,12.0,8.0,12.0,3.0,6.0,6.0
950,19.0,8.0,19.0,11.0,7.0,19.0,4.0,5.0,2.0
951,15.0,3.0,20.0,7.0,9.0,12.0,0.0,5.0,5.0
952,16.0,8.0,21.0,11.0,6.0,21.0,2.0,6.0,4.0
953,17.0,4.0,32.0,14.0,6.0,11.0,5.0,9.0,5.0
954,19.0,9.0,23.0,12.0,7.0,11.0,2.0,4.0,6.0
955,15.0,10.0,31.0,12.0,6.0,13.0,6.0,7.0,4.0
956,18.0,10.0,17.0,6.0,9.0,15.0,4.0,8.0,2.0
957,10.0,10.0,16.0,9.0,7.0,11.0,0.0,10.0,6.0
958,15.0,4.0,33.0,7.0,4.0,15.0,4.0,7.0,3.0
959,27.0,4.0,21.0,7.0,15.0,9.0,6.0,4.0,4.0
960,7.0,6.0,11.0,12.0,11.0,13.0,1.0,9.0,8.0
961,14.0,13.0,17.0,8.0,9.0,11.0,3.0,6.0,7.0
962,20.0,2.0,14.0,8.0,9.0,15.0,1.0,2.0,2.0
963,11.0,11.0,25.0,10.0,4.0,10.0,3.0,10.0,4.0
964,14.0,7.0,12.0,8.0,9.0,18.0,2.0,10.0,2.0
965,19.0,4.0,11.0,13.0,3.0,17.0,4.0,6.0,4.0
966,14.0,7.0,22.0,11.0,11.0,8.0,3.0,4.0,8.0
967,20.0,6.0,26.0,6.0,12.0,7.0,5.0,7.0,2.0
968,23.0,7.0,20.0,15.0,9.0,8.0,5.0,16.0,5.0
969,15.0,3.0,18.0,8.0,4.0,14.0,5.0,12.0,7.0
970,8.0,7.0,23.0,7.0,10.0,5.0,3.0,7.0,2.0
971,9.0,4.0,21.0,11.0,6.0,15.0,1.0,12.0,10.0
972,20.0,10.0,20.0,16.0,8.0,12.0,4.0,8.0,5.0
973,21.0,6.0,15.0,16.0,7.0,6.0,4.0,10.0,6.0
974,21.0,8.0,18.0,14.0,11.0,9.0,1.0,10.0,3.0
975,14.0,8.0,17.0,18.0,7.0,18.0,4.0,11.0,5.0
976,15.0,5.0,21.0,14.0,12.0,5.0,1.0,7.0,4.0
977,13.0,4.0,18.0,7.0,10.0,9.0,1.0,7.0,6.0
978,12.0,5.0,25.0,13.0,13.0,12.0,0.0,9.0,1.0
979,15.0,3.0,19.0,15.0,7.0,14.0,2.0,12.0,7.0
980,15.0,2.0,16.0,13.0,6.0,10.0,1.0,6.0,3.0
981,18.0,2.0,17.0,14.0,12.0,8.0,5.0,14.0,8.0
982,16.0,4.0,15.0,5.0,10.0,9.0,10.0,7.0,4.0
983,20.0,5.0,23.0,7.0,2.0,15.0,4.0,7.0,3.0
984,13.0,8.0,20.0,10.0,10.0,12.0,5.0,8.0,9.0
985,19.0,4.0,23.0,18.0,10.0,11.0,3.0,7.0,2.0
986,16.0,4.0,14.0,12.0,14.0,9.0,4.0,9.0,10.0
987,19.0,9.0,16.0,9.0,6.0,11.0,2.0,5.0,5.0
988,21.0,8.0,17.0,15.0,3.0,24.0,4.0,9.0,3.0
989,17.0,4.0,22.0,25.0,6.0,8.0,3.0,5.0,7.0
990,17.0,4.0,28.0,11.0,9.0,10.0,2.0,11.0,9.0
991,16.0,3.0,17.0,9.0,8.0,10.0,4.0,8.0,2.0
992,17.0,9.0,18.0,11.0,9.0,11.0,3.0,8.0,7.0
993,16.0,5.0,19.0,13.0,4.0,10.0,0.0,8.0,5.0
994,20.0,8.0,14.0,17.0,8.0,15.0,2.0,7.0,7.0
995,16.0,5.0,19.0,6.0,4.0,11.0,1.0,10.0,4.0
996,22.0,3.0,18.0,11.0,6.0,10.0,5.0,8.0,3.0
997,17.0,7.0,17.0,16.0,5.0,6.0,5.0,12.0,4.0
998,21.0,3.0,20.0,7.0,6.0,5.0,6.0,8.0,4.0
999,18.0,5.0,25.0,13.0,10.0,12.0,5.0,10.0,3.0
