,traffic-nj511-minutes-nj_turnpike_exit_14_to_nj_turnpike_exit_8a,traffic-nj511-minutes-nj_turnpike_exit_6_to_nj_turnpike_exit_1,traffic-nj511-minutes-nj_turnpike_exit_18w_to_gw_bridge_via_local_lanes,traffic-nj511-minutes-nj_turnpike_exit_1_to_nj_turnpike_exit_6,traffic-nj511-minutes-nj_turnpike_exit_18w_to_gw_bridge_via_express_lanes,traffic-nj511-minutes-ny_side_to_nj_turnpike_exit_14c,traffic-nj511-minutes-nj_turnpike_from_exit_1_to_delaware,traffic-nj511-minutes-nj_turnpike_from_exit_14c_to_the_ny_side,traffic-nj511-minutes-nj_turnpike_exit_8a_to_nj_turnpike_exit_14,traffic-nj511-minutes-nj_turnpike_exit_18w_to_nj_turnpike_exit_14,traffic-nj511-minutes-gw_bridge_to_nj_turnpike_exit_18w_via_express_lanes,traffic-nj511-minutes-gw_bridge_to_nj_turnpike_exit_18w_via_local_lanes,traffic-nj511-minutes-nj_turnpike_exit_14_to_nj_turnpike_exit_18w
0,31.0,48.0,10.0,47.0,10.0,7.0,8.0,8.0,30.0,8.0,10.0,10.0,11.0
1,31.0,47.0,10.0,48.0,10.0,7.0,8.0,8.0,30.0,8.0,10.0,10.0,11.0
2,31.0,47.0,10.0,49.0,10.0,7.0,8.0,9.0,30.0,8.0,10.0,10.0,11.0
3,31.0,47.0,10.0,48.0,10.0,7.0,8.0,8.0,30.0,8.0,10.0,10.0,11.0
4,31.0,47.0,10.0,47.0,10.0,7.0,8.0,8.0,30.0,8.0,10.0,10.0,11.0
5,31.0,47.0,10.0,47.0,10.0,7.0,8.0,9.0,30.0,8.0,10.0,10.0,11.0
6,31.0,48.0,10.0,47.0,10.0,7.0,8.0,9.0,30.0,8.0,10.0,10.0,11.0
7,31.0,47.0,10.0,47.0,10.0,7.0,8.0,9.0,30.0,8.0,10.0,10.0,11.0
8,31.0,47.0,10.0,47.0,10.0,7.0,8.0,9.0,30.0,8.0,10.0,10.0,11.0
9,31.0,47.0,10.0,47.0,10.0,7.0,8.0,8.0,30.0,8.0,10.0,10.0,11.0
10,31.0,47.0,10.0,48.0,10.0,7.0,8.0,8.0,30.0,8.0,10.0,10.0,11.0
11,31.0,47.0,10.0,48.0,10.0,7.0,8.0,8.0,30.0,8.0,10.0,10.0,11.0
12,31.0,47.0,10.0,47.0,10.0,7.0,8.0,8.0,30.0,8.0,10.0,10.0,11.0
13,31.0,48.0,10.0,48.0,10.0,7.0,8.0,9.0,30.0,8.0,10.0,10.0,11.0
14,31.0,47.0,10.0,48.0,10.0,7.0,8.0,8.0,30.0,8.0,10.0,10.0,11.0
15,31.0,47.0,10.0,48.0,10.0,7.0,8.0,8.0,30.0,8.0,10.0,10.0,11.0
16,31.0,47.0,10.0,48.0,10.0,7.0,8.0,9.0,30.0,8.0,10.0,10.0,11.0
17,31.0,47.0,10.0,48.0,10.0,7.0,8.0,9.0,30.0,8.0,10.0,10.0,11.0
18,31.0,47.0,10.0,47.0,10.0,7.0,8.0,8.0,30.0,8.0,10.0,10.0,11.0
19,31.0,47.0,10.0,47.0,10.0,7.0,8.0,8.0,30.0,8.0,10.0,10.0,11.0
20,31.0,47.0,10.0,46.0,10.0,7.0,8.0,8.0,30.0,8.0,10.0,10.0,11.0
21,31.0,47.0,10.0,46.0,10.0,7.0,8.0,8.0,30.0,8.0,10.0,10.0,11.0
22,31.0,47.0,10.0,46.0,10.0,7.0,8.0,8.0,30.0,8.0,10.0,10.0,11.0
23,31.0,47.0,10.0,46.0,10.0,7.0,8.0,8.0,30.0,8.0,10.0,10.0,11.0
24,31.0,47.0,10.0,47.0,10.0,7.0,8.0,8.0,30.0,8.0,10.0,10.0,11.0
25,31.0,47.0,10.0,46.0,10.0,7.0,8.0,8.0,30.0,8.0,10.0,10.0,11.0
26,31.0,47.0,10.0,47.0,10.0,7.0,8.0,8.0,30.0,8.0,10.0,10.0,11.0
27,31.0,47.0,10.0,47.0,10.0,7.0,8.0,8.0,30.0,8.0,10.0,10.0,11.0
28,31.0,47.0,10.0,48.0,10.0,7.0,8.0,8.0,30.0,8.0,10.0,10.0,11.0
29,31.0,48.0,10.0,47.0,10.0,7.0,8.0,8.0,30.0,8.0,10.0,10.0,11.0
30,31.0,47.0,10.0,47.0,10.0,7.0,8.0,8.0,30.0,8.0,10.0,10.0,11.0
31,31.0,48.0,10.0,47.0,11.0,7.0,8.0,8.0,30.0,8.0,10.0,10.0,11.0
32,31.0,48.0,10.0,47.0,10.0,8.0,8.0,8.0,30.0,8.0,10.0,10.0,11.0
33,31.0,48.0,10.0,47.0,11.0,7.0,8.0,8.0,30.0,8.0,10.0,10.0,11.0
34,31.0,48.0,10.0,48.0,11.0,7.0,8.0,8.0,30.0,8.0,10.0,11.0,11.0
35,31.0,48.0,10.0,48.0,11.0,7.0,8.0,8.0,30.0,8.0,10.0,10.0,11.0
36,31.0,48.0,10.0,48.0,11.0,7.0,8.0,8.0,30.0,8.0,10.0,10.0,11.0
37,31.0,48.0,10.0,48.0,11.0,7.0,8.0,8.0,30.0,8.0,11.0,10.0,11.0
38,31.0,48.0,10.0,47.0,11.0,7.0,8.0,8.0,30.0,8.0,11.0,11.0,11.0
39,31.0,48.0,10.0,48.0,11.0,7.0,8.0,8.0,30.0,8.0,11.0,11.0,11.0
40,31.0,48.0,10.0,47.0,10.0,7.0,8.0,8.0,30.0,8.0,11.0,10.0,11.0
41,31.0,47.0,10.0,47.0,10.0,7.0,8.0,8.0,30.0,8.0,11.0,10.0,11.0
42,31.0,48.0,10.0,48.0,11.0,7.0,8.0,8.0,30.0,8.0,11.0,11.0,11.0
43,31.0,48.0,10.0,48.0,11.0,7.0,8.0,8.0,30.0,8.0,11.0,10.0,11.0
44,31.0,48.0,10.0,47.0,11.0,7.0,8.0,8.0,30.0,8.0,11.0,11.0,11.0
45,31.0,48.0,10.0,47.0,11.0,7.0,8.0,8.0,30.0,8.0,11.0,11.0,11.0
46,31.0,47.0,10.0,47.0,11.0,7.0,8.0,8.0,30.0,8.0,11.0,11.0,11.0
47,31.0,48.0,10.0,47.0,11.0,7.0,8.0,8.0,30.0,8.0,12.0,11.0,11.0
48,31.0,47.0,10.0,47.0,12.0,7.0,8.0,8.0,30.0,8.0,11.0,11.0,11.0
49,31.0,47.0,10.0,47.0,12.0,7.0,8.0,8.0,30.0,8.0,11.0,11.0,11.0
50,31.0,48.0,10.0,47.0,13.0,7.0,8.0,8.0,30.0,8.0,11.0,11.0,11.0
51,31.0,47.0,10.0,47.0,14.0,7.0,8.0,8.0,30.0,8.0,11.0,10.0,11.0
52,31.0,47.0,10.0,47.0,16.0,7.0,8.0,8.0,30.0,8.0,11.0,11.0,11.0
53,31.0,47.0,10.0,47.0,17.0,7.0,8.0,8.0,30.0,8.0,11.0,11.0,11.0
54,31.0,47.0,10.0,48.0,18.0,7.0,8.0,8.0,30.0,8.0,10.0,10.0,11.0
55,31.0,47.0,10.0,48.0,18.0,7.0,8.0,8.0,30.0,8.0,10.0,10.0,11.0
56,31.0,47.0,11.0,47.0,20.0,7.0,8.0,8.0,30.0,8.0,10.0,10.0,11.0
57,31.0,47.0,11.0,48.0,21.0,7.0,8.0,8.0,30.0,8.0,11.0,10.0,11.0
58,31.0,47.0,11.0,47.0,23.0,7.0,8.0,8.0,30.0,8.0,11.0,11.0,11.0
59,31.0,47.0,12.0,47.0,25.0,7.0,8.0,8.0,30.0,8.0,11.0,11.0,11.0
60,31.0,47.0,12.0,48.0,25.0,7.0,8.0,8.0,30.0,8.0,10.0,10.0,11.0
61,31.0,47.0,12.0,47.0,25.0,7.0,8.0,8.0,30.0,8.0,10.0,10.0,11.0
62,31.0,47.0,13.0,47.0,30.0,8.0,8.0,8.0,30.0,8.0,11.0,11.0,11.0
63,31.0,47.0,14.0,48.0,30.0,8.0,8.0,8.0,30.0,8.0,11.0,11.0,11.0
64,31.0,47.0,15.0,47.0,30.0,8.0,8.0,8.0,30.0,8.0,10.0,11.0,11.0
65,31.0,47.0,14.0,47.0,30.0,8.0,8.0,8.0,30.0,8.0,11.0,11.0,11.0
66,31.0,47.0,15.0,48.0,33.0,7.0,8.0,8.0,30.0,8.0,11.0,10.0,11.0
67,31.0,47.0,16.0,47.0,33.0,7.0,8.0,8.0,30.0,8.0,11.0,11.0,11.0
68,31.0,48.0,17.0,47.0,33.0,7.0,8.0,8.0,30.0,8.0,10.0,10.0,11.0
69,31.0,47.0,18.0,47.0,33.0,8.0,8.0,8.0,30.0,8.0,10.0,10.0,11.0
70,31.0,47.0,19.0,47.0,33.0,8.0,8.0,8.0,30.0,9.0,10.0,10.0,11.0
71,31.0,47.0,20.0,46.0,33.0,7.0,8.0,8.0,30.0,9.0,11.0,11.0,11.0
72,31.0,47.0,21.0,46.0,30.0,8.0,8.0,8.0,30.0,9.0,11.0,11.0,11.0
73,31.0,47.0,21.0,47.0,29.0,8.0,8.0,8.0,30.0,10.0,11.0,10.0,11.0
74,31.0,47.0,20.0,47.0,27.0,7.0,8.0,8.0,30.0,10.0,10.0,10.0,11.0
75,31.0,47.0,21.0,47.0,27.0,7.0,8.0,8.0,30.0,9.0,11.0,10.0,11.0
76,31.0,48.0,22.0,46.0,25.0,7.0,8.0,8.0,30.0,11.0,11.0,10.0,11.0
77,31.0,47.0,23.0,46.0,25.0,8.0,8.0,8.0,30.0,10.0,11.0,10.0,11.0
78,31.0,47.0,24.0,46.0,23.0,7.0,8.0,8.0,30.0,10.0,11.0,10.0,11.0
79,31.0,47.0,24.0,46.0,22.0,7.0,8.0,8.0,30.0,10.0,11.0,10.0,11.0
80,31.0,47.0,24.0,46.0,20.0,8.0,8.0,8.0,30.0,9.0,11.0,10.0,11.0
81,31.0,47.0,23.0,47.0,20.0,8.0,8.0,8.0,30.0,8.0,11.0,10.0,11.0
82,31.0,47.0,23.0,46.0,19.0,7.0,8.0,8.0,30.0,8.0,11.0,11.0,11.0
83,31.0,47.0,24.0,46.0,19.0,8.0,8.0,8.0,30.0,8.0,11.0,10.0,11.0
84,31.0,47.0,23.0,46.0,20.0,7.0,8.0,8.0,30.0,9.0,11.0,11.0,11.0
85,31.0,47.0,23.0,47.0,20.0,7.0,8.0,8.0,30.0,10.0,11.0,11.0,11.0
86,31.0,47.0,22.0,46.0,19.0,7.0,8.0,8.0,30.0,10.0,11.0,11.0,11.0
87,31.0,47.0,20.0,47.0,19.0,7.0,8.0,8.0,30.0,11.0,11.0,11.0,11.0
88,31.0,47.0,19.0,47.0,17.0,7.0,8.0,8.0,30.0,11.0,11.0,11.0,11.0
89,31.0,47.0,18.0,47.0,17.0,8.0,8.0,8.0,30.0,10.0,11.0,11.0,11.0
90,31.0,47.0,17.0,46.0,18.0,8.0,8.0,8.0,30.0,12.0,11.0,10.0,11.0
91,31.0,47.0,17.0,47.0,18.0,8.0,8.0,8.0,30.0,11.0,11.0,11.0,11.0
92,31.0,47.0,16.0,47.0,17.0,7.0,8.0,8.0,30.0,12.0,11.0,11.0,11.0
93,31.0,47.0,17.0,47.0,17.0,7.0,8.0,8.0,30.0,12.0,11.0,10.0,11.0
94,31.0,47.0,17.0,47.0,18.0,7.0,8.0,8.0,30.0,11.0,11.0,10.0,11.0
95,31.0,47.0,17.0,46.0,18.0,7.0,8.0,8.0,30.0,11.0,11.0,11.0,11.0
96,31.0,47.0,17.0,46.0,20.0,7.0,8.0,8.0,30.0,10.0,11.0,10.0,11.0
97,31.0,47.0,17.0,46.0,19.0,7.0,8.0,8.0,30.0,10.0,11.0,11.0,11.0
98,31.0,47.0,15.0,46.0,20.0,8.0,8.0,8.0,30.0,8.0,11.0,11.0,11.0
99,31.0,47.0,14.0,46.0,20.0,8.0,8.0,8.0,30.0,9.0,11.0,11.0,11.0
100,31.0,47.0,14.0,46.0,21.0,8.0,8.0,8.0,30.0,8.0,11.0,11.0,11.0
101,31.0,47.0,14.0,46.0,20.0,7.0,8.0,8.0,30.0,8.0,11.0,10.0,11.0
102,31.0,47.0,14.0,47.0,19.0,7.0,8.0,8.0,30.0,8.0,11.0,11.0,11.0
103,31.0,47.0,14.0,47.0,18.0,7.0,8.0,8.0,30.0,8.0,11.0,11.0,11.0
104,31.0,47.0,15.0,46.0,18.0,7.0,8.0,8.0,30.0,8.0,11.0,11.0,11.0
105,31.0,47.0,15.0,46.0,18.0,7.0,8.0,8.0,30.0,8.0,11.0,11.0,11.0
106,31.0,47.0,15.0,47.0,17.0,7.0,8.0,8.0,30.0,8.0,11.0,11.0,11.0
107,31.0,47.0,15.0,47.0,18.0,7.0,8.0,8.0,30.0,8.0,11.0,11.0,11.0
108,31.0,47.0,16.0,46.0,19.0,7.0,8.0,8.0,30.0,8.0,10.0,10.0,11.0
109,31.0,47.0,16.0,46.0,19.0,7.0,8.0,8.0,30.0,8.0,11.0,11.0,11.0
110,31.0,47.0,16.0,46.0,20.0,8.0,8.0,8.0,30.0,8.0,12.0,10.0,11.0
111,31.0,47.0,15.0,46.0,19.0,8.0,8.0,8.0,30.0,8.0,11.0,10.0,11.0
112,31.0,47.0,15.0,46.0,19.0,8.0,8.0,8.0,30.0,8.0,10.0,10.0,11.0
113,31.0,47.0,15.0,46.0,19.0,8.0,8.0,8.0,30.0,8.0,11.0,10.0,11.0
114,31.0,47.0,15.0,46.0,20.0,8.0,8.0,8.0,30.0,8.0,10.0,11.0,11.0
115,31.0,47.0,15.0,46.0,19.0,8.0,8.0,8.0,30.0,8.0,11.0,11.0,11.0
116,31.0,47.0,15.0,47.0,16.0,7.0,8.0,8.0,30.0,8.0,10.0,10.0,11.0
117,31.0,47.0,14.0,46.0,16.0,7.0,8.0,9.0,30.0,8.0,10.0,10.0,11.0
118,31.0,47.0,15.0,46.0,14.0,7.0,8.0,9.0,30.0,8.0,11.0,10.0,11.0
119,31.0,47.0,15.0,47.0,14.0,7.0,8.0,9.0,30.0,8.0,11.0,10.0,11.0
120,31.0,48.0,16.0,46.0,14.0,8.0,8.0,9.0,30.0,8.0,11.0,11.0,11.0
121,31.0,47.0,16.0,46.0,14.0,7.0,8.0,9.0,30.0,8.0,11.0,11.0,11.0
122,31.0,47.0,17.0,46.0,15.0,8.0,8.0,9.0,30.0,8.0,11.0,11.0,11.0
123,31.0,47.0,17.0,47.0,16.0,8.0,8.0,9.0,30.0,8.0,11.0,11.0,11.0
124,31.0,47.0,17.0,46.0,17.0,8.0,8.0,8.0,30.0,8.0,11.0,11.0,11.0
125,31.0,47.0,18.0,47.0,18.0,7.0,8.0,8.0,30.0,8.0,11.0,11.0,11.0
126,31.0,47.0,18.0,47.0,19.0,8.0,8.0,8.0,30.0,8.0,11.0,11.0,11.0
127,31.0,47.0,18.0,47.0,18.0,8.0,8.0,8.0,30.0,8.0,11.0,11.0,11.0
128,31.0,47.0,19.0,46.0,17.0,8.0,8.0,8.0,30.0,8.0,11.0,10.0,11.0
129,31.0,47.0,18.0,46.0,16.0,8.0,8.0,8.0,30.0,8.0,11.0,11.0,11.0
130,31.0,47.0,14.0,46.0,15.0,7.0,8.0,8.0,30.0,8.0,11.0,11.0,11.0
131,31.0,47.0,14.0,47.0,14.0,8.0,8.0,8.0,30.0,8.0,11.0,11.0,11.0
132,31.0,47.0,13.0,48.0,14.0,8.0,8.0,8.0,30.0,8.0,11.0,11.0,11.0
133,31.0,47.0,13.0,47.0,14.0,9.0,8.0,8.0,30.0,8.0,11.0,11.0,11.0
134,31.0,47.0,13.0,48.0,14.0,9.0,8.0,8.0,30.0,9.0,11.0,11.0,11.0
135,31.0,47.0,13.0,47.0,13.0,9.0,8.0,8.0,30.0,9.0,11.0,11.0,11.0
136,31.0,47.0,14.0,47.0,13.0,8.0,8.0,8.0,30.0,14.0,11.0,11.0,11.0
137,31.0,47.0,13.0,47.0,13.0,8.0,8.0,9.0,30.0,16.0,11.0,11.0,11.0
138,31.0,47.0,13.0,47.0,12.0,8.0,8.0,8.0,30.0,14.0,11.0,10.0,11.0
139,31.0,47.0,14.0,47.0,12.0,8.0,8.0,8.0,30.0,13.0,11.0,11.0,11.0
140,31.0,47.0,15.0,46.0,12.0,8.0,8.0,8.0,30.0,14.0,11.0,10.0,11.0
141,31.0,47.0,16.0,46.0,12.0,9.0,8.0,8.0,30.0,15.0,11.0,10.0,11.0
142,31.0,47.0,18.0,46.0,12.0,8.0,8.0,8.0,30.0,14.0,11.0,10.0,11.0
143,31.0,48.0,20.0,46.0,12.0,8.0,8.0,8.0,30.0,16.0,11.0,11.0,11.0
144,31.0,47.0,22.0,46.0,12.0,7.0,8.0,8.0,30.0,15.0,11.0,10.0,11.0
145,31.0,47.0,22.0,46.0,13.0,8.0,8.0,8.0,30.0,16.0,11.0,10.0,11.0
146,31.0,47.0,24.0,46.0,13.0,8.0,8.0,8.0,30.0,15.0,11.0,10.0,11.0
147,31.0,47.0,22.0,46.0,13.0,8.0,8.0,8.0,30.0,15.0,11.0,10.0,11.0
148,31.0,47.0,20.0,46.0,13.0,8.0,8.0,8.0,30.0,12.0,10.0,10.0,11.0
149,31.0,47.0,17.0,46.0,13.0,8.0,8.0,8.0,30.0,10.0,11.0,10.0,11.0
150,31.0,47.0,15.0,47.0,12.0,8.0,8.0,9.0,30.0,10.0,11.0,11.0,11.0
151,31.0,47.0,14.0,47.0,12.0,8.0,8.0,9.0,30.0,9.0,11.0,11.0,11.0
152,31.0,47.0,12.0,46.0,13.0,8.0,8.0,9.0,30.0,8.0,11.0,11.0,11.0
153,31.0,47.0,12.0,46.0,12.0,8.0,8.0,9.0,30.0,8.0,10.0,10.0,11.0
154,31.0,47.0,11.0,46.0,12.0,8.0,8.0,8.0,30.0,8.0,11.0,10.0,11.0
155,31.0,47.0,11.0,47.0,12.0,7.0,8.0,8.0,30.0,8.0,11.0,11.0,11.0
156,31.0,47.0,11.0,47.0,12.0,8.0,8.0,8.0,30.0,8.0,11.0,10.0,11.0
157,31.0,47.0,11.0,47.0,12.0,8.0,8.0,8.0,30.0,8.0,11.0,10.0,11.0
158,31.0,47.0,11.0,46.0,11.0,8.0,8.0,8.0,32.0,8.0,11.0,10.0,11.0
159,31.0,47.0,11.0,46.0,11.0,8.0,8.0,8.0,30.0,8.0,11.0,11.0,11.0
160,31.0,47.0,11.0,46.0,11.0,8.0,8.0,8.0,30.0,8.0,11.0,11.0,11.0
161,31.0,47.0,11.0,46.0,11.0,9.0,8.0,8.0,30.0,8.0,11.0,11.0,11.0
162,31.0,47.0,12.0,46.0,11.0,8.0,8.0,8.0,30.0,8.0,11.0,11.0,11.0
163,31.0,47.0,11.0,46.0,10.0,8.0,8.0,8.0,30.0,8.0,11.0,11.0,11.0
164,31.0,47.0,11.0,47.0,11.0,8.0,8.0,8.0,30.0,8.0,11.0,11.0,11.0
165,31.0,47.0,11.0,46.0,11.0,8.0,8.0,9.0,30.0,8.0,11.0,11.0,14.0
166,31.0,47.0,11.0,46.0,11.0,7.0,8.0,8.0,30.0,8.0,11.0,11.0,14.0
167,31.0,47.0,11.0,46.0,11.0,8.0,8.0,8.0,30.0,8.0,11.0,11.0,15.0
168,31.0,48.0,11.0,46.0,10.0,8.0,8.0,9.0,30.0,8.0,11.0,11.0,16.0
169,31.0,47.0,10.0,46.0,10.0,8.0,9.0,8.0,30.0,8.0,11.0,11.0,14.0
170,31.0,47.0,11.0,46.0,10.0,8.0,8.0,9.0,30.0,8.0,11.0,11.0,15.0
171,31.0,47.0,10.0,46.0,10.0,8.0,9.0,9.0,30.0,8.0,11.0,11.0,14.0
172,31.0,48.0,10.0,46.0,10.0,8.0,9.0,9.0,30.0,8.0,11.0,11.0,14.0
173,31.0,48.0,10.0,46.0,10.0,7.0,8.0,9.0,30.0,8.0,11.0,11.0,12.0
174,31.0,47.0,10.0,46.0,11.0,8.0,8.0,9.0,30.0,8.0,11.0,11.0,12.0
175,31.0,47.0,10.0,46.0,11.0,8.0,8.0,9.0,30.0,8.0,11.0,11.0,11.0
176,31.0,47.0,11.0,46.0,11.0,9.0,8.0,9.0,30.0,9.0,11.0,11.0,11.0
177,31.0,48.0,10.0,46.0,11.0,9.0,8.0,9.0,30.0,10.0,11.0,11.0,11.0
178,31.0,48.0,10.0,47.0,11.0,10.0,8.0,8.0,30.0,10.0,11.0,11.0,11.0
179,31.0,48.0,10.0,47.0,11.0,10.0,8.0,8.0,30.0,10.0,11.0,11.0,11.0
180,31.0,47.0,10.0,46.0,11.0,11.0,8.0,8.0,30.0,10.0,11.0,11.0,11.0
181,31.0,47.0,10.0,47.0,12.0,12.0,8.0,8.0,30.0,11.0,11.0,10.0,11.0
182,31.0,48.0,10.0,47.0,13.0,12.0,8.0,8.0,30.0,11.0,11.0,10.0,11.0
183,31.0,47.0,10.0,47.0,13.0,12.0,8.0,9.0,30.0,11.0,11.0,10.0,11.0
184,31.0,47.0,11.0,47.0,13.0,12.0,8.0,9.0,30.0,11.0,11.0,10.0,11.0
185,31.0,47.0,11.0,46.0,13.0,12.0,8.0,9.0,30.0,11.0,11.0,11.0,11.0
186,31.0,47.0,11.0,46.0,11.0,12.0,8.0,9.0,30.0,11.0,11.0,10.0,11.0
187,31.0,47.0,10.0,46.0,11.0,12.0,8.0,9.0,30.0,11.0,11.0,10.0,11.0
188,31.0,47.0,11.0,46.0,11.0,12.0,8.0,9.0,30.0,10.0,11.0,11.0,11.0
189,31.0,47.0,11.0,46.0,12.0,12.0,8.0,9.0,30.0,10.0,11.0,11.0,11.0
190,31.0,47.0,11.0,46.0,12.0,13.0,8.0,9.0,30.0,10.0,11.0,10.0,11.0
191,31.0,47.0,12.0,46.0,12.0,13.0,8.0,9.0,30.0,9.0,11.0,11.0,11.0
192,31.0,47.0,12.0,46.0,12.0,13.0,8.0,9.0,30.0,9.0,11.0,11.0,11.0
193,31.0,47.0,12.0,46.0,12.0,13.0,8.0,9.0,30.0,9.0,11.0,11.0,11.0
194,31.0,47.0,12.0,46.0,12.0,13.0,8.0,9.0,30.0,9.0,11.0,11.0,11.0
195,31.0,48.0,11.0,46.0,12.0,13.0,8.0,8.0,30.0,8.0,11.0,11.0,11.0
196,31.0,47.0,10.0,47.0,12.0,14.0,8.0,8.0,30.0,8.0,11.0,10.0,11.0
197,31.0,47.0,10.0,46.0,12.0,14.0,8.0,8.0,30.0,9.0,11.0,11.0,11.0
198,31.0,47.0,11.0,46.0,14.0,15.0,8.0,8.0,30.0,9.0,11.0,11.0,11.0
199,31.0,47.0,11.0,46.0,15.0,14.0,8.0,8.0,30.0,8.0,11.0,10.0,11.0
200,31.0,47.0,11.0,47.0,15.0,14.0,8.0,8.0,30.0,8.0,11.0,10.0,11.0
201,31.0,47.0,11.0,46.0,14.0,13.0,8.0,8.0,30.0,8.0,11.0,10.0,11.0
202,31.0,47.0,11.0,46.0,13.0,12.0,8.0,8.0,30.0,8.0,11.0,10.0,11.0
203,31.0,47.0,12.0,46.0,13.0,12.0,8.0,8.0,30.0,8.0,11.0,11.0,11.0
204,31.0,47.0,11.0,46.0,13.0,13.0,8.0,8.0,30.0,8.0,11.0,11.0,11.0
205,31.0,47.0,11.0,46.0,13.0,13.0,8.0,8.0,30.0,8.0,11.0,11.0,11.0
206,31.0,47.0,11.0,46.0,12.0,13.0,8.0,8.0,30.0,8.0,11.0,11.0,11.0
207,31.0,47.0,12.0,46.0,13.0,13.0,8.0,8.0,30.0,8.0,11.0,11.0,11.0
208,31.0,47.0,13.0,46.0,13.0,14.0,8.0,8.0,30.0,8.0,11.0,11.0,11.0
209,31.0,47.0,13.0,46.0,14.0,14.0,8.0,8.0,30.0,8.0,11.0,11.0,11.0
210,31.0,47.0,13.0,46.0,14.0,13.0,8.0,8.0,30.0,8.0,11.0,10.0,11.0
211,31.0,48.0,12.0,46.0,14.0,13.0,8.0,8.0,30.0,8.0,11.0,10.0,11.0
212,31.0,47.0,11.0,46.0,14.0,12.0,8.0,8.0,30.0,8.0,10.0,10.0,11.0
213,31.0,47.0,11.0,46.0,14.0,13.0,8.0,8.0,30.0,8.0,11.0,11.0,11.0
214,31.0,47.0,11.0,46.0,14.0,13.0,8.0,8.0,30.0,8.0,11.0,11.0,11.0
215,31.0,47.0,11.0,47.0,13.0,13.0,8.0,8.0,30.0,8.0,10.0,10.0,11.0
216,31.0,47.0,11.0,47.0,13.0,13.0,8.0,8.0,30.0,8.0,10.0,10.0,11.0
217,31.0,47.0,12.0,47.0,13.0,13.0,8.0,8.0,30.0,8.0,10.0,10.0,11.0
218,31.0,47.0,12.0,46.0,14.0,13.0,8.0,8.0,30.0,8.0,10.0,10.0,11.0
219,31.0,47.0,12.0,47.0,14.0,14.0,8.0,8.0,30.0,8.0,11.0,10.0,11.0
220,31.0,47.0,12.0,47.0,13.0,14.0,8.0,8.0,30.0,8.0,11.0,10.0,11.0
221,31.0,47.0,13.0,46.0,13.0,14.0,8.0,8.0,30.0,8.0,11.0,11.0,11.0
222,31.0,47.0,13.0,46.0,12.0,15.0,8.0,8.0,30.0,8.0,12.0,11.0,11.0
223,31.0,47.0,13.0,46.0,12.0,14.0,8.0,9.0,30.0,8.0,12.0,12.0,11.0
224,31.0,47.0,12.0,47.0,12.0,13.0,8.0,9.0,30.0,8.0,12.0,12.0,11.0
225,31.0,47.0,12.0,47.0,12.0,13.0,8.0,8.0,30.0,8.0,12.0,11.0,11.0
226,31.0,47.0,12.0,46.0,12.0,12.0,8.0,8.0,30.0,8.0,13.0,12.0,11.0
227,31.0,47.0,12.0,47.0,12.0,12.0,8.0,8.0,30.0,8.0,13.0,12.0,11.0
228,31.0,47.0,12.0,47.0,13.0,13.0,8.0,8.0,30.0,8.0,12.0,12.0,11.0
229,31.0,47.0,12.0,47.0,14.0,13.0,9.0,8.0,30.0,8.0,12.0,11.0,11.0
230,31.0,47.0,12.0,46.0,14.0,13.0,8.0,8.0,30.0,8.0,12.0,11.0,11.0
231,31.0,47.0,12.0,47.0,14.0,13.0,8.0,8.0,30.0,9.0,12.0,11.0,11.0
232,31.0,47.0,12.0,46.0,15.0,13.0,8.0,8.0,30.0,8.0,12.0,12.0,11.0
233,31.0,47.0,12.0,46.0,15.0,13.0,8.0,8.0,30.0,8.0,12.0,11.0,11.0
234,31.0,47.0,12.0,46.0,15.0,14.0,8.0,8.0,30.0,8.0,12.0,12.0,11.0
235,31.0,47.0,12.0,47.0,14.0,13.0,8.0,8.0,30.0,8.0,12.0,12.0,11.0
236,31.0,47.0,12.0,46.0,14.0,14.0,8.0,8.0,30.0,8.0,12.0,12.0,12.0
237,31.0,47.0,12.0,46.0,14.0,14.0,8.0,8.0,30.0,8.0,12.0,12.0,12.0
238,31.0,47.0,12.0,46.0,13.0,13.0,8.0,8.0,30.0,8.0,12.0,12.0,12.0
239,31.0,47.0,12.0,46.0,13.0,13.0,8.0,8.0,30.0,8.0,12.0,12.0,12.0
240,31.0,47.0,12.0,46.0,13.0,13.0,8.0,8.0,30.0,8.0,13.0,13.0,12.0
241,31.0,47.0,12.0,46.0,13.0,13.0,8.0,8.0,30.0,8.0,12.0,12.0,12.0
242,31.0,47.0,12.0,47.0,13.0,13.0,8.0,8.0,30.0,8.0,12.0,12.0,12.0
243,31.0,47.0,12.0,46.0,14.0,13.0,8.0,8.0,30.0,9.0,12.0,12.0,12.0
244,31.0,47.0,12.0,47.0,15.0,14.0,8.0,8.0,30.0,9.0,12.0,12.0,13.0
245,31.0,47.0,12.0,46.0,15.0,14.0,8.0,9.0,30.0,9.0,12.0,12.0,12.0
246,31.0,47.0,12.0,46.0,16.0,13.0,8.0,9.0,30.0,8.0,12.0,12.0,12.0
247,31.0,47.0,12.0,46.0,16.0,13.0,8.0,8.0,30.0,9.0,12.0,12.0,11.0
248,31.0,47.0,11.0,46.0,17.0,12.0,8.0,9.0,30.0,9.0,13.0,13.0,12.0
249,31.0,47.0,11.0,47.0,17.0,12.0,8.0,9.0,30.0,9.0,13.0,13.0,12.0
250,31.0,48.0,11.0,46.0,17.0,12.0,8.0,9.0,30.0,10.0,13.0,12.0,12.0
251,31.0,47.0,11.0,46.0,17.0,12.0,8.0,10.0,30.0,10.0,13.0,13.0,12.0
252,31.0,47.0,13.0,47.0,18.0,13.0,8.0,10.0,30.0,10.0,12.0,12.0,12.0
253,31.0,47.0,12.0,46.0,19.0,14.0,8.0,11.0,30.0,10.0,13.0,13.0,11.0
254,31.0,47.0,12.0,47.0,18.0,13.0,8.0,11.0,30.0,10.0,13.0,13.0,12.0
255,31.0,47.0,13.0,46.0,18.0,12.0,8.0,12.0,30.0,10.0,13.0,13.0,13.0
256,31.0,47.0,13.0,46.0,19.0,19.0,8.0,12.0,30.0,10.0,13.0,13.0,13.0
257,31.0,47.0,14.0,46.0,19.0,19.0,9.0,13.0,30.0,10.0,13.0,12.0,13.0
258,31.0,48.0,13.0,47.0,18.0,19.0,8.0,14.0,30.0,10.0,13.0,13.0,13.0
259,31.0,48.0,14.0,46.0,17.0,18.0,9.0,14.0,30.0,10.0,13.0,12.0,13.0
260,31.0,48.0,13.0,46.0,16.0,18.0,9.0,14.0,30.0,11.0,13.0,12.0,13.0
261,32.0,47.0,13.0,47.0,16.0,13.0,8.0,14.0,30.0,10.0,13.0,12.0,14.0
262,32.0,47.0,15.0,47.0,16.0,8.0,8.0,14.0,30.0,11.0,13.0,12.0,15.0
263,31.0,48.0,15.0,48.0,16.0,8.0,8.0,15.0,30.0,11.0,13.0,12.0,15.0
264,31.0,48.0,14.0,47.0,16.0,9.0,8.0,15.0,30.0,11.0,12.0,12.0,14.0
265,31.0,47.0,14.0,46.0,16.0,9.0,8.0,15.0,30.0,11.0,12.0,11.0,15.0
266,31.0,47.0,14.0,47.0,15.0,10.0,8.0,15.0,30.0,11.0,13.0,12.0,15.0
267,32.0,48.0,14.0,47.0,16.0,11.0,8.0,15.0,30.0,11.0,12.0,11.0,15.0
268,32.0,48.0,14.0,47.0,17.0,12.0,8.0,16.0,30.0,11.0,12.0,12.0,14.0
269,31.0,47.0,15.0,46.0,17.0,12.0,8.0,16.0,30.0,11.0,13.0,12.0,13.0
270,31.0,47.0,14.0,47.0,19.0,13.0,8.0,16.0,30.0,9.0,13.0,12.0,13.0
271,31.0,47.0,14.0,47.0,21.0,13.0,8.0,17.0,30.0,9.0,12.0,11.0,12.0
272,31.0,48.0,14.0,47.0,23.0,13.0,8.0,17.0,30.0,9.0,12.0,12.0,12.0
273,31.0,48.0,14.0,47.0,23.0,13.0,8.0,18.0,30.0,8.0,12.0,12.0,12.0
274,31.0,47.0,14.0,47.0,22.0,12.0,8.0,18.0,30.0,8.0,12.0,12.0,12.0
275,31.0,47.0,14.0,48.0,22.0,12.0,8.0,17.0,30.0,8.0,12.0,12.0,12.0
276,31.0,47.0,14.0,47.0,21.0,13.0,8.0,17.0,30.0,8.0,12.0,12.0,13.0
277,31.0,47.0,15.0,47.0,21.0,13.0,8.0,18.0,30.0,8.0,12.0,12.0,14.0
278,31.0,47.0,16.0,47.0,20.0,13.0,8.0,19.0,30.0,8.0,12.0,12.0,13.0
279,31.0,47.0,16.0,47.0,20.0,13.0,8.0,18.0,30.0,8.0,11.0,11.0,13.0
280,31.0,47.0,17.0,47.0,19.0,13.0,8.0,20.0,30.0,8.0,11.0,11.0,14.0
281,31.0,47.0,18.0,46.0,19.0,13.0,8.0,19.0,30.0,8.0,11.0,11.0,14.0
282,31.0,48.0,19.0,46.0,19.0,12.0,9.0,17.0,30.0,8.0,12.0,11.0,14.0
283,31.0,49.0,18.0,47.0,18.0,12.0,8.0,18.0,30.0,8.0,12.0,11.0,14.0
284,31.0,48.0,18.0,47.0,19.0,12.0,8.0,18.0,30.0,8.0,11.0,11.0,13.0
285,31.0,48.0,17.0,47.0,19.0,13.0,8.0,17.0,30.0,8.0,11.0,11.0,12.0
286,31.0,47.0,17.0,46.0,20.0,13.0,8.0,17.0,30.0,8.0,11.0,11.0,12.0
287,31.0,47.0,18.0,46.0,20.0,13.0,8.0,17.0,30.0,8.0,11.0,11.0,11.0
288,31.0,47.0,18.0,46.0,19.0,13.0,8.0,17.0,30.0,8.0,11.0,12.0,11.0
289,31.0,48.0,18.0,46.0,18.0,14.0,8.0,17.0,30.0,8.0,11.0,12.0,11.0
290,31.0,48.0,17.0,46.0,18.0,12.0,8.0,18.0,30.0,8.0,12.0,12.0,11.0
291,31.0,47.0,16.0,46.0,18.0,13.0,8.0,17.0,30.0,8.0,12.0,12.0,11.0
292,31.0,48.0,17.0,47.0,17.0,15.0,8.0,19.0,30.0,8.0,11.0,11.0,11.0
293,31.0,47.0,17.0,47.0,17.0,15.0,8.0,18.0,30.0,8.0,11.0,11.0,11.0
294,31.0,47.0,16.0,46.0,17.0,13.0,8.0,18.0,30.0,8.0,12.0,11.0,11.0
295,31.0,48.0,16.0,46.0,17.0,13.0,8.0,18.0,30.0,8.0,11.0,11.0,11.0
296,31.0,48.0,17.0,47.0,16.0,13.0,8.0,18.0,30.0,8.0,11.0,11.0,11.0
297,31.0,47.0,16.0,46.0,15.0,12.0,8.0,18.0,30.0,8.0,11.0,11.0,11.0
298,31.0,47.0,16.0,46.0,13.0,12.0,8.0,17.0,30.0,8.0,11.0,11.0,12.0
299,31.0,47.0,16.0,46.0,13.0,13.0,8.0,17.0,30.0,8.0,11.0,11.0,11.0
300,31.0,47.0,17.0,46.0,13.0,14.0,8.0,16.0,30.0,8.0,11.0,11.0,11.0
301,31.0,47.0,16.0,46.0,11.0,14.0,8.0,17.0,30.0,8.0,11.0,11.0,11.0
302,31.0,47.0,16.0,46.0,11.0,15.0,8.0,16.0,30.0,8.0,11.0,11.0,11.0
303,31.0,47.0,16.0,46.0,10.0,15.0,8.0,16.0,30.0,8.0,11.0,11.0,11.0
304,31.0,47.0,16.0,46.0,11.0,12.0,8.0,15.0,30.0,8.0,11.0,12.0,11.0
305,31.0,47.0,16.0,46.0,11.0,13.0,8.0,16.0,30.0,8.0,11.0,11.0,11.0
306,31.0,47.0,16.0,46.0,11.0,13.0,8.0,15.0,30.0,8.0,10.0,11.0,11.0
307,31.0,47.0,16.0,46.0,11.0,12.0,8.0,15.0,30.0,8.0,11.0,11.0,11.0
308,31.0,47.0,14.0,46.0,11.0,13.0,8.0,14.0,30.0,8.0,11.0,11.0,11.0
309,31.0,47.0,13.0,46.0,12.0,12.0,8.0,13.0,30.0,8.0,10.0,11.0,11.0
310,31.0,48.0,13.0,46.0,11.0,12.0,8.0,12.0,30.0,8.0,10.0,11.0,11.0
311,31.0,48.0,11.0,46.0,11.0,13.0,9.0,12.0,30.0,8.0,11.0,11.0,11.0
312,31.0,48.0,11.0,46.0,11.0,12.0,8.0,10.0,30.0,8.0,11.0,11.0,11.0
313,31.0,47.0,11.0,46.0,10.0,12.0,8.0,10.0,30.0,8.0,11.0,11.0,11.0
314,31.0,48.0,11.0,46.0,10.0,12.0,8.0,10.0,30.0,8.0,11.0,11.0,11.0
315,31.0,47.0,11.0,46.0,11.0,12.0,8.0,10.0,30.0,8.0,11.0,11.0,11.0
316,31.0,48.0,11.0,46.0,10.0,12.0,8.0,10.0,30.0,8.0,10.0,11.0,11.0
317,32.0,47.0,11.0,46.0,11.0,12.0,8.0,9.0,30.0,8.0,11.0,11.0,11.0
318,32.0,47.0,12.0,46.0,10.0,12.0,8.0,9.0,30.0,8.0,11.0,10.0,11.0
319,31.0,47.0,12.0,47.0,10.0,12.0,8.0,8.0,30.0,8.0,11.0,11.0,11.0
320,31.0,47.0,11.0,46.0,10.0,11.0,8.0,9.0,30.0,8.0,12.0,11.0,11.0
321,31.0,47.0,11.0,47.0,10.0,11.0,8.0,8.0,30.0,8.0,12.0,11.0,11.0
322,31.0,47.0,10.0,47.0,10.0,9.0,8.0,8.0,30.0,8.0,11.0,11.0,11.0
323,31.0,47.0,10.0,47.0,10.0,8.0,8.0,8.0,30.0,8.0,10.0,11.0,11.0
324,31.0,47.0,10.0,47.0,10.0,8.0,8.0,8.0,30.0,8.0,10.0,11.0,11.0
325,31.0,47.0,10.0,47.0,10.0,8.0,8.0,8.0,30.0,8.0,11.0,10.0,11.0
326,31.0,48.0,10.0,47.0,10.0,8.0,8.0,8.0,30.0,8.0,10.0,10.0,11.0
327,31.0,47.0,10.0,46.0,10.0,7.0,8.0,8.0,30.0,8.0,10.0,11.0,11.0
328,31.0,47.0,10.0,47.0,12.0,7.0,8.0,8.0,30.0,8.0,11.0,11.0,11.0
329,31.0,47.0,10.0,46.0,18.0,7.0,8.0,8.0,30.0,8.0,11.0,11.0,11.0
330,31.0,47.0,10.0,46.0,16.0,7.0,8.0,8.0,30.0,8.0,10.0,10.0,11.0
331,31.0,48.0,10.0,46.0,15.0,7.0,8.0,8.0,30.0,8.0,10.0,10.0,11.0
332,31.0,47.0,10.0,46.0,11.0,7.0,8.0,8.0,30.0,8.0,10.0,10.0,11.0
333,31.0,47.0,10.0,46.0,10.0,7.0,8.0,8.0,30.0,8.0,10.0,10.0,11.0
334,31.0,47.0,10.0,46.0,10.0,8.0,8.0,8.0,30.0,8.0,10.0,10.0,11.0
335,31.0,47.0,10.0,47.0,10.0,8.0,8.0,8.0,30.0,8.0,10.0,10.0,11.0
336,31.0,47.0,10.0,47.0,10.0,7.0,8.0,8.0,30.0,8.0,10.0,10.0,11.0
337,31.0,47.0,10.0,47.0,10.0,7.0,8.0,8.0,30.0,8.0,10.0,10.0,11.0
338,31.0,47.0,10.0,47.0,10.0,7.0,8.0,8.0,30.0,8.0,10.0,10.0,11.0
339,31.0,47.0,14.0,46.0,10.0,7.0,8.0,8.0,30.0,8.0,10.0,10.0,11.0
340,31.0,47.0,13.0,46.0,10.0,7.0,8.0,8.0,30.0,8.0,10.0,10.0,11.0
341,31.0,47.0,13.0,47.0,10.0,7.0,8.0,8.0,30.0,8.0,10.0,10.0,11.0
342,31.0,47.0,11.0,46.0,10.0,7.0,8.0,8.0,30.0,8.0,10.0,10.0,11.0
343,31.0,47.0,10.0,46.0,10.0,7.0,8.0,8.0,30.0,8.0,10.0,10.0,11.0
344,31.0,47.0,10.0,46.0,10.0,7.0,8.0,8.0,30.0,8.0,10.0,10.0,11.0
345,31.0,47.0,10.0,47.0,10.0,7.0,8.0,8.0,30.0,8.0,10.0,10.0,11.0
346,31.0,47.0,10.0,46.0,10.0,7.0,8.0,8.0,30.0,8.0,10.0,10.0,11.0
347,31.0,47.0,10.0,47.0,10.0,7.0,8.0,8.0,30.0,8.0,10.0,10.0,11.0
348,31.0,47.0,11.0,47.0,10.0,7.0,8.0,8.0,30.0,8.0,10.0,10.0,11.0
349,31.0,47.0,11.0,47.0,10.0,7.0,8.0,8.0,30.0,8.0,11.0,10.0,11.0
350,31.0,47.0,11.0,47.0,10.0,8.0,8.0,8.0,30.0,8.0,10.0,10.0,11.0
351,31.0,47.0,10.0,46.0,10.0,7.0,8.0,8.0,30.0,8.0,11.0,10.0,11.0
352,31.0,47.0,10.0,46.0,10.0,7.0,8.0,8.0,30.0,8.0,10.0,10.0,11.0
353,31.0,47.0,10.0,46.0,10.0,7.0,8.0,8.0,30.0,8.0,10.0,10.0,11.0
354,31.0,47.0,10.0,46.0,10.0,7.0,8.0,8.0,30.0,8.0,10.0,10.0,11.0
355,31.0,47.0,10.0,46.0,10.0,7.0,8.0,8.0,30.0,8.0,10.0,11.0,11.0
356,31.0,47.0,10.0,46.0,10.0,7.0,8.0,8.0,30.0,8.0,10.0,10.0,11.0
357,31.0,48.0,10.0,46.0,10.0,7.0,8.0,8.0,30.0,8.0,10.0,10.0,11.0
358,31.0,48.0,10.0,46.0,10.0,7.0,8.0,8.0,30.0,8.0,10.0,10.0,11.0
359,31.0,47.0,10.0,46.0,10.0,7.0,8.0,8.0,30.0,8.0,10.0,10.0,11.0
360,31.0,48.0,10.0,47.0,10.0,7.0,8.0,8.0,30.0,8.0,10.0,10.0,11.0
361,31.0,48.0,10.0,48.0,10.0,7.0,8.0,8.0,30.0,8.0,10.0,10.0,11.0
362,31.0,48.0,10.0,48.0,10.0,7.0,8.0,8.0,30.0,8.0,10.0,10.0,11.0
363,31.0,47.0,10.0,47.0,10.0,7.0,8.0,8.0,30.0,8.0,10.0,10.0,11.0
364,31.0,47.0,10.0,47.0,10.0,7.0,9.0,8.0,30.0,8.0,10.0,10.0,11.0
365,31.0,47.0,10.0,47.0,10.0,7.0,8.0,8.0,30.0,8.0,10.0,10.0,11.0
366,31.0,47.0,10.0,48.0,10.0,7.0,8.0,8.0,30.0,8.0,10.0,10.0,11.0
367,31.0,48.0,10.0,48.0,10.0,7.0,8.0,8.0,30.0,8.0,10.0,10.0,11.0
368,31.0,48.0,10.0,48.0,10.0,7.0,8.0,8.0,30.0,8.0,10.0,10.0,11.0
369,31.0,48.0,10.0,48.0,10.0,7.0,8.0,10.0,30.0,8.0,10.0,10.0,11.0
370,31.0,47.0,10.0,47.0,10.0,7.0,8.0,11.0,30.0,8.0,10.0,10.0,11.0
371,31.0,47.0,10.0,47.0,10.0,7.0,8.0,10.0,30.0,8.0,10.0,10.0,11.0
372,31.0,47.0,10.0,47.0,10.0,7.0,8.0,9.0,30.0,8.0,10.0,10.0,11.0
373,31.0,47.0,10.0,47.0,10.0,7.0,8.0,8.0,30.0,8.0,10.0,10.0,11.0
374,31.0,47.0,10.0,46.0,10.0,7.0,8.0,8.0,30.0,8.0,10.0,10.0,11.0
375,31.0,47.0,10.0,46.0,10.0,7.0,8.0,8.0,30.0,8.0,10.0,10.0,11.0
376,31.0,47.0,10.0,46.0,10.0,7.0,8.0,8.0,30.0,8.0,10.0,10.0,11.0
377,31.0,47.0,10.0,47.0,10.0,7.0,8.0,8.0,30.0,8.0,10.0,11.0,11.0
378,31.0,47.0,10.0,47.0,10.0,7.0,8.0,8.0,30.0,8.0,10.0,10.0,11.0
379,31.0,47.0,10.0,47.0,10.0,7.0,8.0,9.0,30.0,8.0,10.0,10.0,11.0
380,31.0,48.0,10.0,47.0,10.0,7.0,8.0,9.0,30.0,8.0,10.0,10.0,11.0
381,31.0,48.0,10.0,47.0,10.0,7.0,8.0,8.0,30.0,8.0,10.0,10.0,11.0
382,31.0,48.0,10.0,48.0,10.0,7.0,8.0,8.0,30.0,8.0,10.0,10.0,11.0
383,31.0,47.0,10.0,48.0,10.0,7.0,8.0,8.0,30.0,8.0,10.0,10.0,11.0
384,31.0,47.0,10.0,47.0,11.0,7.0,8.0,8.0,30.0,8.0,10.0,10.0,11.0
385,31.0,47.0,10.0,47.0,12.0,7.0,8.0,8.0,30.0,8.0,10.0,10.0,11.0
386,31.0,47.0,10.0,47.0,12.0,7.0,8.0,8.0,30.0,8.0,10.0,10.0,11.0
387,31.0,47.0,10.0,48.0,12.0,7.0,8.0,8.0,30.0,8.0,10.0,10.0,11.0
388,31.0,47.0,15.0,47.0,10.0,7.0,8.0,8.0,30.0,8.0,10.0,10.0,11.0
389,31.0,48.0,14.0,48.0,10.0,7.0,8.0,8.0,30.0,8.0,10.0,10.0,11.0
390,31.0,48.0,13.0,48.0,10.0,7.0,8.0,8.0,30.0,8.0,10.0,10.0,11.0
391,31.0,48.0,12.0,48.0,10.0,7.0,8.0,8.0,30.0,8.0,10.0,10.0,11.0
392,31.0,48.0,10.0,48.0,10.0,7.0,8.0,8.0,30.0,8.0,10.0,10.0,11.0
393,31.0,48.0,10.0,48.0,10.0,7.0,8.0,8.0,30.0,8.0,11.0,10.0,11.0
394,31.0,47.0,11.0,47.0,10.0,7.0,8.0,8.0,30.0,8.0,10.0,10.0,11.0
395,31.0,47.0,12.0,48.0,10.0,7.0,8.0,8.0,30.0,8.0,10.0,10.0,11.0
396,31.0,48.0,11.0,49.0,10.0,7.0,8.0,8.0,30.0,8.0,10.0,10.0,11.0
397,31.0,48.0,11.0,50.0,10.0,7.0,8.0,8.0,30.0,8.0,11.0,10.0,11.0
398,31.0,48.0,11.0,49.0,10.0,7.0,8.0,8.0,30.0,8.0,11.0,10.0,11.0
399,31.0,48.0,10.0,48.0,10.0,7.0,8.0,8.0,30.0,8.0,10.0,10.0,11.0
400,31.0,48.0,10.0,48.0,11.0,7.0,8.0,8.0,30.0,8.0,10.0,10.0,11.0
401,31.0,47.0,10.0,49.0,11.0,7.0,8.0,8.0,30.0,8.0,10.0,10.0,11.0
402,31.0,48.0,10.0,49.0,10.0,7.0,8.0,8.0,30.0,8.0,10.0,12.0,11.0
403,31.0,48.0,10.0,49.0,11.0,7.0,8.0,8.0,30.0,8.0,10.0,12.0,11.0
404,31.0,48.0,10.0,48.0,10.0,7.0,8.0,8.0,30.0,8.0,11.0,11.0,11.0
405,31.0,49.0,10.0,48.0,10.0,7.0,8.0,8.0,30.0,8.0,10.0,11.0,11.0
406,31.0,48.0,10.0,48.0,10.0,7.0,8.0,8.0,30.0,8.0,10.0,10.0,11.0
407,31.0,49.0,10.0,48.0,10.0,7.0,8.0,8.0,30.0,8.0,10.0,10.0,11.0
408,31.0,49.0,10.0,48.0,10.0,7.0,8.0,8.0,30.0,8.0,10.0,10.0,11.0
409,31.0,49.0,10.0,48.0,10.0,7.0,9.0,8.0,30.0,8.0,10.0,10.0,11.0
410,31.0,48.0,10.0,47.0,10.0,7.0,8.0,8.0,30.0,8.0,10.0,10.0,11.0
411,31.0,48.0,11.0,48.0,10.0,7.0,8.0,8.0,30.0,8.0,10.0,10.0,11.0
412,31.0,47.0,10.0,48.0,10.0,7.0,8.0,8.0,30.0,8.0,10.0,10.0,11.0
413,31.0,47.0,10.0,48.0,10.0,7.0,8.0,8.0,30.0,8.0,10.0,10.0,11.0
414,31.0,47.0,10.0,48.0,10.0,7.0,8.0,8.0,30.0,8.0,10.0,10.0,11.0
415,31.0,48.0,10.0,48.0,10.0,7.0,8.0,8.0,30.0,8.0,10.0,10.0,11.0
416,31.0,48.0,10.0,48.0,10.0,7.0,8.0,8.0,30.0,8.0,10.0,10.0,11.0
417,31.0,48.0,10.0,48.0,10.0,7.0,8.0,8.0,30.0,8.0,10.0,10.0,11.0
418,31.0,48.0,10.0,49.0,10.0,7.0,8.0,8.0,30.0,8.0,10.0,10.0,11.0
419,31.0,48.0,10.0,48.0,10.0,7.0,8.0,8.0,30.0,8.0,10.0,10.0,11.0
420,31.0,48.0,10.0,48.0,10.0,7.0,8.0,8.0,30.0,8.0,10.0,10.0,11.0
421,31.0,48.0,10.0,48.0,10.0,7.0,8.0,8.0,30.0,8.0,10.0,10.0,11.0
422,31.0,47.0,10.0,48.0,10.0,7.0,9.0,8.0,30.0,8.0,10.0,10.0,11.0
423,31.0,47.0,10.0,48.0,10.0,7.0,8.0,8.0,30.0,8.0,10.0,10.0,11.0
424,31.0,47.0,10.0,48.0,11.0,7.0,8.0,8.0,30.0,8.0,10.0,10.0,11.0
425,31.0,47.0,10.0,48.0,10.0,7.0,8.0,8.0,30.0,8.0,10.0,10.0,11.0
426,31.0,48.0,10.0,48.0,10.0,7.0,8.0,8.0,30.0,8.0,10.0,10.0,11.0
427,31.0,48.0,10.0,48.0,10.0,7.0,8.0,8.0,30.0,8.0,10.0,10.0,11.0
428,31.0,47.0,10.0,48.0,10.0,7.0,8.0,8.0,30.0,8.0,10.0,10.0,11.0
429,31.0,47.0,10.0,48.0,10.0,7.0,8.0,8.0,30.0,8.0,10.0,10.0,11.0
430,31.0,47.0,10.0,48.0,10.0,7.0,8.0,8.0,30.0,8.0,10.0,10.0,11.0
431,31.0,48.0,10.0,48.0,10.0,7.0,8.0,8.0,30.0,8.0,10.0,10.0,11.0
432,31.0,48.0,10.0,48.0,10.0,7.0,8.0,8.0,30.0,8.0,10.0,11.0,11.0
433,31.0,48.0,10.0,48.0,10.0,7.0,8.0,8.0,30.0,8.0,10.0,10.0,11.0
434,31.0,48.0,10.0,48.0,10.0,7.0,8.0,8.0,30.0,8.0,10.0,10.0,11.0
435,31.0,49.0,10.0,48.0,10.0,7.0,8.0,8.0,30.0,8.0,10.0,10.0,11.0
436,31.0,48.0,10.0,49.0,19.0,7.0,8.0,8.0,30.0,8.0,10.0,10.0,11.0
437,31.0,48.0,10.0,49.0,18.0,7.0,8.0,8.0,30.0,8.0,10.0,10.0,11.0
438,31.0,48.0,10.0,48.0,10.0,7.0,8.0,8.0,30.0,8.0,10.0,10.0,11.0
439,31.0,48.0,10.0,48.0,10.0,7.0,8.0,8.0,30.0,8.0,10.0,10.0,11.0
440,31.0,48.0,10.0,49.0,10.0,7.0,8.0,8.0,30.0,8.0,10.0,10.0,11.0
441,31.0,48.0,10.0,49.0,10.0,7.0,8.0,8.0,30.0,8.0,10.0,10.0,11.0
442,31.0,48.0,11.0,49.0,10.0,7.0,8.0,8.0,30.0,8.0,10.0,10.0,11.0
443,31.0,48.0,11.0,48.0,10.0,7.0,8.0,8.0,30.0,8.0,10.0,10.0,11.0
444,31.0,47.0,10.0,48.0,10.0,7.0,8.0,8.0,30.0,8.0,10.0,10.0,11.0
445,31.0,47.0,10.0,48.0,10.0,7.0,8.0,8.0,30.0,8.0,10.0,10.0,11.0
446,31.0,48.0,10.0,49.0,10.0,7.0,8.0,8.0,30.0,8.0,10.0,10.0,11.0
447,31.0,47.0,10.0,48.0,10.0,7.0,8.0,8.0,30.0,8.0,10.0,10.0,11.0
448,31.0,47.0,10.0,48.0,10.0,7.0,8.0,8.0,30.0,8.0,10.0,10.0,11.0
449,31.0,47.0,10.0,48.0,10.0,7.0,8.0,8.0,30.0,8.0,10.0,10.0,11.0
450,31.0,48.0,10.0,48.0,10.0,7.0,8.0,8.0,30.0,8.0,10.0,10.0,11.0
451,31.0,47.0,10.0,47.0,10.0,7.0,8.0,8.0,30.0,8.0,10.0,10.0,11.0
452,31.0,47.0,10.0,47.0,10.0,7.0,9.0,8.0,30.0,8.0,10.0,10.0,11.0
453,31.0,47.0,10.0,48.0,10.0,7.0,8.0,8.0,30.0,8.0,10.0,10.0,11.0
454,31.0,47.0,10.0,48.0,10.0,7.0,8.0,8.0,30.0,8.0,10.0,10.0,11.0
455,31.0,47.0,10.0,48.0,10.0,7.0,8.0,8.0,30.0,8.0,10.0,10.0,11.0
456,31.0,47.0,10.0,47.0,10.0,7.0,8.0,8.0,30.0,8.0,10.0,10.0,11.0
457,31.0,47.0,10.0,47.0,10.0,7.0,8.0,8.0,30.0,8.0,10.0,10.0,11.0
458,31.0,47.0,10.0,47.0,10.0,7.0,8.0,8.0,30.0,8.0,10.0,10.0,11.0
459,31.0,47.0,10.0,47.0,10.0,7.0,8.0,8.0,30.0,8.0,10.0,10.0,11.0
460,31.0,47.0,10.0,47.0,10.0,7.0,8.0,8.0,30.0,8.0,10.0,10.0,11.0
461,31.0,47.0,10.0,47.0,10.0,7.0,8.0,8.0,30.0,8.0,10.0,10.0,11.0
462,31.0,47.0,10.0,48.0,10.0,7.0,8.0,8.0,30.0,8.0,10.0,10.0,11.0
463,31.0,47.0,10.0,48.0,10.0,7.0,8.0,8.0,30.0,8.0,10.0,10.0,11.0
464,31.0,48.0,10.0,49.0,10.0,7.0,8.0,9.0,30.0,8.0,10.0,10.0,11.0
465,31.0,47.0,10.0,49.0,10.0,7.0,8.0,8.0,30.0,8.0,10.0,10.0,11.0
466,31.0,48.0,10.0,48.0,10.0,7.0,8.0,9.0,30.0,8.0,10.0,10.0,11.0
467,31.0,47.0,10.0,48.0,10.0,7.0,8.0,9.0,30.0,8.0,10.0,10.0,11.0
468,31.0,47.0,10.0,48.0,10.0,7.0,9.0,9.0,30.0,8.0,10.0,10.0,11.0
469,31.0,48.0,10.0,48.0,10.0,7.0,8.0,8.0,30.0,8.0,10.0,10.0,11.0
470,31.0,48.0,10.0,48.0,10.0,7.0,8.0,8.0,30.0,8.0,10.0,10.0,11.0
471,31.0,48.0,10.0,48.0,12.0,7.0,8.0,8.0,30.0,8.0,10.0,10.0,11.0
472,31.0,48.0,10.0,48.0,11.0,7.0,8.0,8.0,30.0,8.0,10.0,10.0,11.0
473,31.0,48.0,10.0,48.0,11.0,7.0,8.0,8.0,30.0,8.0,10.0,10.0,11.0
474,31.0,47.0,10.0,48.0,10.0,10.0,8.0,8.0,30.0,8.0,10.0,10.0,11.0
475,31.0,48.0,10.0,48.0,10.0,7.0,8.0,8.0,30.0,8.0,10.0,10.0,11.0
476,31.0,48.0,10.0,48.0,10.0,8.0,8.0,8.0,30.0,8.0,10.0,10.0,11.0
477,31.0,48.0,10.0,48.0,11.0,7.0,8.0,9.0,30.0,8.0,10.0,10.0,11.0
478,31.0,48.0,10.0,48.0,10.0,7.0,8.0,8.0,30.0,8.0,10.0,10.0,11.0
479,31.0,48.0,10.0,49.0,10.0,7.0,8.0,8.0,30.0,8.0,10.0,11.0,11.0
480,31.0,48.0,11.0,48.0,10.0,7.0,8.0,8.0,30.0,8.0,10.0,10.0,11.0
481,31.0,48.0,10.0,49.0,10.0,7.0,8.0,8.0,30.0,8.0,10.0,10.0,11.0
482,31.0,48.0,10.0,48.0,10.0,7.0,8.0,8.0,30.0,8.0,10.0,10.0,11.0
483,31.0,48.0,10.0,48.0,10.0,7.0,8.0,8.0,30.0,8.0,10.0,10.0,11.0
484,31.0,47.0,10.0,48.0,10.0,7.0,8.0,9.0,30.0,8.0,10.0,10.0,11.0
485,31.0,47.0,10.0,48.0,10.0,7.0,8.0,9.0,30.0,8.0,10.0,10.0,11.0
486,31.0,48.0,10.0,50.0,10.0,7.0,8.0,8.0,30.0,8.0,10.0,10.0,11.0
487,31.0,48.0,10.0,50.0,10.0,7.0,8.0,8.0,30.0,8.0,10.0,10.0,11.0
488,31.0,47.0,10.0,48.0,10.0,7.0,8.0,8.0,30.0,8.0,10.0,10.0,11.0
489,31.0,48.0,10.0,47.0,10.0,7.0,8.0,9.0,30.0,8.0,10.0,10.0,11.0
490,31.0,47.0,10.0,47.0,10.0,7.0,8.0,9.0,30.0,8.0,10.0,10.0,11.0
491,31.0,48.0,10.0,47.0,10.0,7.0,8.0,8.0,30.0,8.0,10.0,10.0,11.0
492,31.0,48.0,10.0,47.0,10.0,7.0,8.0,9.0,30.0,8.0,10.0,10.0,11.0
493,31.0,48.0,10.0,47.0,10.0,7.0,8.0,8.0,30.0,8.0,10.0,10.0,11.0
494,31.0,47.0,10.0,47.0,10.0,7.0,8.0,8.0,30.0,8.0,10.0,10.0,11.0
495,31.0,47.0,10.0,47.0,10.0,7.0,8.0,8.0,30.0,8.0,10.0,10.0,11.0
496,31.0,47.0,10.0,47.0,10.0,7.0,8.0,8.0,30.0,8.0,10.0,10.0,11.0
497,31.0,48.0,10.0,47.0,10.0,7.0,8.0,8.0,30.0,8.0,10.0,10.0,11.0
498,31.0,47.0,10.0,47.0,10.0,7.0,8.0,8.0,30.0,8.0,10.0,10.0,11.0
499,31.0,47.0,10.0,47.0,10.0,7.0,8.0,8.0,30.0,8.0,10.0,10.0,11.0
500,31.0,47.0,10.0,47.0,10.0,7.0,8.0,8.0,30.0,8.0,10.0,10.0,11.0
501,31.0,47.0,10.0,47.0,11.0,7.0,8.0,8.0,30.0,8.0,10.0,10.0,11.0
502,31.0,47.0,10.0,47.0,11.0,7.0,8.0,8.0,30.0,8.0,10.0,10.0,11.0
503,31.0,47.0,10.0,47.0,11.0,7.0,8.0,8.0,30.0,8.0,10.0,10.0,11.0
504,31.0,47.0,10.0,47.0,10.0,7.0,8.0,8.0,30.0,8.0,10.0,10.0,11.0
505,31.0,48.0,10.0,48.0,10.0,7.0,8.0,8.0,30.0,8.0,11.0,10.0,11.0
506,31.0,48.0,10.0,47.0,10.0,7.0,8.0,8.0,30.0,8.0,11.0,11.0,11.0
507,31.0,48.0,10.0,46.0,10.0,8.0,8.0,8.0,30.0,8.0,11.0,10.0,11.0
508,31.0,47.0,10.0,46.0,10.0,7.0,8.0,8.0,30.0,8.0,11.0,11.0,11.0
509,31.0,47.0,10.0,46.0,11.0,8.0,8.0,8.0,30.0,8.0,11.0,11.0,11.0
510,31.0,47.0,10.0,47.0,11.0,7.0,8.0,8.0,30.0,8.0,11.0,11.0,11.0
511,31.0,48.0,10.0,47.0,10.0,7.0,8.0,8.0,30.0,8.0,11.0,11.0,11.0
512,31.0,48.0,10.0,48.0,11.0,7.0,8.0,8.0,30.0,8.0,10.0,10.0,11.0
513,31.0,48.0,10.0,47.0,11.0,7.0,8.0,8.0,30.0,8.0,11.0,10.0,11.0
514,31.0,48.0,10.0,47.0,11.0,7.0,8.0,8.0,30.0,8.0,10.0,10.0,11.0
515,31.0,49.0,10.0,47.0,11.0,7.0,8.0,8.0,30.0,8.0,11.0,11.0,11.0
516,31.0,48.0,10.0,47.0,11.0,7.0,8.0,8.0,30.0,8.0,11.0,11.0,11.0
517,31.0,49.0,11.0,47.0,12.0,7.0,8.0,8.0,30.0,8.0,11.0,11.0,11.0
518,31.0,49.0,10.0,47.0,13.0,7.0,8.0,8.0,30.0,8.0,11.0,11.0,11.0
519,31.0,49.0,11.0,47.0,13.0,7.0,8.0,8.0,30.0,8.0,10.0,10.0,11.0
520,31.0,49.0,11.0,47.0,14.0,7.0,8.0,8.0,30.0,8.0,11.0,10.0,11.0
521,31.0,49.0,11.0,47.0,15.0,7.0,8.0,8.0,30.0,8.0,11.0,10.0,11.0
522,31.0,49.0,12.0,47.0,16.0,7.0,8.0,8.0,30.0,8.0,10.0,11.0,11.0
523,31.0,49.0,12.0,48.0,16.0,7.0,8.0,8.0,30.0,8.0,11.0,11.0,11.0
524,31.0,48.0,13.0,47.0,16.0,7.0,8.0,8.0,30.0,8.0,11.0,11.0,11.0
525,31.0,48.0,13.0,47.0,17.0,7.0,8.0,8.0,30.0,8.0,11.0,11.0,11.0
526,31.0,49.0,13.0,47.0,18.0,7.0,8.0,8.0,30.0,8.0,11.0,11.0,11.0
527,31.0,48.0,13.0,47.0,19.0,7.0,8.0,8.0,30.0,8.0,11.0,11.0,11.0
528,31.0,48.0,14.0,47.0,19.0,7.0,8.0,8.0,30.0,8.0,11.0,10.0,11.0
529,31.0,49.0,14.0,48.0,19.0,7.0,8.0,8.0,30.0,8.0,11.0,11.0,11.0
530,31.0,48.0,14.0,47.0,18.0,7.0,8.0,8.0,30.0,8.0,11.0,11.0,11.0
531,31.0,48.0,15.0,49.0,17.0,7.0,8.0,8.0,30.0,8.0,10.0,10.0,11.0
532,31.0,48.0,15.0,49.0,16.0,7.0,8.0,8.0,30.0,8.0,10.0,10.0,11.0
533,31.0,48.0,15.0,47.0,16.0,7.0,8.0,8.0,30.0,8.0,10.0,10.0,11.0
534,31.0,48.0,16.0,48.0,16.0,7.0,8.0,8.0,30.0,8.0,11.0,10.0,11.0
535,31.0,48.0,15.0,48.0,17.0,7.0,8.0,8.0,30.0,8.0,10.0,11.0,11.0
536,31.0,47.0,16.0,48.0,17.0,7.0,8.0,8.0,30.0,8.0,10.0,10.0,11.0
537,31.0,48.0,16.0,47.0,18.0,7.0,8.0,8.0,30.0,8.0,10.0,10.0,11.0
538,31.0,48.0,17.0,47.0,19.0,8.0,8.0,8.0,30.0,8.0,11.0,11.0,11.0
539,31.0,48.0,18.0,47.0,19.0,7.0,8.0,8.0,30.0,8.0,11.0,10.0,11.0
540,31.0,47.0,19.0,47.0,19.0,7.0,9.0,8.0,30.0,8.0,11.0,11.0,11.0
541,31.0,47.0,19.0,46.0,19.0,7.0,8.0,8.0,30.0,8.0,11.0,10.0,11.0
542,31.0,48.0,20.0,46.0,19.0,7.0,8.0,8.0,31.0,8.0,11.0,11.0,11.0
543,31.0,47.0,20.0,47.0,20.0,7.0,8.0,8.0,31.0,8.0,11.0,10.0,11.0
544,31.0,47.0,18.0,47.0,19.0,7.0,8.0,8.0,32.0,8.0,11.0,10.0,11.0
545,31.0,47.0,17.0,46.0,19.0,7.0,8.0,8.0,33.0,8.0,10.0,10.0,11.0
546,31.0,47.0,16.0,46.0,18.0,7.0,9.0,8.0,33.0,8.0,10.0,10.0,11.0
547,31.0,47.0,16.0,47.0,19.0,7.0,8.0,8.0,36.0,8.0,10.0,10.0,11.0
548,31.0,47.0,15.0,47.0,19.0,8.0,8.0,8.0,35.0,8.0,11.0,11.0,11.0
549,31.0,47.0,15.0,47.0,17.0,8.0,8.0,8.0,35.0,8.0,12.0,12.0,11.0
550,31.0,47.0,15.0,47.0,17.0,8.0,9.0,8.0,33.0,8.0,11.0,11.0,11.0
551,31.0,48.0,15.0,47.0,16.0,8.0,8.0,8.0,35.0,8.0,11.0,11.0,11.0
552,31.0,47.0,14.0,47.0,15.0,7.0,8.0,8.0,35.0,8.0,12.0,12.0,11.0
553,31.0,48.0,13.0,47.0,16.0,7.0,8.0,8.0,33.0,8.0,12.0,12.0,11.0
554,31.0,47.0,12.0,47.0,16.0,8.0,8.0,8.0,30.0,8.0,12.0,12.0,11.0
555,31.0,47.0,12.0,47.0,15.0,7.0,8.0,8.0,30.0,8.0,11.0,11.0,11.0
556,31.0,47.0,12.0,47.0,15.0,7.0,8.0,8.0,30.0,8.0,11.0,11.0,11.0
557,31.0,47.0,12.0,47.0,16.0,7.0,8.0,8.0,30.0,8.0,11.0,10.0,11.0
558,31.0,47.0,12.0,46.0,15.0,7.0,8.0,8.0,30.0,8.0,11.0,10.0,11.0
559,31.0,47.0,12.0,46.0,14.0,7.0,8.0,8.0,30.0,8.0,10.0,10.0,11.0
560,31.0,47.0,13.0,47.0,14.0,8.0,8.0,8.0,30.0,8.0,11.0,11.0,11.0
561,31.0,47.0,13.0,47.0,14.0,8.0,8.0,8.0,30.0,8.0,10.0,10.0,11.0
562,31.0,47.0,13.0,47.0,14.0,8.0,8.0,8.0,30.0,8.0,11.0,10.0,11.0
563,31.0,48.0,13.0,46.0,13.0,8.0,8.0,8.0,30.0,8.0,10.0,10.0,11.0
564,31.0,48.0,13.0,46.0,13.0,8.0,8.0,8.0,30.0,8.0,10.0,10.0,11.0
565,31.0,48.0,13.0,47.0,13.0,7.0,8.0,8.0,30.0,8.0,10.0,10.0,11.0
566,31.0,47.0,12.0,47.0,12.0,7.0,8.0,8.0,30.0,8.0,10.0,10.0,11.0
567,31.0,47.0,12.0,47.0,11.0,7.0,8.0,8.0,30.0,8.0,11.0,10.0,11.0
568,31.0,47.0,13.0,46.0,11.0,7.0,8.0,8.0,30.0,8.0,11.0,10.0,11.0
569,31.0,47.0,12.0,46.0,11.0,8.0,8.0,8.0,30.0,8.0,10.0,10.0,11.0
570,31.0,47.0,11.0,46.0,11.0,7.0,8.0,8.0,30.0,8.0,10.0,10.0,11.0
571,31.0,47.0,11.0,46.0,11.0,8.0,8.0,8.0,30.0,8.0,10.0,10.0,11.0
572,31.0,47.0,11.0,46.0,11.0,7.0,8.0,8.0,30.0,8.0,11.0,10.0,11.0
573,31.0,47.0,11.0,46.0,11.0,8.0,8.0,8.0,30.0,8.0,11.0,11.0,11.0
574,31.0,47.0,11.0,47.0,10.0,8.0,8.0,8.0,30.0,8.0,11.0,11.0,11.0
575,31.0,47.0,11.0,46.0,10.0,7.0,8.0,8.0,30.0,8.0,11.0,11.0,11.0
576,31.0,47.0,10.0,46.0,10.0,7.0,8.0,8.0,30.0,8.0,12.0,11.0,11.0
577,31.0,47.0,10.0,46.0,11.0,8.0,8.0,8.0,30.0,8.0,11.0,11.0,11.0
578,31.0,47.0,10.0,46.0,11.0,8.0,8.0,8.0,30.0,8.0,11.0,11.0,11.0
579,31.0,47.0,10.0,46.0,11.0,7.0,8.0,8.0,30.0,8.0,11.0,11.0,11.0
580,31.0,47.0,10.0,46.0,11.0,8.0,8.0,8.0,30.0,8.0,11.0,10.0,11.0
581,31.0,48.0,10.0,46.0,11.0,8.0,8.0,8.0,30.0,8.0,11.0,11.0,11.0
582,31.0,47.0,10.0,46.0,11.0,7.0,8.0,8.0,30.0,10.0,11.0,10.0,11.0
583,31.0,47.0,10.0,46.0,10.0,8.0,8.0,8.0,30.0,11.0,11.0,11.0,11.0
584,31.0,47.0,11.0,46.0,11.0,7.0,8.0,8.0,30.0,10.0,11.0,11.0,11.0
585,31.0,47.0,11.0,46.0,10.0,8.0,8.0,8.0,30.0,10.0,10.0,10.0,11.0
586,31.0,47.0,11.0,46.0,10.0,8.0,8.0,8.0,30.0,10.0,10.0,10.0,11.0
587,31.0,47.0,11.0,46.0,11.0,7.0,8.0,8.0,30.0,9.0,11.0,10.0,11.0
588,31.0,47.0,10.0,46.0,11.0,7.0,8.0,8.0,30.0,8.0,11.0,10.0,11.0
589,31.0,47.0,10.0,46.0,11.0,8.0,8.0,8.0,30.0,8.0,11.0,10.0,11.0
590,31.0,47.0,11.0,47.0,11.0,7.0,8.0,8.0,30.0,8.0,10.0,10.0,11.0
591,31.0,47.0,10.0,46.0,10.0,7.0,8.0,8.0,30.0,8.0,10.0,10.0,11.0
592,31.0,47.0,11.0,46.0,10.0,7.0,8.0,9.0,30.0,8.0,10.0,10.0,11.0
593,31.0,47.0,11.0,46.0,11.0,7.0,8.0,9.0,30.0,8.0,10.0,10.0,11.0
594,31.0,47.0,10.0,46.0,10.0,7.0,8.0,9.0,30.0,8.0,10.0,10.0,11.0
595,31.0,47.0,10.0,46.0,11.0,8.0,8.0,8.0,30.0,8.0,11.0,10.0,11.0
596,31.0,47.0,12.0,46.0,12.0,7.0,8.0,8.0,30.0,8.0,11.0,10.0,11.0
597,31.0,47.0,10.0,46.0,16.0,8.0,8.0,8.0,30.0,8.0,11.0,10.0,11.0
598,31.0,47.0,11.0,47.0,18.0,8.0,8.0,8.0,30.0,8.0,10.0,10.0,11.0
599,31.0,47.0,13.0,46.0,19.0,8.0,8.0,8.0,30.0,8.0,11.0,10.0,11.0
600,31.0,47.0,16.0,46.0,21.0,8.0,8.0,8.0,30.0,8.0,11.0,10.0,11.0
601,31.0,47.0,17.0,46.0,24.0,8.0,8.0,8.0,30.0,8.0,11.0,10.0,11.0
602,31.0,47.0,19.0,46.0,24.0,8.0,8.0,8.0,30.0,8.0,11.0,10.0,11.0
603,31.0,47.0,20.0,46.0,27.0,8.0,8.0,8.0,30.0,8.0,11.0,10.0,11.0
604,31.0,47.0,21.0,46.0,26.0,8.0,8.0,8.0,30.0,8.0,11.0,10.0,11.0
605,31.0,47.0,21.0,46.0,24.0,8.0,8.0,8.0,30.0,8.0,10.0,10.0,11.0
606,31.0,47.0,22.0,46.0,24.0,8.0,8.0,8.0,30.0,8.0,10.0,10.0,11.0
607,31.0,47.0,22.0,46.0,20.0,8.0,8.0,8.0,30.0,8.0,11.0,10.0,11.0
608,31.0,47.0,21.0,46.0,20.0,7.0,8.0,8.0,30.0,8.0,11.0,10.0,11.0
609,31.0,47.0,21.0,47.0,19.0,8.0,8.0,8.0,30.0,8.0,10.0,10.0,11.0
610,31.0,47.0,20.0,46.0,18.0,7.0,8.0,8.0,30.0,8.0,10.0,10.0,11.0
611,31.0,47.0,20.0,46.0,17.0,8.0,8.0,8.0,30.0,8.0,10.0,10.0,11.0
612,31.0,47.0,20.0,46.0,16.0,8.0,8.0,8.0,30.0,8.0,10.0,10.0,11.0
613,31.0,47.0,20.0,46.0,16.0,8.0,8.0,8.0,30.0,8.0,10.0,10.0,11.0
614,31.0,47.0,19.0,46.0,16.0,8.0,8.0,8.0,30.0,8.0,10.0,10.0,11.0
615,31.0,47.0,18.0,47.0,17.0,8.0,8.0,8.0,30.0,8.0,11.0,11.0,11.0
616,31.0,47.0,18.0,46.0,18.0,8.0,8.0,8.0,30.0,8.0,10.0,10.0,11.0
617,31.0,47.0,17.0,46.0,19.0,8.0,8.0,8.0,30.0,8.0,11.0,10.0,11.0
618,31.0,47.0,18.0,46.0,20.0,8.0,8.0,8.0,30.0,8.0,11.0,11.0,11.0
619,31.0,47.0,18.0,46.0,22.0,8.0,8.0,8.0,30.0,8.0,11.0,11.0,11.0
620,31.0,47.0,18.0,46.0,23.0,8.0,8.0,9.0,30.0,8.0,11.0,11.0,11.0
621,31.0,47.0,17.0,46.0,23.0,7.0,8.0,8.0,30.0,8.0,11.0,11.0,11.0
622,31.0,47.0,18.0,46.0,23.0,8.0,8.0,8.0,30.0,8.0,10.0,10.0,11.0
623,31.0,47.0,18.0,46.0,19.0,8.0,8.0,9.0,30.0,8.0,11.0,11.0,11.0
624,31.0,47.0,18.0,46.0,18.0,8.0,8.0,8.0,30.0,8.0,11.0,11.0,11.0
625,31.0,47.0,18.0,46.0,16.0,8.0,8.0,9.0,30.0,8.0,11.0,10.0,11.0
626,31.0,47.0,16.0,46.0,15.0,8.0,8.0,9.0,30.0,8.0,11.0,10.0,11.0
627,31.0,47.0,16.0,47.0,15.0,8.0,8.0,10.0,30.0,8.0,11.0,10.0,11.0
628,31.0,47.0,16.0,47.0,14.0,8.0,8.0,9.0,30.0,8.0,11.0,11.0,11.0
629,31.0,47.0,16.0,47.0,15.0,8.0,8.0,9.0,30.0,8.0,11.0,10.0,11.0
630,31.0,47.0,16.0,47.0,16.0,8.0,8.0,9.0,30.0,8.0,11.0,11.0,11.0
631,31.0,47.0,15.0,47.0,16.0,8.0,8.0,9.0,30.0,8.0,11.0,11.0,11.0
632,31.0,47.0,15.0,46.0,17.0,8.0,8.0,10.0,30.0,8.0,11.0,11.0,11.0
633,31.0,47.0,14.0,46.0,20.0,8.0,8.0,8.0,30.0,8.0,11.0,10.0,11.0
634,31.0,47.0,15.0,46.0,21.0,8.0,8.0,9.0,30.0,8.0,11.0,11.0,11.0
635,31.0,47.0,15.0,47.0,22.0,8.0,8.0,9.0,30.0,9.0,11.0,11.0,11.0
636,31.0,47.0,17.0,46.0,23.0,8.0,8.0,10.0,30.0,8.0,11.0,11.0,11.0
637,31.0,47.0,17.0,47.0,23.0,8.0,8.0,10.0,30.0,9.0,11.0,10.0,11.0
638,31.0,47.0,18.0,47.0,25.0,8.0,8.0,9.0,30.0,8.0,11.0,10.0,11.0
639,31.0,47.0,17.0,47.0,24.0,8.0,8.0,9.0,30.0,8.0,11.0,11.0,11.0
640,31.0,47.0,17.0,47.0,25.0,8.0,8.0,9.0,30.0,8.0,11.0,11.0,11.0
641,31.0,47.0,18.0,46.0,24.0,9.0,8.0,10.0,30.0,8.0,11.0,11.0,11.0
642,31.0,47.0,19.0,46.0,25.0,8.0,8.0,10.0,30.0,8.0,11.0,11.0,11.0
643,31.0,47.0,20.0,46.0,22.0,9.0,8.0,9.0,30.0,8.0,11.0,11.0,11.0
644,31.0,47.0,21.0,46.0,20.0,9.0,8.0,9.0,30.0,8.0,11.0,11.0,11.0
645,31.0,47.0,20.0,46.0,17.0,9.0,8.0,9.0,30.0,8.0,11.0,11.0,11.0
646,31.0,47.0,19.0,46.0,17.0,9.0,8.0,9.0,30.0,8.0,12.0,11.0,11.0
647,31.0,47.0,19.0,46.0,16.0,10.0,8.0,9.0,30.0,8.0,12.0,11.0,11.0
648,31.0,47.0,18.0,46.0,15.0,10.0,8.0,9.0,30.0,8.0,12.0,12.0,11.0
649,31.0,47.0,18.0,46.0,14.0,10.0,8.0,9.0,30.0,8.0,11.0,11.0,11.0
650,31.0,47.0,17.0,46.0,14.0,10.0,8.0,10.0,30.0,8.0,11.0,11.0,11.0
651,31.0,47.0,17.0,46.0,14.0,12.0,8.0,9.0,30.0,8.0,11.0,12.0,11.0
652,31.0,47.0,16.0,46.0,15.0,12.0,8.0,9.0,30.0,8.0,11.0,11.0,11.0
653,31.0,47.0,16.0,46.0,15.0,12.0,8.0,9.0,30.0,8.0,10.0,12.0,11.0
654,31.0,48.0,15.0,46.0,15.0,12.0,8.0,8.0,30.0,8.0,10.0,10.0,11.0
655,31.0,48.0,15.0,46.0,15.0,12.0,8.0,9.0,30.0,8.0,10.0,11.0,11.0
656,31.0,47.0,14.0,46.0,16.0,12.0,8.0,9.0,30.0,8.0,11.0,10.0,11.0
657,31.0,47.0,14.0,46.0,16.0,13.0,8.0,9.0,30.0,8.0,11.0,11.0,11.0
658,31.0,47.0,13.0,46.0,16.0,12.0,8.0,9.0,30.0,8.0,11.0,11.0,11.0
659,31.0,47.0,13.0,46.0,17.0,12.0,8.0,9.0,30.0,8.0,11.0,10.0,11.0
660,31.0,47.0,13.0,46.0,17.0,12.0,8.0,9.0,30.0,8.0,12.0,11.0,11.0
661,31.0,47.0,13.0,46.0,18.0,12.0,8.0,9.0,30.0,8.0,12.0,11.0,11.0
662,31.0,47.0,13.0,46.0,17.0,13.0,8.0,9.0,30.0,8.0,12.0,11.0,11.0
663,31.0,47.0,13.0,46.0,17.0,13.0,8.0,8.0,30.0,9.0,12.0,11.0,11.0
664,31.0,47.0,14.0,46.0,17.0,13.0,8.0,9.0,30.0,9.0,12.0,12.0,11.0
665,31.0,47.0,14.0,46.0,17.0,13.0,8.0,9.0,30.0,9.0,12.0,11.0,11.0
666,31.0,47.0,15.0,46.0,16.0,13.0,8.0,8.0,30.0,9.0,12.0,11.0,11.0
667,31.0,47.0,15.0,46.0,16.0,13.0,8.0,8.0,30.0,10.0,12.0,11.0,11.0
668,31.0,48.0,14.0,46.0,16.0,12.0,8.0,8.0,30.0,9.0,12.0,11.0,11.0
669,31.0,50.0,14.0,46.0,16.0,11.0,8.0,8.0,30.0,9.0,11.0,11.0,11.0
670,31.0,49.0,14.0,46.0,16.0,12.0,8.0,8.0,30.0,10.0,12.0,11.0,11.0
671,31.0,53.0,14.0,46.0,17.0,13.0,8.0,8.0,30.0,9.0,12.0,11.0,11.0
672,31.0,53.0,15.0,46.0,17.0,13.0,8.0,8.0,30.0,9.0,12.0,11.0,11.0
673,31.0,53.0,15.0,46.0,19.0,13.0,8.0,8.0,30.0,10.0,11.0,11.0,11.0
674,31.0,54.0,15.0,47.0,19.0,12.0,8.0,8.0,30.0,9.0,11.0,11.0,11.0
675,31.0,53.0,16.0,46.0,19.0,12.0,8.0,8.0,30.0,9.0,11.0,10.0,11.0
676,31.0,52.0,16.0,46.0,18.0,12.0,8.0,8.0,30.0,9.0,12.0,11.0,11.0
677,31.0,53.0,16.0,47.0,17.0,12.0,8.0,8.0,30.0,8.0,11.0,11.0,11.0
678,31.0,56.0,16.0,47.0,17.0,13.0,8.0,8.0,30.0,8.0,11.0,10.0,11.0
679,31.0,54.0,16.0,46.0,16.0,13.0,8.0,8.0,30.0,8.0,11.0,10.0,11.0
680,31.0,53.0,16.0,46.0,16.0,13.0,8.0,8.0,30.0,8.0,11.0,10.0,11.0
681,31.0,51.0,16.0,46.0,16.0,13.0,8.0,8.0,30.0,8.0,11.0,11.0,11.0
682,31.0,51.0,16.0,47.0,17.0,13.0,8.0,8.0,30.0,8.0,11.0,11.0,11.0
683,31.0,49.0,16.0,47.0,18.0,13.0,8.0,8.0,30.0,8.0,11.0,11.0,11.0
684,31.0,47.0,15.0,46.0,18.0,13.0,8.0,8.0,30.0,8.0,11.0,11.0,11.0
685,31.0,48.0,15.0,46.0,19.0,13.0,9.0,8.0,30.0,8.0,11.0,11.0,11.0
686,31.0,49.0,16.0,46.0,19.0,13.0,8.0,8.0,30.0,8.0,11.0,11.0,11.0
687,31.0,48.0,16.0,47.0,19.0,13.0,8.0,9.0,30.0,8.0,11.0,11.0,11.0
688,31.0,47.0,17.0,46.0,19.0,12.0,8.0,9.0,30.0,8.0,11.0,11.0,11.0
689,31.0,48.0,16.0,46.0,18.0,13.0,8.0,8.0,30.0,8.0,11.0,12.0,11.0
690,31.0,47.0,17.0,46.0,18.0,12.0,8.0,8.0,30.0,8.0,11.0,11.0,11.0
691,31.0,48.0,16.0,47.0,20.0,14.0,8.0,8.0,30.0,8.0,11.0,11.0,11.0
692,31.0,47.0,17.0,47.0,20.0,14.0,8.0,8.0,30.0,8.0,11.0,11.0,11.0
693,31.0,47.0,17.0,47.0,22.0,13.0,8.0,8.0,30.0,8.0,11.0,11.0,11.0
694,31.0,47.0,18.0,46.0,22.0,13.0,8.0,8.0,30.0,8.0,11.0,11.0,11.0
695,31.0,47.0,18.0,46.0,23.0,14.0,8.0,8.0,30.0,8.0,11.0,11.0,11.0
696,31.0,48.0,18.0,47.0,25.0,15.0,8.0,8.0,30.0,8.0,11.0,11.0,11.0
697,31.0,47.0,19.0,46.0,23.0,15.0,8.0,8.0,30.0,9.0,11.0,11.0,11.0
698,31.0,47.0,19.0,46.0,21.0,15.0,8.0,8.0,30.0,9.0,11.0,11.0,11.0
699,31.0,47.0,20.0,47.0,19.0,15.0,8.0,8.0,30.0,9.0,11.0,11.0,11.0
700,31.0,47.0,20.0,47.0,19.0,15.0,8.0,8.0,30.0,9.0,11.0,11.0,11.0
701,31.0,47.0,20.0,46.0,18.0,15.0,8.0,8.0,30.0,10.0,11.0,11.0,11.0
702,31.0,47.0,20.0,46.0,17.0,14.0,8.0,8.0,30.0,10.0,11.0,11.0,11.0
703,31.0,47.0,20.0,46.0,18.0,13.0,8.0,8.0,30.0,11.0,11.0,11.0,11.0
704,31.0,47.0,17.0,47.0,18.0,15.0,8.0,8.0,30.0,10.0,11.0,11.0,11.0
705,31.0,47.0,16.0,46.0,19.0,13.0,8.0,8.0,30.0,11.0,11.0,11.0,11.0
706,31.0,47.0,15.0,46.0,19.0,13.0,8.0,8.0,30.0,11.0,11.0,11.0,11.0
707,31.0,47.0,15.0,46.0,19.0,13.0,8.0,8.0,30.0,11.0,12.0,11.0,12.0
708,31.0,47.0,14.0,46.0,19.0,13.0,8.0,8.0,30.0,10.0,11.0,11.0,11.0
709,31.0,47.0,14.0,46.0,18.0,13.0,8.0,8.0,30.0,10.0,11.0,11.0,11.0
710,31.0,47.0,15.0,46.0,18.0,13.0,8.0,8.0,30.0,10.0,12.0,11.0,11.0
711,31.0,47.0,15.0,46.0,18.0,13.0,8.0,8.0,30.0,10.0,12.0,11.0,11.0
712,31.0,47.0,15.0,46.0,18.0,13.0,8.0,8.0,30.0,11.0,12.0,11.0,11.0
713,31.0,47.0,15.0,46.0,18.0,13.0,8.0,8.0,30.0,12.0,12.0,11.0,11.0
714,31.0,47.0,14.0,46.0,19.0,13.0,8.0,8.0,30.0,11.0,11.0,11.0,11.0
715,31.0,47.0,15.0,46.0,19.0,12.0,8.0,8.0,30.0,12.0,12.0,11.0,11.0
716,31.0,47.0,14.0,46.0,20.0,13.0,8.0,8.0,30.0,12.0,12.0,11.0,11.0
717,31.0,47.0,15.0,46.0,20.0,13.0,8.0,8.0,30.0,12.0,11.0,11.0,11.0
718,31.0,47.0,15.0,46.0,20.0,13.0,8.0,8.0,30.0,12.0,11.0,11.0,11.0
719,31.0,47.0,15.0,46.0,19.0,13.0,8.0,8.0,30.0,12.0,11.0,11.0,11.0
720,31.0,47.0,15.0,46.0,18.0,14.0,8.0,8.0,30.0,12.0,11.0,11.0,11.0
721,31.0,47.0,15.0,46.0,19.0,13.0,8.0,8.0,30.0,12.0,11.0,11.0,12.0
722,31.0,47.0,15.0,46.0,18.0,13.0,8.0,8.0,30.0,12.0,11.0,11.0,12.0
723,31.0,47.0,15.0,46.0,19.0,13.0,9.0,8.0,30.0,11.0,11.0,11.0,13.0
724,31.0,47.0,15.0,46.0,19.0,13.0,8.0,8.0,30.0,11.0,11.0,11.0,13.0
725,31.0,47.0,16.0,46.0,20.0,13.0,8.0,8.0,30.0,10.0,11.0,11.0,13.0
726,31.0,48.0,15.0,46.0,20.0,13.0,8.0,8.0,30.0,9.0,11.0,11.0,13.0
727,31.0,48.0,15.0,46.0,20.0,13.0,8.0,8.0,30.0,8.0,12.0,11.0,13.0
728,31.0,48.0,15.0,46.0,20.0,13.0,8.0,8.0,30.0,8.0,11.0,11.0,12.0
729,31.0,47.0,16.0,46.0,19.0,14.0,8.0,8.0,30.0,8.0,12.0,12.0,12.0
730,32.0,47.0,16.0,46.0,19.0,13.0,8.0,8.0,30.0,8.0,12.0,12.0,12.0
731,31.0,47.0,16.0,46.0,18.0,12.0,8.0,8.0,30.0,8.0,12.0,12.0,12.0
732,31.0,47.0,16.0,47.0,18.0,11.0,8.0,8.0,30.0,8.0,12.0,12.0,12.0
733,31.0,48.0,16.0,46.0,17.0,13.0,8.0,8.0,30.0,8.0,12.0,12.0,12.0
734,31.0,48.0,15.0,46.0,18.0,13.0,8.0,8.0,30.0,8.0,12.0,12.0,12.0
735,32.0,47.0,15.0,47.0,18.0,13.0,8.0,8.0,30.0,9.0,13.0,13.0,11.0
736,32.0,47.0,15.0,47.0,18.0,13.0,8.0,8.0,30.0,8.0,13.0,13.0,11.0
737,32.0,47.0,15.0,47.0,20.0,14.0,8.0,8.0,30.0,9.0,12.0,13.0,12.0
738,32.0,48.0,14.0,47.0,21.0,13.0,8.0,8.0,30.0,9.0,13.0,13.0,12.0
739,31.0,48.0,14.0,47.0,21.0,14.0,8.0,8.0,30.0,8.0,13.0,12.0,13.0
740,32.0,48.0,15.0,47.0,21.0,13.0,8.0,8.0,30.0,8.0,13.0,12.0,12.0
741,31.0,47.0,15.0,46.0,23.0,13.0,8.0,8.0,30.0,8.0,12.0,13.0,13.0
742,32.0,48.0,17.0,46.0,23.0,14.0,8.0,8.0,30.0,8.0,13.0,13.0,13.0
743,33.0,48.0,18.0,47.0,23.0,14.0,8.0,8.0,30.0,8.0,13.0,13.0,13.0
744,32.0,48.0,18.0,47.0,22.0,14.0,8.0,8.0,30.0,8.0,12.0,12.0,13.0
745,32.0,48.0,20.0,46.0,22.0,14.0,8.0,8.0,30.0,9.0,12.0,12.0,12.0
746,31.0,48.0,19.0,47.0,21.0,14.0,8.0,8.0,30.0,8.0,12.0,12.0,12.0
747,31.0,47.0,18.0,47.0,19.0,14.0,8.0,8.0,30.0,8.0,13.0,13.0,12.0
748,32.0,48.0,19.0,47.0,17.0,14.0,8.0,8.0,30.0,8.0,14.0,13.0,11.0
749,31.0,48.0,18.0,47.0,15.0,14.0,8.0,8.0,30.0,8.0,13.0,13.0,11.0
750,31.0,48.0,16.0,46.0,14.0,14.0,8.0,8.0,30.0,8.0,12.0,12.0,11.0
751,31.0,47.0,16.0,47.0,13.0,14.0,8.0,8.0,30.0,8.0,13.0,12.0,11.0
752,31.0,48.0,14.0,47.0,13.0,13.0,8.0,8.0,31.0,8.0,13.0,12.0,11.0
753,31.0,48.0,14.0,47.0,13.0,13.0,9.0,8.0,31.0,8.0,12.0,11.0,11.0
754,31.0,48.0,13.0,47.0,13.0,13.0,8.0,8.0,30.0,8.0,11.0,12.0,11.0
755,31.0,47.0,13.0,48.0,13.0,13.0,8.0,8.0,30.0,8.0,11.0,10.0,12.0
756,31.0,47.0,12.0,47.0,13.0,12.0,8.0,8.0,30.0,8.0,11.0,11.0,11.0
757,31.0,48.0,12.0,47.0,14.0,12.0,8.0,8.0,30.0,8.0,11.0,10.0,11.0
758,31.0,48.0,12.0,47.0,14.0,12.0,8.0,8.0,30.0,8.0,11.0,11.0,11.0
759,31.0,47.0,12.0,46.0,15.0,12.0,8.0,8.0,30.0,8.0,11.0,11.0,11.0
760,31.0,47.0,12.0,47.0,15.0,12.0,8.0,8.0,30.0,8.0,11.0,11.0,11.0
761,31.0,48.0,12.0,47.0,14.0,13.0,8.0,8.0,30.0,8.0,10.0,11.0,11.0
762,31.0,47.0,13.0,46.0,14.0,13.0,8.0,8.0,30.0,8.0,11.0,11.0,11.0
763,31.0,47.0,13.0,46.0,14.0,12.0,8.0,9.0,30.0,8.0,10.0,11.0,11.0
764,31.0,47.0,13.0,46.0,13.0,12.0,8.0,8.0,30.0,8.0,10.0,11.0,11.0
765,31.0,47.0,13.0,46.0,13.0,12.0,8.0,8.0,30.0,8.0,11.0,11.0,11.0
766,31.0,47.0,14.0,46.0,12.0,12.0,8.0,8.0,30.0,8.0,11.0,11.0,11.0
767,31.0,47.0,15.0,46.0,12.0,12.0,8.0,8.0,30.0,8.0,10.0,10.0,11.0
768,31.0,47.0,15.0,46.0,13.0,12.0,8.0,8.0,30.0,8.0,10.0,10.0,11.0
769,31.0,47.0,15.0,46.0,13.0,13.0,8.0,8.0,30.0,8.0,10.0,10.0,11.0
770,31.0,47.0,14.0,46.0,14.0,13.0,8.0,8.0,30.0,8.0,11.0,11.0,11.0
771,31.0,47.0,14.0,46.0,14.0,13.0,8.0,8.0,30.0,8.0,11.0,11.0,11.0
772,31.0,47.0,13.0,46.0,14.0,13.0,8.0,8.0,30.0,8.0,11.0,11.0,11.0
773,31.0,47.0,13.0,46.0,14.0,12.0,8.0,8.0,30.0,8.0,11.0,11.0,11.0
774,31.0,47.0,13.0,46.0,14.0,12.0,8.0,8.0,30.0,8.0,11.0,11.0,11.0
775,31.0,47.0,13.0,46.0,14.0,12.0,8.0,8.0,30.0,8.0,11.0,11.0,11.0
776,31.0,47.0,13.0,47.0,15.0,12.0,8.0,8.0,30.0,8.0,11.0,11.0,11.0
777,31.0,47.0,13.0,46.0,15.0,12.0,8.0,9.0,30.0,8.0,11.0,11.0,11.0
778,31.0,47.0,13.0,46.0,16.0,12.0,8.0,8.0,30.0,8.0,11.0,11.0,11.0
779,31.0,47.0,12.0,46.0,18.0,12.0,8.0,8.0,30.0,8.0,11.0,11.0,11.0
780,31.0,47.0,13.0,46.0,18.0,12.0,8.0,8.0,30.0,8.0,11.0,11.0,11.0
781,31.0,47.0,13.0,46.0,19.0,13.0,8.0,9.0,30.0,8.0,11.0,11.0,11.0
782,31.0,47.0,14.0,46.0,20.0,13.0,8.0,8.0,30.0,8.0,11.0,11.0,11.0
783,31.0,47.0,14.0,46.0,18.0,13.0,8.0,8.0,30.0,8.0,11.0,11.0,11.0
784,31.0,47.0,14.0,46.0,18.0,13.0,8.0,8.0,30.0,8.0,11.0,11.0,11.0
785,31.0,47.0,14.0,47.0,16.0,13.0,8.0,8.0,30.0,8.0,11.0,11.0,11.0
786,31.0,47.0,14.0,47.0,15.0,12.0,8.0,8.0,30.0,8.0,11.0,11.0,11.0
787,31.0,47.0,14.0,47.0,12.0,13.0,8.0,8.0,30.0,8.0,11.0,11.0,11.0
788,31.0,47.0,13.0,47.0,11.0,13.0,8.0,8.0,30.0,8.0,11.0,11.0,11.0
789,31.0,47.0,12.0,47.0,11.0,13.0,8.0,8.0,30.0,8.0,11.0,11.0,11.0
790,31.0,47.0,11.0,47.0,11.0,12.0,8.0,8.0,30.0,8.0,11.0,11.0,11.0
791,31.0,47.0,10.0,47.0,11.0,12.0,8.0,8.0,30.0,8.0,11.0,11.0,11.0
792,31.0,47.0,10.0,47.0,11.0,13.0,8.0,8.0,30.0,8.0,11.0,11.0,11.0
793,31.0,47.0,11.0,48.0,13.0,13.0,8.0,8.0,30.0,8.0,11.0,11.0,11.0
794,31.0,47.0,11.0,47.0,13.0,13.0,8.0,8.0,30.0,8.0,11.0,11.0,11.0
795,31.0,47.0,11.0,46.0,13.0,12.0,8.0,8.0,30.0,8.0,11.0,11.0,11.0
796,31.0,47.0,11.0,47.0,14.0,12.0,8.0,8.0,30.0,8.0,11.0,11.0,11.0
797,31.0,47.0,11.0,46.0,16.0,12.0,8.0,8.0,30.0,8.0,11.0,11.0,11.0
798,31.0,47.0,11.0,46.0,18.0,12.0,8.0,9.0,30.0,8.0,11.0,11.0,11.0
799,31.0,47.0,12.0,46.0,17.0,12.0,8.0,8.0,30.0,8.0,11.0,10.0,11.0
800,31.0,47.0,13.0,46.0,16.0,12.0,8.0,8.0,30.0,8.0,11.0,11.0,11.0
801,31.0,47.0,13.0,46.0,14.0,12.0,8.0,8.0,30.0,8.0,11.0,10.0,11.0
802,31.0,47.0,12.0,46.0,13.0,12.0,8.0,9.0,30.0,8.0,11.0,10.0,11.0
803,31.0,47.0,12.0,46.0,11.0,12.0,8.0,8.0,30.0,8.0,11.0,11.0,11.0
804,31.0,47.0,12.0,46.0,11.0,12.0,8.0,8.0,30.0,8.0,11.0,11.0,11.0
805,31.0,47.0,12.0,46.0,11.0,12.0,8.0,8.0,30.0,8.0,11.0,11.0,11.0
806,31.0,47.0,10.0,46.0,11.0,12.0,8.0,8.0,30.0,8.0,11.0,11.0,11.0
807,31.0,47.0,11.0,46.0,12.0,12.0,8.0,8.0,30.0,8.0,11.0,10.0,11.0
808,31.0,47.0,10.0,46.0,12.0,12.0,8.0,8.0,30.0,8.0,11.0,10.0,11.0
809,31.0,47.0,10.0,46.0,10.0,12.0,8.0,8.0,30.0,8.0,11.0,11.0,11.0
810,31.0,47.0,10.0,46.0,10.0,13.0,8.0,8.0,30.0,8.0,11.0,11.0,11.0
811,31.0,47.0,10.0,46.0,10.0,15.0,8.0,8.0,30.0,8.0,11.0,10.0,11.0
812,31.0,47.0,10.0,46.0,10.0,15.0,8.0,8.0,30.0,8.0,10.0,10.0,11.0
813,31.0,47.0,10.0,47.0,10.0,15.0,8.0,8.0,30.0,8.0,11.0,10.0,11.0
814,31.0,47.0,10.0,46.0,10.0,14.0,8.0,8.0,30.0,8.0,11.0,10.0,11.0
815,31.0,47.0,10.0,47.0,10.0,12.0,8.0,8.0,30.0,8.0,10.0,10.0,11.0
816,31.0,47.0,10.0,46.0,10.0,10.0,8.0,8.0,30.0,8.0,10.0,10.0,11.0
817,31.0,47.0,10.0,46.0,18.0,9.0,8.0,8.0,30.0,8.0,10.0,10.0,11.0
818,31.0,47.0,10.0,47.0,17.0,8.0,8.0,8.0,30.0,8.0,10.0,10.0,11.0
819,31.0,47.0,10.0,46.0,15.0,8.0,8.0,8.0,30.0,8.0,10.0,10.0,11.0
820,31.0,47.0,14.0,46.0,14.0,7.0,8.0,8.0,30.0,8.0,10.0,10.0,11.0
821,31.0,47.0,13.0,46.0,11.0,8.0,8.0,8.0,30.0,8.0,10.0,10.0,11.0
822,31.0,47.0,13.0,46.0,11.0,8.0,8.0,8.0,30.0,8.0,10.0,10.0,11.0
823,31.0,47.0,11.0,46.0,10.0,7.0,8.0,8.0,30.0,8.0,10.0,10.0,11.0
824,31.0,47.0,10.0,46.0,10.0,7.0,8.0,8.0,30.0,8.0,10.0,10.0,11.0
825,31.0,47.0,10.0,46.0,10.0,7.0,8.0,8.0,30.0,8.0,10.0,10.0,11.0
826,31.0,47.0,10.0,46.0,10.0,7.0,8.0,8.0,30.0,8.0,10.0,10.0,11.0
827,31.0,47.0,10.0,46.0,10.0,7.0,8.0,8.0,30.0,8.0,11.0,10.0,11.0
828,31.0,47.0,10.0,46.0,10.0,7.0,8.0,8.0,30.0,8.0,11.0,10.0,11.0
829,31.0,47.0,10.0,47.0,10.0,7.0,8.0,8.0,30.0,8.0,11.0,10.0,11.0
830,31.0,47.0,10.0,46.0,10.0,7.0,8.0,8.0,30.0,8.0,10.0,10.0,11.0
831,31.0,47.0,10.0,46.0,10.0,7.0,8.0,8.0,30.0,8.0,11.0,10.0,11.0
832,31.0,47.0,10.0,46.0,10.0,7.0,8.0,8.0,30.0,8.0,11.0,11.0,11.0
833,31.0,47.0,10.0,47.0,10.0,7.0,8.0,8.0,30.0,8.0,11.0,10.0,11.0
834,31.0,47.0,10.0,47.0,10.0,7.0,8.0,8.0,30.0,8.0,10.0,10.0,11.0
835,31.0,47.0,10.0,47.0,10.0,7.0,8.0,8.0,30.0,8.0,10.0,10.0,11.0
836,31.0,47.0,10.0,47.0,10.0,7.0,8.0,8.0,30.0,8.0,10.0,10.0,11.0
837,31.0,47.0,10.0,47.0,10.0,7.0,8.0,8.0,30.0,8.0,10.0,10.0,11.0
838,31.0,47.0,10.0,47.0,10.0,7.0,8.0,8.0,30.0,8.0,11.0,10.0,11.0
839,31.0,47.0,10.0,47.0,10.0,7.0,8.0,8.0,30.0,8.0,10.0,10.0,11.0
840,31.0,47.0,10.0,47.0,10.0,7.0,8.0,8.0,30.0,8.0,10.0,10.0,11.0
841,31.0,47.0,10.0,48.0,10.0,7.0,9.0,8.0,30.0,8.0,10.0,10.0,11.0
842,31.0,47.0,10.0,47.0,10.0,7.0,8.0,8.0,30.0,8.0,10.0,10.0,11.0
843,31.0,47.0,10.0,46.0,10.0,7.0,8.0,8.0,30.0,8.0,10.0,10.0,11.0
844,31.0,47.0,10.0,46.0,10.0,7.0,8.0,8.0,30.0,8.0,11.0,10.0,11.0
845,31.0,47.0,10.0,47.0,10.0,7.0,8.0,9.0,30.0,8.0,10.0,10.0,11.0
846,31.0,47.0,10.0,47.0,10.0,7.0,8.0,8.0,30.0,8.0,10.0,11.0,11.0
847,31.0,48.0,10.0,47.0,10.0,7.0,8.0,8.0,30.0,8.0,10.0,10.0,11.0
848,31.0,48.0,10.0,47.0,10.0,7.0,8.0,8.0,30.0,8.0,10.0,10.0,11.0
849,31.0,47.0,10.0,47.0,10.0,7.0,8.0,8.0,30.0,8.0,10.0,10.0,11.0
850,31.0,48.0,10.0,47.0,10.0,7.0,8.0,8.0,30.0,8.0,10.0,10.0,11.0
851,31.0,47.0,10.0,48.0,10.0,7.0,8.0,8.0,30.0,8.0,10.0,10.0,11.0
852,31.0,47.0,10.0,48.0,10.0,7.0,8.0,8.0,30.0,8.0,10.0,10.0,11.0
853,31.0,47.0,10.0,48.0,10.0,7.0,8.0,8.0,30.0,8.0,10.0,10.0,11.0
854,31.0,47.0,10.0,48.0,10.0,7.0,8.0,8.0,30.0,8.0,10.0,10.0,11.0
855,31.0,47.0,10.0,48.0,10.0,7.0,8.0,8.0,30.0,8.0,10.0,10.0,11.0
856,31.0,47.0,10.0,48.0,10.0,7.0,8.0,8.0,30.0,8.0,10.0,10.0,11.0
857,31.0,47.0,10.0,48.0,10.0,7.0,9.0,8.0,30.0,8.0,10.0,10.0,11.0
858,31.0,47.0,10.0,48.0,10.0,7.0,8.0,8.0,30.0,8.0,10.0,10.0,11.0
859,31.0,47.0,13.0,48.0,10.0,7.0,8.0,8.0,30.0,8.0,10.0,10.0,11.0
860,31.0,47.0,14.0,49.0,10.0,7.0,8.0,8.0,30.0,8.0,10.0,10.0,11.0
861,31.0,47.0,13.0,48.0,12.0,7.0,8.0,8.0,30.0,8.0,10.0,10.0,11.0
862,31.0,47.0,12.0,48.0,12.0,7.0,8.0,8.0,30.0,8.0,10.0,10.0,11.0
863,31.0,47.0,10.0,48.0,12.0,7.0,8.0,8.0,30.0,8.0,10.0,10.0,11.0
864,31.0,47.0,11.0,49.0,11.0,7.0,8.0,8.0,30.0,8.0,10.0,11.0,11.0
865,31.0,47.0,12.0,48.0,10.0,7.0,8.0,8.0,30.0,8.0,10.0,10.0,11.0
866,31.0,47.0,11.0,47.0,10.0,7.0,8.0,8.0,30.0,8.0,10.0,10.0,11.0
867,31.0,47.0,11.0,48.0,10.0,7.0,8.0,8.0,30.0,8.0,10.0,10.0,11.0
868,31.0,47.0,10.0,48.0,10.0,7.0,8.0,8.0,30.0,8.0,10.0,10.0,11.0
869,31.0,47.0,10.0,47.0,10.0,7.0,8.0,8.0,30.0,8.0,10.0,10.0,11.0
870,31.0,47.0,10.0,47.0,10.0,7.0,8.0,8.0,30.0,8.0,10.0,10.0,11.0
871,31.0,47.0,10.0,48.0,10.0,7.0,8.0,8.0,30.0,8.0,10.0,10.0,11.0
872,31.0,47.0,10.0,48.0,10.0,7.0,8.0,8.0,30.0,8.0,10.0,10.0,11.0
873,31.0,47.0,10.0,48.0,10.0,7.0,8.0,8.0,30.0,8.0,10.0,10.0,11.0
874,31.0,47.0,10.0,47.0,10.0,7.0,8.0,8.0,30.0,8.0,10.0,10.0,11.0
875,31.0,47.0,10.0,47.0,10.0,7.0,9.0,8.0,30.0,8.0,10.0,10.0,11.0
876,31.0,47.0,10.0,47.0,10.0,7.0,8.0,8.0,30.0,8.0,10.0,10.0,11.0
877,31.0,47.0,10.0,48.0,10.0,7.0,8.0,8.0,30.0,8.0,10.0,10.0,11.0
878,31.0,47.0,10.0,47.0,10.0,7.0,8.0,8.0,30.0,8.0,10.0,10.0,11.0
879,31.0,47.0,10.0,47.0,10.0,7.0,8.0,8.0,30.0,8.0,10.0,10.0,11.0
880,31.0,47.0,10.0,47.0,10.0,7.0,8.0,8.0,30.0,8.0,10.0,10.0,11.0
881,31.0,47.0,10.0,47.0,10.0,7.0,8.0,8.0,30.0,8.0,10.0,10.0,11.0
882,31.0,47.0,10.0,48.0,10.0,7.0,8.0,8.0,30.0,8.0,10.0,10.0,11.0
883,31.0,48.0,10.0,48.0,10.0,8.0,8.0,8.0,30.0,8.0,10.0,10.0,11.0
884,31.0,47.0,10.0,48.0,10.0,8.0,8.0,8.0,30.0,8.0,10.0,10.0,11.0
885,31.0,47.0,10.0,49.0,10.0,8.0,8.0,8.0,30.0,8.0,10.0,10.0,11.0
886,31.0,47.0,10.0,48.0,10.0,7.0,8.0,9.0,30.0,8.0,10.0,10.0,11.0
887,31.0,47.0,10.0,48.0,10.0,7.0,8.0,10.0,30.0,8.0,10.0,10.0,11.0
888,31.0,47.0,10.0,48.0,10.0,7.0,8.0,12.0,30.0,8.0,10.0,10.0,11.0
889,31.0,47.0,10.0,48.0,10.0,7.0,8.0,13.0,30.0,8.0,10.0,10.0,11.0
890,31.0,47.0,10.0,48.0,10.0,8.0,8.0,12.0,30.0,8.0,10.0,10.0,11.0
891,31.0,47.0,10.0,48.0,10.0,8.0,8.0,11.0,30.0,8.0,10.0,10.0,11.0
892,31.0,47.0,10.0,47.0,10.0,8.0,8.0,9.0,30.0,8.0,10.0,10.0,11.0
893,31.0,47.0,10.0,46.0,10.0,8.0,8.0,9.0,30.0,8.0,10.0,10.0,11.0
894,31.0,47.0,10.0,46.0,10.0,7.0,8.0,8.0,30.0,8.0,10.0,10.0,11.0
895,31.0,47.0,10.0,46.0,10.0,7.0,8.0,8.0,30.0,8.0,10.0,10.0,11.0
896,31.0,47.0,10.0,47.0,10.0,8.0,8.0,8.0,30.0,8.0,10.0,10.0,11.0
897,31.0,47.0,10.0,48.0,10.0,7.0,8.0,8.0,30.0,8.0,10.0,10.0,11.0
898,31.0,47.0,10.0,47.0,10.0,7.0,8.0,8.0,30.0,8.0,10.0,10.0,11.0
899,31.0,47.0,10.0,47.0,10.0,7.0,8.0,8.0,30.0,8.0,10.0,10.0,11.0
900,31.0,47.0,10.0,47.0,10.0,7.0,8.0,8.0,30.0,8.0,10.0,10.0,11.0
901,31.0,47.0,10.0,48.0,10.0,7.0,8.0,8.0,30.0,8.0,10.0,10.0,11.0
902,31.0,47.0,10.0,48.0,10.0,7.0,8.0,8.0,30.0,8.0,10.0,10.0,11.0
903,31.0,47.0,10.0,48.0,10.0,7.0,8.0,8.0,30.0,8.0,10.0,10.0,11.0
904,31.0,47.0,10.0,47.0,10.0,7.0,8.0,8.0,30.0,8.0,10.0,10.0,11.0
905,31.0,47.0,10.0,47.0,10.0,7.0,8.0,8.0,30.0,8.0,10.0,10.0,11.0
906,31.0,47.0,10.0,47.0,10.0,7.0,8.0,8.0,30.0,8.0,10.0,10.0,11.0
907,31.0,47.0,10.0,47.0,10.0,7.0,8.0,8.0,30.0,8.0,10.0,10.0,11.0
908,31.0,47.0,10.0,46.0,10.0,7.0,8.0,8.0,30.0,8.0,10.0,10.0,11.0
909,31.0,47.0,10.0,46.0,10.0,7.0,8.0,8.0,30.0,8.0,10.0,10.0,11.0
910,31.0,47.0,10.0,46.0,10.0,7.0,8.0,8.0,30.0,8.0,10.0,10.0,11.0
911,31.0,47.0,10.0,47.0,10.0,7.0,8.0,8.0,30.0,8.0,10.0,10.0,11.0
912,31.0,47.0,10.0,47.0,10.0,7.0,8.0,8.0,30.0,8.0,10.0,10.0,11.0
913,31.0,47.0,10.0,47.0,10.0,7.0,8.0,8.0,30.0,8.0,10.0,10.0,11.0
914,31.0,47.0,10.0,47.0,10.0,7.0,8.0,8.0,30.0,8.0,10.0,10.0,11.0
915,31.0,47.0,10.0,48.0,11.0,7.0,8.0,8.0,30.0,8.0,10.0,10.0,11.0
916,31.0,47.0,10.0,48.0,10.0,7.0,8.0,8.0,30.0,8.0,10.0,10.0,11.0
917,31.0,47.0,10.0,47.0,10.0,7.0,8.0,8.0,30.0,8.0,10.0,10.0,11.0
918,31.0,47.0,10.0,47.0,10.0,7.0,8.0,8.0,30.0,8.0,10.0,10.0,11.0
919,31.0,47.0,10.0,47.0,10.0,7.0,8.0,8.0,30.0,8.0,10.0,10.0,11.0
920,31.0,47.0,10.0,48.0,10.0,7.0,8.0,9.0,30.0,8.0,10.0,10.0,11.0
921,31.0,47.0,10.0,48.0,10.0,7.0,8.0,9.0,30.0,8.0,10.0,10.0,11.0
922,31.0,47.0,10.0,47.0,10.0,7.0,8.0,9.0,30.0,8.0,10.0,10.0,11.0
923,31.0,47.0,10.0,47.0,10.0,7.0,8.0,10.0,30.0,8.0,10.0,10.0,11.0
924,31.0,47.0,10.0,47.0,10.0,7.0,8.0,8.0,30.0,8.0,10.0,10.0,11.0
925,31.0,47.0,10.0,47.0,10.0,7.0,8.0,8.0,30.0,8.0,10.0,10.0,11.0
926,31.0,48.0,10.0,47.0,10.0,7.0,8.0,8.0,30.0,8.0,10.0,10.0,11.0
927,31.0,47.0,10.0,47.0,10.0,7.0,8.0,8.0,30.0,8.0,10.0,10.0,11.0
928,31.0,47.0,10.0,46.0,10.0,7.0,8.0,8.0,30.0,8.0,10.0,10.0,11.0
929,31.0,47.0,10.0,47.0,10.0,7.0,8.0,8.0,30.0,8.0,10.0,10.0,11.0
930,31.0,47.0,10.0,47.0,10.0,7.0,8.0,8.0,30.0,8.0,10.0,10.0,11.0
931,31.0,47.0,10.0,47.0,10.0,7.0,8.0,8.0,30.0,8.0,10.0,10.0,11.0
932,31.0,47.0,10.0,48.0,11.0,7.0,8.0,8.0,30.0,8.0,10.0,10.0,11.0
933,31.0,47.0,10.0,47.0,10.0,7.0,8.0,8.0,30.0,8.0,10.0,10.0,11.0
934,31.0,47.0,10.0,46.0,10.0,7.0,8.0,8.0,30.0,8.0,10.0,10.0,11.0
935,31.0,47.0,10.0,46.0,10.0,7.0,8.0,8.0,30.0,8.0,10.0,10.0,11.0
936,31.0,47.0,10.0,47.0,10.0,7.0,8.0,8.0,30.0,8.0,10.0,10.0,11.0
937,31.0,47.0,10.0,47.0,10.0,7.0,8.0,8.0,30.0,8.0,10.0,10.0,11.0
938,31.0,47.0,10.0,46.0,10.0,7.0,8.0,8.0,30.0,8.0,10.0,10.0,11.0
939,31.0,47.0,10.0,47.0,10.0,7.0,8.0,8.0,30.0,8.0,10.0,10.0,11.0
940,31.0,47.0,10.0,46.0,10.0,7.0,8.0,8.0,30.0,8.0,10.0,10.0,11.0
941,31.0,47.0,10.0,47.0,10.0,7.0,8.0,10.0,30.0,8.0,10.0,10.0,11.0
942,31.0,47.0,10.0,47.0,10.0,7.0,8.0,8.0,30.0,8.0,10.0,10.0,11.0
943,31.0,47.0,11.0,47.0,10.0,7.0,8.0,8.0,30.0,8.0,10.0,10.0,11.0
944,31.0,47.0,11.0,46.0,12.0,7.0,8.0,8.0,30.0,8.0,10.0,10.0,11.0
945,31.0,47.0,11.0,46.0,11.0,7.0,8.0,8.0,30.0,8.0,10.0,10.0,11.0
946,31.0,48.0,11.0,47.0,11.0,7.0,8.0,8.0,30.0,8.0,10.0,10.0,11.0
947,31.0,47.0,10.0,47.0,10.0,7.0,8.0,8.0,30.0,8.0,10.0,10.0,11.0
948,31.0,47.0,10.0,47.0,10.0,7.0,8.0,8.0,30.0,8.0,10.0,10.0,11.0
949,31.0,47.0,10.0,47.0,10.0,7.0,8.0,8.0,30.0,8.0,10.0,10.0,11.0
950,31.0,47.0,10.0,47.0,10.0,7.0,8.0,9.0,30.0,8.0,10.0,10.0,11.0
951,31.0,47.0,10.0,47.0,10.0,7.0,8.0,9.0,30.0,8.0,10.0,10.0,11.0
952,31.0,47.0,10.0,47.0,10.0,7.0,8.0,9.0,30.0,8.0,10.0,10.0,11.0
953,31.0,47.0,10.0,47.0,10.0,7.0,8.0,9.0,30.0,8.0,10.0,10.0,11.0
954,31.0,47.0,10.0,47.0,10.0,7.0,8.0,9.0,30.0,8.0,10.0,10.0,11.0
955,31.0,47.0,10.0,47.0,10.0,7.0,8.0,8.0,30.0,8.0,10.0,10.0,11.0
956,31.0,47.0,10.0,47.0,10.0,7.0,8.0,9.0,30.0,8.0,10.0,10.0,11.0
957,31.0,47.0,10.0,47.0,10.0,7.0,8.0,9.0,30.0,8.0,10.0,10.0,11.0
958,31.0,47.0,10.0,47.0,10.0,7.0,8.0,9.0,30.0,8.0,10.0,10.0,11.0
959,31.0,47.0,10.0,47.0,10.0,7.0,8.0,9.0,30.0,8.0,10.0,10.0,11.0
960,31.0,47.0,10.0,47.0,10.0,7.0,8.0,9.0,30.0,8.0,10.0,10.0,11.0
961,31.0,48.0,10.0,48.0,10.0,7.0,8.0,9.0,30.0,8.0,10.0,10.0,11.0
962,31.0,48.0,10.0,47.0,10.0,7.0,8.0,9.0,30.0,8.0,10.0,10.0,11.0
963,31.0,47.0,10.0,47.0,10.0,7.0,8.0,9.0,30.0,8.0,10.0,10.0,11.0
964,31.0,48.0,10.0,47.0,10.0,7.0,8.0,9.0,30.0,8.0,10.0,10.0,11.0
965,31.0,48.0,10.0,46.0,10.0,7.0,8.0,8.0,30.0,8.0,10.0,10.0,11.0
966,31.0,47.0,10.0,47.0,10.0,7.0,8.0,8.0,30.0,8.0,10.0,10.0,11.0
967,31.0,47.0,10.0,47.0,10.0,7.0,8.0,9.0,30.0,8.0,10.0,10.0,11.0
968,31.0,47.0,10.0,47.0,10.0,7.0,8.0,10.0,30.0,8.0,10.0,10.0,11.0
969,31.0,48.0,10.0,47.0,10.0,7.0,8.0,10.0,30.0,8.0,10.0,10.0,11.0
970,31.0,47.0,10.0,47.0,10.0,7.0,8.0,11.0,30.0,8.0,10.0,10.0,11.0
971,31.0,47.0,10.0,46.0,10.0,7.0,8.0,12.0,30.0,8.0,10.0,10.0,11.0
972,31.0,47.0,10.0,46.0,11.0,7.0,8.0,12.0,30.0,8.0,10.0,10.0,11.0
973,31.0,47.0,10.0,46.0,10.0,7.0,8.0,12.0,30.0,8.0,10.0,10.0,11.0
974,31.0,47.0,10.0,47.0,10.0,7.0,8.0,12.0,30.0,8.0,10.0,10.0,11.0
975,31.0,47.0,10.0,47.0,10.0,7.0,8.0,13.0,30.0,8.0,10.0,10.0,11.0
976,31.0,47.0,10.0,46.0,10.0,7.0,8.0,14.0,30.0,8.0,10.0,10.0,11.0
977,31.0,47.0,10.0,47.0,10.0,7.0,8.0,13.0,30.0,8.0,10.0,10.0,11.0
978,31.0,47.0,10.0,46.0,11.0,7.0,8.0,13.0,30.0,8.0,10.0,10.0,11.0
979,31.0,47.0,10.0,47.0,11.0,7.0,8.0,13.0,30.0,8.0,10.0,10.0,11.0
980,31.0,47.0,11.0,47.0,11.0,7.0,8.0,14.0,30.0,8.0,10.0,10.0,11.0
981,31.0,47.0,11.0,46.0,11.0,7.0,8.0,13.0,30.0,8.0,10.0,10.0,11.0
982,31.0,48.0,10.0,46.0,11.0,7.0,8.0,13.0,30.0,8.0,10.0,10.0,11.0
983,31.0,47.0,10.0,47.0,11.0,7.0,8.0,12.0,30.0,8.0,11.0,10.0,11.0
984,31.0,47.0,10.0,47.0,11.0,7.0,8.0,12.0,30.0,8.0,10.0,10.0,11.0
985,31.0,47.0,10.0,47.0,11.0,7.0,8.0,12.0,30.0,8.0,10.0,10.0,11.0
986,31.0,47.0,10.0,47.0,11.0,7.0,8.0,12.0,30.0,8.0,11.0,10.0,11.0
987,31.0,47.0,11.0,47.0,11.0,7.0,8.0,12.0,30.0,8.0,10.0,10.0,11.0
988,31.0,47.0,11.0,47.0,11.0,7.0,8.0,12.0,30.0,8.0,10.0,11.0,11.0
989,31.0,47.0,13.0,46.0,11.0,7.0,8.0,12.0,30.0,8.0,10.0,10.0,11.0
990,31.0,47.0,13.0,46.0,11.0,7.0,8.0,12.0,30.0,8.0,11.0,10.0,11.0
991,31.0,47.0,13.0,47.0,11.0,7.0,8.0,12.0,30.0,8.0,11.0,11.0,11.0
992,31.0,47.0,12.0,47.0,11.0,7.0,8.0,12.0,30.0,8.0,11.0,11.0,11.0
993,31.0,47.0,11.0,47.0,12.0,7.0,8.0,12.0,30.0,8.0,11.0,11.0,11.0
994,31.0,47.0,11.0,47.0,12.0,7.0,8.0,12.0,30.0,8.0,11.0,11.0,11.0
995,31.0,47.0,11.0,47.0,12.0,7.0,8.0,13.0,30.0,8.0,10.0,10.0,11.0
996,31.0,47.0,11.0,46.0,12.0,7.0,8.0,13.0,30.0,8.0,10.0,11.0,11.0
997,31.0,47.0,11.0,47.0,12.0,7.0,8.0,13.0,30.0,8.0,11.0,10.0,11.0
998,31.0,47.0,11.0,47.0,12.0,7.0,8.0,13.0,30.0,8.0,10.0,10.0,11.0
999,31.0,47.0,10.0,47.0,11.0,7.0,8.0,13.0,30.0,8.0,10.0,10.0,11.0
