,pandemic_susceptible,pandemic_infected,pandemic_recovered
0,0.6561925000000001,1.25e-06,0.33779125
1,0.99937125,0.000625,1.25e-06
2,0.9991375,0.00073625,5.125e-05
3,0.9987,0.0010025000000000001,0.00012749999999999998
4,0.9979875,0.00143875,0.00023999999999999998
5,0.99672375,0.00233125,0.00039875
6,0.99418375,0.00419,0.00069875
7,0.98985,0.0074075,0.0011949999999999999
8,0.9828450000000001,0.01250875,0.0020225
9,0.97312125,0.01912125,0.0033924999999999997
10,0.9614174999999999,0.026389999999999997,0.00533875
11,0.94848625,0.033464999999999995,0.00804
12,0.9351075000000001,0.03958625,0.011595000000000001
13,0.92141625,0.04497375,0.01570125
14,0.9074825000000001,0.049475,0.020452500000000002
15,0.89283375,0.05401875,0.02583625
16,0.878065,0.05767875,0.0318025
17,0.86294125,0.06095,0.03849625
18,0.8474950000000001,0.0639325,0.04576
19,0.83191875,0.06667625,0.053505
20,0.81649375,0.06862375,0.061957500000000006
21,0.80134375,0.0701675,0.07062625
22,0.7867575,0.07063125,0.07979
23,0.77267375,0.07071749999999999,0.08927
24,0.7595274999999999,0.07008125,0.09880375
25,0.74702375,0.068905,0.10874249999999999
26,0.73527875,0.06721125,0.11893625
27,0.72409875,0.06522875,0.1292625
28,0.713675,0.0629525,0.13934375
29,0.70358375,0.06094125,0.14937125
30,0.69420875,0.0583025,0.1595675
31,0.6856025,0.05547125,0.1697575
32,0.6776025,0.05263375,0.1795925
33,0.6698575,0.05012125,0.189405
34,0.66278,0.0475425,0.199155
35,0.656125,0.04498,0.2084
36,0.6497275,0.0427475,0.21740500000000001
37,0.6438475,0.040535,0.22638375
38,0.638205,0.0382625,0.23504
39,0.63299625,0.036114999999999994,0.24353125
40,0.62793375,0.034405,0.25175
41,0.6232925,0.03236375,0.25960500000000003
42,0.61886875,0.03063875,0.26721999999999996
43,0.6148125,0.02882125,0.27453375
44,0.6109399999999999,0.02717375,0.2819775
45,0.60738875,0.02545625,0.289035
46,0.60401125,0.0240375,0.29576125
47,0.600845,0.02265875,0.30220625
48,0.5978275,0.02140125,0.30843375
49,0.59496375,0.02018,0.31436125
50,0.59229875,0.01892625,0.32025875
51,0.589875,0.017755,0.32583
52,0.587475,0.0167625,0.331235
53,0.5851625,0.01582375,0.33644
54,0.58298125,0.01491875,0.34142
55,0.5809850000000001,0.01408375,0.34613375
56,0.579125,0.01325875,0.35075625
57,0.57732125,0.01268,0.35517
58,0.57560125,0.01189875,0.35939499999999996
59,0.57404625,0.0111825,0.3633875
60,0.572515,0.01056125,0.3671725
61,0.5711324999999999,0.00990375,0.3708475
62,0.56976375,0.00938,0.3743725
63,0.56853125,0.00881,0.377705
64,0.56731375,0.00829125,0.3809125
65,0.5662475,0.00777375,0.38394875
66,0.5651875,0.00730875,0.3869375
67,0.5641550000000001,0.00684125,0.38982625
68,0.56316625,0.00648125,0.39246125
69,0.56226375,0.006220000000000001,0.39493875
70,0.56142125,0.00585375,0.3974475
71,0.56061375,0.00553875,0.39977375
72,0.55985625,0.00516375,0.40205250000000003
73,0.55914625,0.00489,0.40421999999999997
74,0.55847125,0.00460875,0.406185
75,0.55783375,0.0043725000000000005,0.40818499999999996
76,0.5572550000000001,0.00414625,0.40999875
77,0.55664875,0.0039425,0.41171
78,0.55609,0.0037225,0.41343375
79,0.5555625,0.00355375,0.41493125
80,0.55509625,0.003315,0.41649625
81,0.55462875,0.00318125,0.4179325
82,0.5541725000000001,0.00304125,0.41926499999999994
83,0.55369875,0.00296,0.42055625
84,0.5532925,0.0027975,0.42179125
85,0.55293,0.0026075,0.4229375
86,0.55254625,0.00247125,0.42408125
87,0.55222125,0.00231875,0.42518500000000004
88,0.55188,0.00217,0.42616375
89,0.55154875,0.00211875,0.42709625
90,0.55122125,0.00204875,0.42805249999999995
91,0.5509225,0.0019475000000000002,0.42891999999999997
92,0.55069875,0.00180125,0.4298
93,0.5504475000000001,0.0017,0.43060625
94,0.5502199999999999,0.0016,0.4314
95,0.5500025,0.001475,0.43217749999999994
96,0.54981,0.00136875,0.43288125
97,0.54962125,0.0013050000000000002,0.43349
98,0.5494275,0.0012775,0.43412875
99,0.549235,0.00124,0.43475875
100,0.54905875,0.00119375,0.43532
101,0.5489,0.0011300000000000001,0.435855
102,0.54873625,0.00106,0.4363275
103,0.5485875,0.0010125,0.43683
104,0.5484425,0.000965,0.43724375
105,0.548285,0.00088625,0.43771375
106,0.54813375,0.00083875,0.43814
107,0.54798625,0.00082125,0.43856625
108,0.547855,0.0008025,0.43895249999999997
109,0.5477525,0.00077125,0.43929125
110,0.54763375,0.000745,0.4396175
111,0.5475,0.00074125,0.439975
112,0.54737875,0.0006900000000000001,0.44028375
113,0.54729125,0.0006450000000000001,0.44058875
114,0.5472100000000001,0.00061125,0.44086000000000003
115,0.54713125,0.00056625,0.4411475
116,0.54705125,0.00052875,0.44142375
117,0.54695375,0.0005275000000000001,0.44164625
118,0.5468625,0.00050875,0.441895
119,0.546775,0.00051875,0.44211000000000006
120,0.5467075,0.00048875,0.44233
121,0.5466300000000001,0.00048375,0.442525
122,0.546565,0.00044625,0.44272125
123,0.5464925,0.00042625,0.44292625
124,0.54643625,0.00040875,0.4431125
125,0.54637625,0.00037999999999999997,0.44326750000000004
126,0.54631875,0.00036125,0.4434175
127,0.54625625,0.00035875,0.44358500000000006
128,0.54620125,0.00035125,0.44373625
129,0.54614125,0.000335,0.44388375
130,0.54609875,0.00031,0.44401999999999997
131,0.54605625,0.00028625,0.44414625
132,0.54601,0.00028125,0.44428249999999997
133,0.54597875,0.0002575,0.44441625
134,0.5459275,0.00026375,0.44453000000000004
135,0.54589375,0.00024375,0.4446325
136,0.54586875,0.0002275,0.44473875
137,0.5458225,0.00022999999999999998,0.44484250000000003
138,0.54579375,0.00022375,0.44492250000000005
139,0.54576375,0.000205,0.44503000000000004
140,0.54573625,0.00019875,0.44513625
141,0.545705,0.00019125,0.44521875
142,0.54568,0.00017250000000000002,0.44529625
143,0.54565375,0.00017125,0.4453675
144,0.54563125,0.00015375,0.44545625
145,0.54561375,0.00014,0.44553000000000004
146,0.5455875,0.000145,0.44560500000000003
147,0.54557125,0.000135,0.4456575
148,0.5455375,0.000145,0.44573625
149,0.5455175,0.00013000000000000002,0.44578249999999997
150,0.5455075,0.0001025,0.445845
151,0.5454899999999999,0.0001075,0.4458875
152,0.545465,0.00011,0.44593999999999995
153,0.54545125,0.00010625,0.44599875
154,0.54543375,0.00010625,0.44605
155,0.54542875,9.25e-05,0.44609375
156,0.54541875,8.125e-05,0.44614
157,0.54540875,7.875e-05,0.44616999999999996
158,0.5454,7.25e-05,0.446205
159,0.54538,7.625e-05,0.44625
160,0.545355,8.125e-05,0.44629250000000004
161,0.5453399999999999,8.875e-05,0.44633375
162,0.545335,7.75e-05,0.44637375
163,0.54531875,7.875e-05,0.44640375
164,0.54530875,7e-05,0.44644875
165,0.54530375,6.125e-05,0.4464625
166,0.5452975,5.7499999999999995e-05,0.4464875
167,0.5452899999999999,5e-05,0.44651125
168,0.5452825,4.7499999999999996e-05,0.44653375
169,0.54527375,4.375e-05,0.44655249999999996
170,0.54526875,4.375e-05,0.44657749999999996
171,0.54525875,5e-05,0.44658875
172,0.54525,4.5e-05,0.44661125
173,0.54524625,4e-05,0.446625
174,0.5452425,3.125e-05,0.44664750000000003
175,0.54523875,2.875e-05,0.44666000000000006
176,0.54522875,3.5e-05,0.446675
177,0.5452199999999999,3.625e-05,0.44668875
178,0.5452199999999999,2.5e-05,0.44670625
179,0.54521625,2.625e-05,0.44671625
180,0.54521375,2.25e-05,0.44672875
181,0.54521125,2e-05,0.44674625
182,0.5452100000000001,2.125e-05,0.44675625
183,0.54520625,2e-05,0.44676125
184,0.54520125,2.125e-05,0.4467725
185,0.5451975,1.875e-05,0.44677625
186,0.5451925,2.125e-05,0.44678500000000004
187,0.54518625,2.5e-05,0.44679250000000004
188,0.54517375,3.375e-05,0.446805
189,0.5451699999999999,3.375e-05,0.44681375
190,0.54516625,2.875e-05,0.44682
191,0.54516125,2.9999999999999997e-05,0.44683125
192,0.5451600000000001,2.625e-05,0.44684125
193,0.5451575,2.375e-05,0.44684875
194,0.5451575,2e-05,0.44685375
195,0.5451550000000001,1.625e-05,0.44686750000000003
196,0.54515375,1.75e-05,0.44686875
197,0.5451524999999999,1.625e-05,0.44687125
198,0.54514875,1.75e-05,0.44687875
199,0.54514875,1e-05,0.4468875
200,0.54514625,1.25e-05,0.44689375
201,0.545145,1.125e-05,0.446895
202,0.54514125,1.125e-05,0.44690125
203,0.54513875,1.25e-05,0.44690625
204,0.5451375,1.125e-05,0.4469125
205,0.54513625,1.125e-05,0.44691499999999995
206,0.545135,1.125e-05,0.44692
207,0.54513375,8.75e-06,0.4469275
208,0.54513125,1.125e-05,0.44693625
209,0.54513125,8.75e-06,0.4469425
210,0.54513125,6.25e-06,0.44695
211,0.54513125,5e-06,0.4469525
212,0.54513125,5e-06,0.44695375
213,0.54513,6.25e-06,0.44695375
214,0.5451275,7.499999999999999e-06,0.44695875
215,0.5451275,3.75e-06,0.4469625
216,0.5451275,2.5e-06,0.4469675
217,0.545125,5e-06,0.44696875
218,0.54512375,5e-06,0.44697125
219,0.54512125,7.499999999999999e-06,0.44697375
220,0.54512125,6.25e-06,0.44697749999999997
221,0.54512125,2.5e-06,0.4469825
222,0.54512125,2.5e-06,0.4469825
223,0.54512125,2.5e-06,0.44698375
224,0.54512125,2.5e-06,0.44698625
225,0.5451199999999999,2.5e-06,0.44698875
226,0.54511875,2.5e-06,0.44698999999999994
227,0.54511875,2.5e-06,0.44698999999999994
228,0.54511875,1.25e-06,0.44699375
229,0.99936375,0.00063375,2.5e-06
230,0.99904125,0.0008125,5.9999999999999995e-05
231,0.9983,0.00135,0.00014
232,0.9961225,0.0030800000000000003,0.00032
233,0.9899375,0.00818625,0.0007375
234,0.9767425,0.018742500000000002,0.00181375
235,0.9565725,0.03360125,0.00401625
236,0.932075,0.049714999999999995,0.007555
237,0.90684125,0.0634225,0.01260375
238,0.88192,0.07469500000000001,0.01881625
239,0.85732375,0.08354375,0.02659375
240,0.83341625,0.09025125,0.035277499999999996
241,0.80987625,0.09539125,0.04510875
242,0.78745375,0.099075,0.0555625
243,0.76632375,0.10025125,0.0671175
244,0.74634125,0.10053125,0.078885
245,0.72787875,0.0994725,0.0911675
246,0.7107399999999999,0.09737125,0.10408125
247,0.6947475000000001,0.0943625,0.11722375
248,0.680045,0.09070875,0.13053
249,0.66652,0.0870275,0.1435375
250,0.6539575,0.082535,0.156815
251,0.6423425,0.07822625,0.17004875
252,0.6316,0.07392375,0.1830425
253,0.6217,0.06970499999999999,0.1957325
254,0.61243,0.06566375,0.20802875
255,0.6039725,0.0616375,0.22024625
256,0.5959325,0.05774,0.23225500000000002
257,0.5884775,0.05412125,0.24376875
258,0.58159625,0.050755,0.255015
259,0.57517625,0.047389999999999995,0.26596875
260,0.56920875,0.044297500000000004,0.2764775
261,0.5636,0.041335000000000004,0.28697875
262,0.55827625,0.03873,0.29674625
263,0.553485,0.03608125,0.3064325
264,0.54898,0.03388375,0.31579
265,0.544755,0.03163875,0.324655
266,0.54093875,0.02948625,0.33318625
267,0.53725875,0.027645,0.34136500000000003
268,0.5338275,0.02587875,0.3492025
269,0.53067875,0.0241025,0.35663375
270,0.52766625,0.022535,0.3639275
271,0.5248375,0.0211225,0.37096
272,0.522105,0.0198625,0.37772
273,0.5195975,0.018615,0.38394875
274,0.51726625,0.0173725,0.390075
275,0.51506125,0.01638125,0.39586875
276,0.5130825,0.0152375,0.40151
277,0.5111074999999999,0.01423875,0.40702
278,0.509305,0.013342500000000002,0.41213375
279,0.50756875,0.01253125,0.41685625
280,0.50596875,0.01164125,0.42166125
281,0.50444875,0.01099375,0.42602375
282,0.50309125,0.0101975,0.43017625
283,0.50174,0.00962125,0.4341575
284,0.50048875,0.00900375,0.43792875
285,0.4992625,0.00851125,0.44151999999999997
286,0.49811125,0.0081175,0.444985
287,0.49704750000000003,0.00757875,0.4483375
288,0.49601625,0.00715875,0.4514875
289,0.49505625,0.0066974999999999995,0.45445125
290,0.4941475,0.006425,0.45729
291,0.49323625,0.0060825,0.46005
292,0.49238625,0.0058075,0.46267749999999996
293,0.491625,0.00541,0.46519499999999997
294,0.4909075,0.00507,0.46759625
295,0.49022,0.0047925,0.469735
296,0.48957375,0.00457625,0.47192875
297,0.48895,0.00425625,0.473955
298,0.48835500000000004,0.00404,0.47585
299,0.48783875,0.00375375,0.4777075
300,0.48733625,0.0034825000000000004,0.4794825
301,0.48681499999999994,0.0033200000000000005,0.48110625
302,0.48636499999999994,0.00312125,0.48273125
303,0.48588000000000003,0.00295,0.48424375
304,0.48541125,0.00287375,0.48567
305,0.48494125,0.00278,0.4870125
306,0.4844875,0.0026725,0.48830375
307,0.48407375,0.0025625,0.4895575
308,0.483675,0.00246,0.4907025
309,0.48330500000000004,0.002365,0.49186499999999994
310,0.48296999999999995,0.0022225,0.492965
311,0.48258249999999997,0.0021675,0.49402125
312,0.48220125,0.0021149999999999997,0.49494499999999997
313,0.48177,0.00216875,0.495925
314,0.48137125,0.00214125,0.49684375
315,0.48093,0.00212625,0.49777375
316,0.48055625,0.0021024999999999998,0.49859499999999995
317,0.48018999999999995,0.002075,0.49944125
318,0.47979875,0.00205125,0.500205
319,0.47945,0.00197875,0.5009575
320,0.47907875,0.00194875,0.5016625
321,0.4786875,0.00198375,0.5023325
322,0.478325,0.00193625,0.50295875
323,0.47793,0.00194375,0.5036149999999999
324,0.47751875,0.001945,0.50424875
325,0.47710625,0.0019649999999999997,0.504845
326,0.47671,0.00197875,0.50547875
327,0.47635500000000003,0.001945,0.50610375
328,0.4759125,0.0020350000000000004,0.50667375
329,0.47550749999999997,0.00205875,0.507255
330,0.47510875,0.00204125,0.5077825
331,0.474725,0.0020399999999999997,0.50833125
332,0.47437250000000003,0.00200125,0.50884625
333,0.47401375,0.00195375,0.50936
334,0.473685,0.00192125,0.50985875
335,0.47333375,0.00187375,0.5103274999999999
336,0.4730125,0.00180375,0.51080875
337,0.47266,0.0018100000000000002,0.51125125
338,0.472365,0.00172875,0.5117225000000001
339,0.47209125,0.00168125,0.51218125
340,0.47183500000000006,0.0016350000000000002,0.51259125
341,0.47157625,0.0015675,0.513025
342,0.47131000000000006,0.0015175,0.51341
343,0.47110875,0.00137625,0.5138625
344,0.4708675,0.0013475,0.514255
345,0.47064625,0.001295,0.51467625
346,0.47042875,0.00127625,0.51503125
347,0.47025500000000003,0.0012175,0.51537125
348,0.47006625,0.0011675000000000001,0.51571
349,0.4698825,0.0011525,0.51603
350,0.46971,0.001105,0.5163625
351,0.4695275,0.00106,0.51668
352,0.4693825,0.00099375,0.5169925
353,0.46921625,0.0009699999999999999,0.5172800000000001
354,0.46905749999999996,0.00094625,0.5175475
355,0.4689225,0.0009,0.51782125
356,0.46881125,0.00084875,0.5180725
357,0.468685,0.00080625,0.51834125
358,0.46856000000000003,0.00077875,0.51856875
359,0.46843999999999997,0.0007625,0.51876375
360,0.4683375,0.00072625,0.51900375
361,0.4682375,0.00068125,0.51923125
362,0.46813875,0.0006475,0.51946
363,0.4680375,0.0006325,0.5196225
364,0.4679375,0.00059625,0.51982125
365,0.46784375,0.00058125,0.520005
366,0.4677675,0.0005474999999999999,0.5201875
367,0.46768375,0.00053375,0.5203525
368,0.46759375,0.0005099999999999999,0.5205225
369,0.46753999999999996,0.00046875,0.52067
370,0.467475,0.00045999999999999996,0.52082
371,0.46740625,0.00043875,0.52098375
372,0.46733375,0.00043,0.52113125
373,0.46728500000000006,0.00039625,0.52126875
374,0.46723000000000003,0.00036375,0.52142625
375,0.46715625,0.00036625,0.5215375
376,0.467125,0.0003375,0.52164375
377,0.4670675,0.00034625,0.52174375
378,0.46700749999999996,0.00033999999999999997,0.52184875
379,0.46696499999999996,0.00031,0.52197625
380,0.46692125,0.00029875,0.52207625
381,0.46688500000000005,0.00027375,0.52218125
382,0.46683875,0.00026625,0.52227875
383,0.46681999999999996,0.00022875,0.522365
384,0.46677375,0.00024249999999999999,0.52245375
385,0.46673625,0.00022625,0.5225525
386,0.46671375,0.00021125,0.52263375
387,0.46668000000000004,0.00019875,0.5227225000000001
388,0.4666575,0.00017875,0.5227975
389,0.46662625,0.00018625,0.52287
390,0.466605,0.00017375,0.52295125
391,0.46658,0.00015875,0.5230175
392,0.4665525,0.0001675,0.523075
393,0.46652625,0.00016375,0.5231425000000001
394,0.46649875,0.00015625,0.5232
395,0.46648375,0.00013625,0.5232525
396,0.4664625,0.00012749999999999998,0.52331375
397,0.466455,0.00011750000000000001,0.52336
398,0.4664375,0.00010375,0.523405
399,0.46642875,8.499999999999999e-05,0.5234575
400,0.4664075,8.499999999999999e-05,0.5234949999999999
401,0.46639250000000004,7.75e-05,0.52354625
402,0.46638375,7.875e-05,0.5235850000000001
403,0.46637375,7.25e-05,0.5236149999999999
404,0.46636000000000005,7.5e-05,0.52363625
405,0.46635125,6.375e-05,0.52367125
406,0.4663425,6.125e-05,0.52370625
407,0.46633375,5.9999999999999995e-05,0.52373625
408,0.46632875,5.25e-05,0.5237675
409,0.46632250000000003,5.125e-05,0.52379875
410,0.46631375,5e-05,0.5238225000000001
411,0.4663075,4e-05,0.5238550000000001
412,0.46630375,3.375e-05,0.52387625
413,0.46629625,3.625e-05,0.523895
414,0.46628875,3.2500000000000004e-05,0.52392125
415,0.46628625,2.625e-05,0.52393875
416,0.46628625,2.125e-05,0.52395875
417,0.46628375,1.875e-05,0.52396875
418,0.4662825,1.25e-05,0.52399625
419,0.46627875,1.4999999999999999e-05,0.52400375
420,0.46627749999999996,1.375e-05,0.5240199999999999
421,0.46627375,1.25e-05,0.52403375
422,0.46627125,1.25e-05,0.52404125
423,0.46626625,1.125e-05,0.5240524999999999
424,0.46626375,1e-05,0.52405875
425,0.46626125,7.499999999999999e-06,0.52407625
426,0.46626000000000006,7.499999999999999e-06,0.52409125
427,0.4662575,8.75e-06,0.524105
428,0.4662575,6.25e-06,0.5241125
429,0.46625625,7.499999999999999e-06,0.52412
430,0.46625625,6.25e-06,0.5241225
431,0.46625375,8.75e-06,0.52413125
432,0.46625125,1e-05,0.52413625
433,0.46625125,8.75e-06,0.52414625
434,0.46625,8.75e-06,0.52415
435,0.46624875,7.499999999999999e-06,0.52415625
436,0.46624875,5e-06,0.52415875
437,0.46624750000000004,5e-06,0.52417
438,0.46624625,5e-06,0.52417625
439,0.46624499999999997,3.75e-06,0.52417875
440,0.46624499999999997,2.5e-06,0.5241825
441,0.46624499999999997,2.5e-06,0.5241875
442,0.46624499999999997,2.5e-06,0.5241925000000001
443,0.46624499999999997,2.5e-06,0.5241975
444,0.46624375,3.75e-06,0.5242
445,0.46624375,3.75e-06,0.524205
446,0.46624375,3.75e-06,0.524205
447,0.4662425,5e-06,0.5242074999999999
448,0.4662425,5e-06,0.5242100000000001
449,0.46624125,6.25e-06,0.5242100000000001
450,0.46624125,5e-06,0.5242125
451,0.46623875,6.25e-06,0.52421875
452,0.46623875,6.25e-06,0.52422
453,0.46623875,6.25e-06,0.52422125
454,0.46623875,5e-06,0.52422625
455,0.46623875,5e-06,0.52422625
456,0.4662375,5e-06,0.52423
457,0.4662375,3.75e-06,0.5242325
458,0.4662375,2.5e-06,0.52423375
459,0.46623625,3.75e-06,0.52423375
460,0.46623625,2.5e-06,0.524235
461,0.466235,3.75e-06,0.524235
462,0.466235,3.75e-06,0.52423625
463,0.466235,3.75e-06,0.5242375
464,0.46623375,3.75e-06,0.52424125
465,0.46623375,2.5e-06,0.52424125
466,0.46623375,2.5e-06,0.52424125
467,0.46623375,2.5e-06,0.52424125
468,0.46623375,2.5e-06,0.5242425000000001
469,0.46623375,2.5e-06,0.5242425000000001
470,0.46623375,1.25e-06,0.52424375
471,0.46623375,1.25e-06,0.524245
472,0.99937375,0.0006225,1.25e-06
473,0.99923,0.0006475,4.125e-05
474,0.99897625,0.0007475,0.0001125
475,0.9985775,0.0010025000000000001,0.00017875
476,0.9978875,0.0014625,0.0002925
477,0.99659625,0.00239875,0.000425
478,0.99426875,0.00406125,0.0007099999999999999
479,0.990075,0.007135,0.00118625
480,0.9833274999999999,0.011890000000000001,0.00203625
481,0.973375,0.018844999999999997,0.00336625
482,0.9605125,0.027089999999999996,0.0054375
483,0.944825,0.03639375,0.00840875
484,0.92791625,0.04512,0.01227625
485,0.9104975000000001,0.05284375,0.0169925
486,0.8931674999999999,0.05896875,0.02259125
487,0.876265,0.063715,0.02896875
488,0.79091875,0.067755,0.078375
489,0.77942,0.065805,0.08760125
490,0.7685274999999999,0.06400750000000001,0.0970725
491,0.75840375,0.06163375,0.10641875
492,0.7489225,0.05950125,0.11560875
493,0.73985375,0.05725875,0.124925
494,0.73152625,0.05455499999999999,0.13434625
495,0.7235575,0.051875,0.14340625
496,0.71607875,0.049225,0.1526225
497,0.70906375,0.04671375,0.1614275
498,0.70240875,0.04443375,0.17029
499,0.69603,0.04223375,0.17877375
500,0.69014,0.04000875,0.18711375
501,0.68475375,0.03783125,0.195245
502,0.679635,0.03573125,0.20320125
503,0.67487,0.03370875,0.21114375
504,0.67487,0.03370875,0.21114375
505,0.67028375,0.0318575,0.21879
506,0.67028375,0.0318575,0.21879
507,0.66603375,0.03001125,0.22615125
508,0.66603375,0.03001125,0.22615125
509,0.6620075,0.02818,0.2333225
510,0.6620075,0.02818,0.2333225
511,0.65813125,0.02676125,0.24009875
512,0.65813125,0.02676125,0.24009875
513,0.65453625,0.02526375,0.24676125
514,0.65108375,0.023955,0.2530575
515,0.64779375,0.02276125,0.2594125
516,0.64485,0.021392500000000002,0.26545625
517,0.641955,0.02018,0.27128875
518,0.63931375,0.0189625,0.27691375
519,0.63678125,0.01778125,0.2823575
520,0.63429125,0.0169075,0.28749375
521,0.63183375,0.01608,0.29257875
522,0.62971,0.01508375,0.2973025
523,0.62759875,0.01427125,0.30187125
524,0.62562125,0.013569999999999999,0.30637375
525,0.62370375,0.01286875,0.3106775
526,0.62201125,0.01214375,0.3148025
527,0.62037875,0.01148125,0.31859125
528,0.61881625,0.01078,0.32240625
529,0.6173125,0.01012125,0.326
530,0.615915,0.0096,0.32943375
531,0.61463,0.0090075,0.33283625
532,0.61329,0.00855625,0.33599875
533,0.61197125,0.0082625,0.33906
534,0.61078625,0.0078525,0.34202375
535,0.60972875,0.0073425,0.34486875
536,0.60866125,0.00697625,0.34749
537,0.607645,0.00663625,0.349975
538,0.60665875,0.0063475,0.35236625
539,0.60580875,0.00603125,0.35463375
540,0.6049775,0.0056675,0.3569025
541,0.60413625,0.00536,0.3590575
542,0.6033649999999999,0.00510375,0.3610075
543,0.60263375,0.0048375,0.3630275
544,0.60197875,0.00455625,0.364975
545,0.6013875,0.0043325,0.36676375
546,0.6007325,0.004115,0.36846375
547,0.60019,0.00384125,0.3701475
548,0.59963125,0.00362125,0.3717525
549,0.599125,0.00343875,0.37324250000000003
550,0.5986024999999999,0.0032725000000000002,0.37466125
551,0.59816125,0.00307625,0.37602875
552,0.59769125,0.00297,0.37729875
553,0.5972675000000001,0.0028475,0.3785525
554,0.5969025,0.00264375,0.37969625
555,0.59649625,0.0025725,0.38084
556,0.59613875,0.002445,0.38189875
557,0.5957899999999999,0.00233625,0.38291625
558,0.59549,0.0021774999999999997,0.38387
559,0.59519,0.0020399999999999997,0.384795
560,0.59493375,0.0019275,0.38564875
561,0.5946524999999999,0.00184125,0.3864975
562,0.59439125,0.00173125,0.38736625
563,0.5941425,0.001675,0.38809875
564,0.59388125,0.00162375,0.38883625
565,0.59365125,0.0015475,0.38956
566,0.593445,0.00145,0.3901775
567,0.59325625,0.00137875,0.39080375
568,0.59304,0.0013525,0.3913875
569,0.59284625,0.00127375,0.3919675
570,0.59264875,0.0012324999999999999,0.39251625
571,0.5924925,0.001145,0.39302375
572,0.5923375,0.0011275,0.39350625
573,0.59216,0.0010675,0.393975
574,0.59199125,0.0010325,0.39443875
575,0.59182,0.00100125,0.3948625
576,0.5916625,0.00098,0.3952625
577,0.59152375,0.00090125,0.39566625
578,0.5913975,0.00084875,0.39609875
579,0.59127375,0.00082,0.396455
580,0.59113625,0.00080875,0.39679625
581,0.5910025,0.00078375,0.39711625
582,0.5908800000000001,0.0007475,0.39742125
583,0.59075375,0.000725,0.39775125
584,0.5906275,0.00072125,0.3980475
585,0.5905199999999999,0.00069625,0.39835125
586,0.59041,0.00065875,0.398625
587,0.5902925,0.00062625,0.39889250000000004
588,0.5901850000000001,0.00061,0.3991575
589,0.59007,0.0005875,0.39940375
590,0.58998125,0.00055,0.39963375
591,0.589865,0.00056375,0.3998625
592,0.58976625,0.00054875,0.400065
593,0.58967625,0.00053,0.400275
594,0.58957375,0.0005375,0.40047625
595,0.58950125,0.00051625,0.40066625
596,0.58938875,0.00053125,0.40084749999999997
597,0.58931125,0.00050875,0.40103875
598,0.58921875,0.00049875,0.40120625
599,0.589155,0.00045250000000000005,0.40137125
600,0.58907375,0.0004475,0.40152
601,0.58899625,0.00043875,0.4016775
602,0.58893875,0.0004325,0.4018275
603,0.5888675,0.000425,0.4019725
604,0.588795,0.0004025,0.4021225
605,0.58872375,0.00041375,0.40225
606,0.58865125,0.00040875,0.40238625
607,0.58856875,0.00042125,0.4025125
608,0.5884825,0.00042249999999999997,0.4026225
609,0.5884075,0.00042125,0.40273375
610,0.58835,0.00038625,0.40283625
611,0.58827,0.00038375,0.402935
612,0.5882,0.00038500000000000003,0.40302875
613,0.5881175000000001,0.00040125,0.40313499999999997
614,0.5880475000000001,0.00038875,0.40323625
615,0.5879875,0.00036625,0.4033425
616,0.587915,0.0003575,0.4034275
617,0.58784625,0.0003675,0.40352375
618,0.58778125,0.0003575,0.40362125
619,0.5877275,0.00032625,0.4037175
620,0.58766625,0.00032625,0.403825
621,0.5876024999999999,0.00032875,0.40389250000000004
622,0.58753125,0.00033625,0.40398625
623,0.58747125,0.00031625,0.40408249999999996
624,0.5874175,0.000315,0.4041575
625,0.58735125,0.00033,0.40424375
626,0.58729,0.00030625,0.4043375
627,0.58722375,0.00031375,0.40442875
628,0.58717875,0.00029125,0.40449875
629,0.5871274999999999,0.00028875,0.40455749999999996
630,0.58707375,0.00029625,0.40463499999999997
631,0.5870475,0.00026625,0.4047125
632,0.58701125,0.00023500000000000002,0.4047875
633,0.58698125,0.000225,0.4048575
634,0.5869449999999999,0.00022,0.404895
635,0.586905,0.0002125,0.40495625
636,0.5868625,0.00021,0.40501125
637,0.58682375,0.000205,0.4050675
638,0.58678875,0.00018125,0.405125
639,0.58676125,0.00017125,0.405185
640,0.58672,0.00017625,0.4052225
641,0.58668,0.00018375,0.40528375
642,0.5866574999999999,0.00017125,0.40534125
643,0.58661875,0.00018125,0.40538625
644,0.5865925000000001,0.00017875,0.4054325
645,0.5865625,0.00017875,0.40548249999999997
646,0.58652375,0.00018,0.40552875
647,0.5864975,0.00016375,0.40557
648,0.5864625,0.00016,0.40562875
649,0.58642625,0.000165,0.40568000000000004
650,0.58639875,0.000165,0.40572125
651,0.58637875,0.0001525,0.40575875
652,0.58634375,0.0001575,0.4058025
653,0.58631375,0.000155,0.4058425
654,0.5862725000000001,0.0001625,0.405885
655,0.58624375,0.00015625,0.40594
656,0.58622125,0.00016,0.40596875
657,0.5861775,0.00016,0.406005
658,0.5861475,0.000155,0.40604375
659,0.5861274999999999,0.00014375,0.40608625
660,0.58610875,0.00012875,0.4061375
661,0.58609125,0.00010625,0.406185
662,0.58607375,9.75e-05,0.40621
663,0.586055,0.000105,0.40623625
664,0.58602625,0.00011625,0.40626
665,0.58599875,0.00011750000000000001,0.40629875
666,0.5859774999999999,0.00011375,0.406335
667,0.5859575,0.00010625,0.40636125
668,0.58594,9.75e-05,0.40638875
669,0.58592625,9e-05,0.40641750000000004
670,0.58591,8.499999999999999e-05,0.40645
671,0.58589875,8.375e-05,0.40648125
672,0.5858925,7e-05,0.406505
673,0.5858774999999999,7.125e-05,0.406525
674,0.58587125,6.375e-05,0.40654250000000003
675,0.58586875,5.5e-05,0.40656625
676,0.5858625,5e-05,0.40659
677,0.585855,4.7499999999999996e-05,0.40660625
678,0.58584625,4.375e-05,0.406615
679,0.5858375,4.625e-05,0.40662750000000003
680,0.5858325,4.7499999999999996e-05,0.40663875
681,0.58582875,4.625e-05,0.40665
682,0.58582125,4.625e-05,0.406665
683,0.585815,4.625e-05,0.40667625
684,0.5858075,4e-05,0.40668875
685,0.5858,4.2499999999999996e-05,0.40669375
686,0.585795,4.2499999999999996e-05,0.4067075
687,0.58578625,4.375e-05,0.40672125
688,0.58577625,4.625e-05,0.40673125
689,0.58577,3.875e-05,0.40674875
690,0.5857675,3.2500000000000004e-05,0.4067625
691,0.58576375,2.9999999999999997e-05,0.4067725
692,0.58576125,2.875e-05,0.40677875
693,0.5857600000000001,2.375e-05,0.40679125
694,0.58575625,2.5e-05,0.40680125
695,0.585755,2.5e-05,0.40681
696,0.58574625,2.5e-05,0.406825
697,0.5857425,2.375e-05,0.40682875
698,0.5857399999999999,2.25e-05,0.40683875
699,0.5857399999999999,1.75e-05,0.40684375
700,0.58573875,1.4999999999999999e-05,0.40685125
701,0.58573375,1.75e-05,0.406855
702,0.58573375,1.4999999999999999e-05,0.40686125
703,0.58573375,1.25e-05,0.40686875
704,0.58573375,1.125e-05,0.4068775
705,0.58573125,1e-05,0.40688125
706,0.58572875,8.75e-06,0.4068875
707,0.58572625,1e-05,0.40689375
708,0.585725,8.75e-06,0.40690125
709,0.585725,3.75e-06,0.406905
710,0.58572375,5e-06,0.40691125
711,0.5857225,5e-06,0.406915
712,0.58572125,6.25e-06,0.40692125
713,0.58571875,8.75e-06,0.40692249999999996
714,0.58571875,5e-06,0.40693
715,0.5857175,6.25e-06,0.4069325
716,0.5857175,5e-06,0.406935
717,0.5857175,5e-06,0.406935
718,0.58571375,6.25e-06,0.406945
719,0.5857125,7.499999999999999e-06,0.40694625
720,0.58571125,5e-06,0.40694875
721,0.58571125,5e-06,0.4069525
722,0.58571125,5e-06,0.4069525
723,0.58571125,3.75e-06,0.40695875
724,0.5857100000000001,3.75e-06,0.40696
725,0.58570875,1.25e-06,0.40696625
726,0.58570875,1.25e-06,0.40697125
727,0.58570875,1.25e-06,0.40697375
728,0.58570875,1.25e-06,0.40697375
729,0.58570875,1.25e-06,0.4069775
730,0.99936625,0.0006325,0.0
731,0.99921125,0.00065875,4.375e-05
732,0.99897875,0.00075375,9.375e-05
733,0.99856,0.000995,0.000155
734,0.9977674999999999,0.00152125,0.00027875
735,0.99632375,0.00253125,0.00049
736,0.99341125,0.0047275,0.00079125
737,0.98791125,0.00888375,0.00139625
738,0.97868625,0.01569375,0.0023899999999999998
739,0.9650924999999999,0.0252475,0.0041
740,0.94755,0.0365825,0.00682375
741,0.92768875,0.048005,0.01062875
742,0.90732875,0.05789125,0.0155
743,0.8873825000000001,0.06554375,0.0214325
744,0.8682799999999999,0.07087,0.028385000000000004
745,0.849915,0.0746825,0.03605875
746,0.8327450000000001,0.07679125,0.0445275
747,0.816365,0.07786125,0.053467499999999994
748,0.80111625,0.077575,0.0629525
749,0.78700375,0.076445,0.0727225
750,0.77361125,0.07474,0.082605
751,0.76111625,0.0727725,0.09275
752,0.7491800000000001,0.07060625,0.102995
753,0.73821125,0.067965,0.11310125
754,0.72812875,0.06476749999999999,0.12356125
755,0.71878125,0.06156875,0.13386875
756,0.710025,0.058585000000000005,0.1440775
757,0.70173875,0.05536875,0.15423
758,0.694025,0.05251375,0.1640575
759,0.686655,0.04978,0.17378125
760,0.67988,0.047017500000000004,0.18316375
761,0.6735725,0.04427125,0.19243875
762,0.66761875,0.04174125,0.201445
763,0.66176375,0.039392500000000004,0.21026750000000002
764,0.6564525,0.03715,0.21885875
765,0.6514175,0.03487875,0.2272725
766,0.646605,0.0328725,0.235335
767,0.642275,0.030885000000000003,0.24331375
768,0.63813625,0.028939999999999997,0.25101875
769,0.63431625,0.02716125,0.25819375
770,0.63071375,0.02544375,0.26530875
771,0.62724875,0.024,0.27209
772,0.62396125,0.0227125,0.27869375
773,0.62095375,0.02149125,0.28507375
774,0.6180775,0.0202325,0.291125
775,0.61541125,0.01905875,0.29706625
776,0.61284125,0.01793625,0.30275375
777,0.61044375,0.01685,0.30831125
778,0.60825,0.015882499999999997,0.31344375
779,0.606085,0.01506375,0.31843
780,0.60407,0.014252500000000001,0.3232175
781,0.6022274999999999,0.01341625,0.32760625
782,0.6003225,0.01274375,0.33206125
783,0.5985475,0.01211125,0.33624625
784,0.59692875,0.011375,0.34034000000000003
785,0.595245,0.01081125,0.34417875
786,0.59380125,0.01017375,0.34792
787,0.5924275,0.0095875,0.35155875
788,0.59116625,0.00900875,0.35501750000000004
789,0.58997875,0.00847375,0.3582475
790,0.5888100000000001,0.008020000000000001,0.361135
791,0.58777625,0.00750125,0.3639625
792,0.58679875,0.007025,0.36685500000000004
793,0.58583125,0.00664125,0.3696775
794,0.58488875,0.00623875,0.37234125
795,0.58399625,0.00587125,0.37478375
796,0.5831149999999999,0.0056325,0.3770625
797,0.58233,0.00533125,0.37926
798,0.581575,0.00505875,0.38139875
799,0.580845,0.004845,0.38340375
800,0.58017875,0.0046,0.38537
801,0.579565,0.0043425,0.38724625
802,0.5789925,0.00409875,0.38898375
803,0.57845,0.00382125,0.39077
804,0.57792625,0.00361625,0.39239125
805,0.57737375,0.00343375,0.39394875
806,0.57689375,0.0032450000000000005,0.39541750000000003
807,0.57642125,0.0030575,0.39672875
808,0.57599375,0.002905,0.39802
809,0.575575,0.00275875,0.39931
810,0.57515,0.0026425,0.40052125
811,0.57476,0.00255,0.4016775
812,0.57439625,0.0024324999999999998,0.40276375
813,0.57407125,0.00228125,0.40384875
814,0.5737300000000001,0.00218875,0.40481875
815,0.57341125,0.00206,0.40576875
816,0.5730775,0.00195625,0.4066825
817,0.57278875,0.0018675,0.40759375
818,0.57250875,0.00183625,0.4083825
819,0.572225,0.00178625,0.40915875
820,0.57197375,0.00172,0.4098975
821,0.5717675,0.00161,0.41059875
822,0.57152375,0.0015675,0.41127125
823,0.5712875,0.0015075,0.41187375
824,0.5710625,0.00142125,0.41244625
825,0.57083625,0.00138625,0.41307
826,0.5706325,0.00133,0.4136825
827,0.57042125,0.0013025,0.41424750000000005
828,0.57025375,0.0012375,0.41479375
829,0.57008625,0.00118,0.41531125
830,0.5699,0.001135,0.41578999999999994
831,0.5697325,0.0010975,0.41624750000000005
832,0.56954875,0.001065,0.41668999999999995
833,0.569355,0.00104625,0.41710749999999996
834,0.56918125,0.001025,0.41751625
835,0.56899125,0.00099,0.417925
836,0.568825,0.00094625,0.41827875
837,0.56867625,0.00091625,0.41864625
838,0.5685225,0.00089625,0.41896375
839,0.568385,0.00086625,0.41930375
840,0.56822625,0.00084,0.419645
841,0.5680975,0.0008275,0.41994750000000003
842,0.56793125,0.00085,0.42026375
843,0.56776875,0.0008425,0.42055625
844,0.56760375,0.00085375,0.42081625
845,0.56746125,0.00082375,0.42106125
846,0.5673,0.0008150000000000001,0.42134875
847,0.5671350000000001,0.00080625,0.42162375
848,0.56699,0.0007475,0.42188625
849,0.566815,0.00076125,0.4221475
850,0.5666575,0.00076625,0.42236625
851,0.5665074999999999,0.0007599999999999999,0.42259625
852,0.56633625,0.0007675,0.42284625
853,0.5661775,0.0007775000000000001,0.42308500000000004
854,0.56603375,0.00076875,0.42328375
855,0.56586125,0.00080625,0.42346375
856,0.5657,0.00081375,0.42366000000000004
857,0.56550875,0.0008425,0.42386625
858,0.56536875,0.00080875,0.42408375
859,0.56521,0.00082375,0.42428125
860,0.5650675000000001,0.0008125,0.42447250000000003
861,0.564905,0.00079875,0.42466000000000004
862,0.56476125,0.00078375,0.42485249999999997
863,0.5646275,0.0007875,0.42502375
864,0.56447125,0.00078375,0.42522250000000006
865,0.56433125,0.00074375,0.4254125
866,0.56420375,0.000715,0.42558999999999997
867,0.56406875,0.000705,0.4257375
868,0.56390375,0.00073375,0.42588125
869,0.5637675,0.00070375,0.42606750000000004
870,0.56362375,0.00071125,0.42623875
871,0.56346625,0.00071375,0.42639750000000004
872,0.56331875,0.00072625,0.4265725
873,0.56316375,0.00069625,0.42673625
874,0.563025,0.0006975,0.42689875
875,0.56289125,0.0006975,0.42704375
876,0.56274375,0.0007174999999999999,0.42717875
877,0.5626025,0.00074,0.42735
878,0.56249125,0.00068875,0.42751999999999996
879,0.56236875,0.00066875,0.42767375
880,0.5622475,0.0006349999999999999,0.4278175
881,0.56213625,0.00063375,0.42795500000000003
882,0.56203125,0.00061875,0.42809625
883,0.56190125,0.00060875,0.4282625
884,0.56182,0.00057,0.42841999999999997
885,0.56170875,0.0005825,0.42853625
886,0.561585,0.0005974999999999999,0.42866875
887,0.56148125,0.00057625,0.4288375
888,0.56137,0.00057125,0.42897375
889,0.56126,0.00058,0.42906875
890,0.56115625,0.0005775,0.42918999999999996
891,0.56107125,0.00054125,0.42932875
892,0.5609824999999999,0.00053375,0.42945875
893,0.5609075,0.0005,0.42958625
894,0.56082375,0.00048125,0.4297
895,0.5607425,0.00047125,0.42981375
896,0.5606525,0.00046625,0.42991375
897,0.56056375,0.00047625,0.43002250000000003
898,0.56048625,0.00046375,0.43015125
899,0.5604125,0.00044375,0.4302525
900,0.56034,0.000425,0.4303625
901,0.5602575,0.0004125,0.43048000000000003
902,0.5601925,0.0003975,0.43057875
903,0.56013375,0.00037875,0.43067875
904,0.5600649999999999,0.00037125,0.43076499999999995
905,0.56001375,0.00034875,0.43085875
906,0.55996875,0.00032,0.4309325
907,0.5598975,0.0003275,0.43100375
908,0.55983375,0.0003325,0.43108
909,0.55978375,0.000315,0.43118375
910,0.55971,0.00033375,0.43125375
911,0.5596225,0.00035375,0.43135
912,0.559555,0.00034375,0.43145625
913,0.559485,0.0003275,0.4315425
914,0.55941125,0.00034500000000000004,0.43161750000000004
915,0.5593524999999999,0.00032875,0.43169625
916,0.55931625,0.00029375,0.43176625
917,0.55925375,0.000295,0.43186875
918,0.55918875,0.00030875,0.43192250000000004
919,0.55913625,0.00030875,0.43199499999999996
920,0.5590925,0.0002975,0.43206875
921,0.55902875,0.00028,0.43214375
922,0.5589824999999999,0.00026875,0.43220625
923,0.5589324999999999,0.00026000000000000003,0.43228
924,0.5588825,0.00026000000000000003,0.43233999999999995
925,0.55884375,0.00025125,0.43240500000000004
926,0.55880375,0.0002525,0.43244750000000004
927,0.558775,0.00024249999999999999,0.43250500000000003
928,0.5587525,0.00021625,0.43256625
929,0.55870875,0.000225,0.43261375
930,0.55866125,0.00021749999999999997,0.43268125
931,0.55862875,0.0002,0.43273875
932,0.55858375,0.00020875,0.43278875
933,0.55854375,0.00021,0.43284375
934,0.5584925000000001,0.00021875,0.43289875
935,0.55845,0.000215,0.43297125
936,0.558415,0.00020375,0.433015
937,0.5583725,0.0002025,0.43307125
938,0.558335,0.00020375,0.43311375
939,0.5583075,0.00018625,0.43316125
940,0.55827875,0.00017875,0.43321625
941,0.55824375,0.000175,0.43324750000000006
942,0.55821125,0.00017749999999999998,0.43328249999999996
943,0.55817375,0.00018375,0.43333875
944,0.55814125,0.00017625,0.43338375
945,0.55811375,0.00017749999999999998,0.43342250000000004
946,0.55808125,0.00018,0.433465
947,0.55803875,0.00017625,0.43351625
948,0.5580025,0.00018125,0.4335575
949,0.55795875,0.000195,0.43359625
950,0.55793125,0.00017125,0.43363875
951,0.557905,0.00016875,0.43368875
952,0.55787875,0.00016,0.43371750000000003
953,0.5578425,0.00015625,0.43374750000000006
954,0.55782375,0.00015625,0.43377875
955,0.5577925,0.00015625,0.43381000000000003
956,0.5577725,0.00014375,0.4338425
957,0.55775125,0.00012625,0.433875
958,0.55773125,0.00011375,0.43390249999999997
959,0.55771,0.00010875,0.43392250000000004
960,0.55767875,0.00012125,0.43395500000000004
961,0.55764875,0.00013125,0.43397875
962,0.55761625,0.00013375,0.43401125
963,0.55758625,0.00014125,0.43405375
964,0.55756625,0.0001325,0.4340825
965,0.55754875,0.0001225,0.43412125
966,0.55752,0.00013000000000000002,0.434145
967,0.557495,0.00013875,0.43417125
968,0.55746125,0.00011625,0.43422125
969,0.557445,0.0001125,0.4342525
970,0.55742375,0.0001125,0.43427625
971,0.55740375,0.00010875,0.4343025
972,0.5573875,0.00010375,0.43432375
973,0.55737125,0.00010375,0.434355
974,0.5573600000000001,9e-05,0.43437875
975,0.5573425,9e-05,0.4344
976,0.55733125,7.875e-05,0.434425
977,0.55731625,7.625e-05,0.43445249999999996
978,0.55729875,7.25e-05,0.43448125
979,0.55729,7e-05,0.43450375
980,0.557275,6.875e-05,0.43451875
981,0.5572625,7.375e-05,0.4345325
982,0.55724875,7e-05,0.4345575
983,0.55723,7.875e-05,0.434575
984,0.55720875,8.625e-05,0.43459875
985,0.557195,8.625e-05,0.434625
986,0.55717625,8.375e-05,0.43465
987,0.55715125,9.125e-05,0.43466625
988,0.55715125,9.125e-05,0.43466625
989,0.55714625,6.875e-05,0.434695
990,0.55713,6.375e-05,0.43471499999999996
991,0.5571149999999999,6.375e-05,0.43473999999999996
992,0.55710625,5.625e-05,0.43476000000000004
993,0.55710125,5.125e-05,0.434775
994,0.557095,4.875e-05,0.43478500000000003
995,0.55708875,4e-05,0.43479875
996,0.5570825,4e-05,0.43481375
997,0.5570775,3.875e-05,0.43482250000000006
998,0.557075,3.875e-05,0.43483249999999996
999,0.5570649999999999,4e-05,0.43484750000000005
