,c5_solana,c5_tether,c5_cardano,c5_bitcoin,c5_ethereum
0,9.761100726163022,0.9574582168656721,8.368249670516605,8.293210855244979,11.821942463887353
1,17.596735588363117,9.950330853168092,8.298802814695108,4.634883155629723,8.69905871499759
2,3.7776180260470937,0.0,8.230499136515476,4.818051350073802,2.6231229482864364
3,8.813505720584544,0.0,0.0,-3.8936470114440453,0.15098924318044737
4,6.478804651160317,0.0,0.0,1.3850062487381365,0.44932146195696987
5,-5.747840151608216,-10.973854474808507,-8.230499136515476,-9.399170487809897,-9.822135742068895
6,10.740200951368934,-0.1912138732992945,0.0,2.609719450740158,-0.8048518461200729
7,-3.459793449981589,-3.943543591271053,-8.298802814695108,-10.871223365522383,-13.01323060278446
8,-3.067487067862203,3.6851966298669288,0.0,4.7625953728784225,4.67854302334581
9,-6.814336419729443,-0.13220332891214293,0.0,-3.5633043750294746,-5.217711853758374
10,6.005536634455893,0.8419965526062542,0.0,1.5361186092031858,0.9343746299919076
11,5.32602937509364,0.7632912326497224,8.298802814695108,2.053148664845139,5.780859801160659
12,-6.7835195116458635,-0.520135246887585,-8.298802814695108,-7.113017053856311,-9.058601635569175
13,7.748848200557404,10.470466100055678,0.0,4.955799287035916,5.154632059803589
14,0.4823151218897692,0.0,0.0,2.235102419688701,0.7168099398722916
15,0.0,0.0,0.0,0.2855251735800266,-0.21498903638621414
16,-15.38741082618526,-9.950330853168092,-8.368249670516605,-6.979740292395945,-6.038535461711035
17,1.2234412846964915,0.0,8.368249670516605,2.2972312814890756,2.8153313647026152
18,-11.559874577351366,0.0,-8.368249670516605,-4.023624595440197,-5.877258292047372
19,-11.111225425070188,-4.2369632653789955,0.0,-5.223451734809714,-7.08040141692527
20,-4.596556503125612,3.749844642364478,-8.438868645864659,-2.556029797777228,-6.511181858368218
21,8.507850134216824,10.437449476182609,8.438868645864659,11.490157892325442,8.257811853196472
22,0.41519618615984655,-9.950330853168092,8.368249670516605,3.618994537884646,-0.35635586509852146
23,-6.747495299133334,0.0,0.0,-3.827681117485554,-0.6548621931060552
24,-18.64482238475739,-4.144576905556801,-8.368249670516605,-8.041428965587329,-20.356684468520143
25,-43.24480851293356,-19.824397574039622,-42.925044717033984,-31.443335116615344,-30.408665575883788
26,-2.2254871872810327,-19.23084482662279,-8.810629682154882,-16.22448415436702,-10.155692398479005
27,-3.839461835223119,29.044098181967207,8.810629682154882,4.678177991756456,6.1042458328001885
28,13.15340684410694,24.106051977420094,17.391742711869227,15.852163627041591,10.706740394425651
29,-40.266642252667225,-18.227492235374008,-26.20237239402411,-19.40007092272026,-24.401501764745262
30,21.641142812532053,6.476541238321774,-8.888947417245845,-4.528768130221579,-4.989392772778956
31,11.00337621406743,21.60324744006387,17.699577099400727,13.361390837206272,4.326616965564426
32,9.386414438829888,0.0,8.733679968754643,12.02560741342495,15.256717600634147
33,-15.365105339174988,-21.46100163908036,-17.544309650909526,-12.790572071115093,-12.468228042085684
34,12.894225155131608,-1.0713479613058297,0.0,1.474765397291776,5.13210547295057
35,-20.080099963808607,1.1965475922807416,-8.888947417245845,-9.074149029225737,-7.374747746011963
36,17.514521522885843,1.5331747119257209,17.699577099400727,9.837986805403489,15.140961332107508
37,1.327845102817264,9.950330853168092,0.0,4.8422292654995545,6.066806865519538
38,-13.448125369826812,-9.950330853168092,-8.810629682154882,-6.725597501976154,-6.635180717190451
39,-5.754894041320767,-5.212561826211303,-8.888947417245845,-7.128786496226894,-4.824965125348172
40,-2.437814398592309,-0.22519601699289726,8.888947417245845,-1.3216588740306179,0.6212726255271264
41,7.295686492430832,15.388088696372293,8.810629682154882,7.11082381799315,6.827802039064409
42,9.023154979367973,-9.950330853168092,0.0,0.43762479842916946,1.1870255685271331
43,-0.5337603542793659,0.0,0.0,-1.5325254087256326,-3.6651704540045102
44,-5.353331842499756,-1.3799516955260571,0.0,-3.20948306608625,-3.2277141855856826
45,6.242774220802858,1.3799516955260571,0.0,3.264256577629567,4.697695931589806
46,3.372684478638803,0.0,8.733679968754643,5.870724759502991,4.083864482282479
47,-3.7283665026625386,0.0,0.0,-1.19864893941849,-2.6351887322371113
48,-6.334499479085025,0.0,8.658062743114584,0.6267457116409787,-3.2067661034625417
49,-21.98885137675279,-3.837353231255177,-26.20237239402411,-11.810459668022304,-13.990083983650038
50,6.656660699328313,3.3452321595419785,8.810629682154882,3.302331142438561,1.8295061545140925
51,-0.0908884345089973,0.4921210717131985,0.0,2.222924471490842,2.761268674990788
52,-2.912800166127454,0.0,0.0,-1.8658257573733863,-1.331136960186086
53,0.5467966963906292,0.0,-8.810629682154882,-0.824266449568313,-1.7918748538959335
54,1.456664496463418,0.0,0.0,-0.32989691020702594,-1.884735760409967
55,-1.2744653522959197,0.0,0.0,0.10997772961854935,-1.896104970860506
56,-18.75744586935616,0.0,-17.857617400006262,-4.546652270995764,-9.022428830994613
57,-10.449805857772844,-4.4217615946852,-18.182319083190436,-6.5948311836473295,-8.869983723974656
58,-18.458567527821288,1.8755226779765537,-9.216655104924016,-4.5418526882622245,-4.378815793278591
59,-16.860556453249046,2.167167078056822,0.0,-0.3910614574979263,-0.7310044045971154
60,-14.484496724628116,0.14604468993460296,0.0,-3.5264520172549965,-3.4144275584139905
61,23.57634772725669,10.183358001885313,9.216655104924016,10.07052237697826,13.560623336145
62,-12.108444542055622,-9.950330853168092,-9.216655104924016,-5.594614829029524,-5.605055641072795
63,0.5845674367565152,0.0,-9.302392662313537,1.533977904726271,2.53072661999704
64,-25.1504947473004,-0.4110844836493632,-18.868484304382818,-17.401521400584897,-22.499008000752838
65,9.740659462852818,-0.39123729040396976,0.0,9.876484142900154,8.860144946064793
66,1.2850295842345076,0.6643122511772468,0.0,-0.421283234945804,0.80816532785866
67,21.693248580892032,10.088340376044178,0.0,5.155517163069817,5.634946677943844
68,-4.165260054112878,0.0,9.47874395454378,2.9858681892455934,1.0984381315784049
69,-6.915724246590798,-9.950330853168092,-9.47874395454378,-2.3991530784714996,-5.319661824374634
70,-2.054694720229236,0.0,-9.569451016150715,-3.105114740501449,-4.8075758464929095
71,-9.447029518782983,-1.5141457403158805,0.0,-4.014547579512509,-5.223949807274039
72,0.1977261499278029,-1.7070367018229697,0.0,-2.98625419126256,-1.8462205410851311
73,-24.7197976178486,-6.440340120158927,-29.27038230011324,-12.063557263003531,-15.759832031440965
74,-34.74397195337406,-9.571247133571001,-11.674816924914523,-15.366766656446998,-22.06344517598336
75,-37.62735460409658,9.33797730041198,-52.006513949450984,-6.60452496005928,-14.24368778517055
76,56.02608575560862,19.84512324862489,40.98511524588577,28.063837152649285,30.020185873185255
77,20.995471583752078,9.852296443011637,32.54851207149137,20.14650682822139,25.691306335104855
78,0.6049606960050369,-9.852296443011637,9.756174945364698,-7.454907415978596,-7.795734583523881
79,-3.837613273718489,0.0,9.661910911736904,-5.564469294171431,-0.12235558996871987
80,1.5166071356479733,-9.950330853168092,0.0,0.11272050961633795,-2.0823388506532865
81,-20.000666706670017,-0.764291996733129,-19.4180858571016,-12.361937974352259,-14.935515033193951
82,16.154118791519068,0.764291996733129,9.756174945364698,10.782693427292543,7.6912170285322645
83,16.296507922989804,0.0,9.661910911736904,11.030607093338404,13.795126837924727
84,2.889455505069236,0.0,9.569451016150715,-5.7386958527204115,-4.374682691266571
85,14.4214273394864,0.0,28.170876966696355,4.761246916419623,10.212968685284977
86,-1.5703212570297183,9.950330853168092,9.216655104924016,2.0375985724749626,6.763184468069994
87,13.269781993179095,0.0,27.150989065950853,7.002168152401282,8.401095548853846
88,-10.817237476459013,0.0,8.888947417245845,-4.913059998549215,-4.67098744535997
89,-8.758605418026491,-9.950330853168092,0.0,-4.601812586051892,-6.641400142295424
90,-11.432104227041236,0.0,-8.888947417245845,-3.1357642516122723,-2.9560917374610653
91,-9.74539284619732,-2.5231805444382296,-8.968669982760417,-4.496789567881933,-3.2440213071386097
92,1.0090818212456725,-0.20854722868190745,-9.04983551991792,0.0,-3.0597360889496485
93,1.2095556358244721,2.731727773120137,0.0,3.0656321909700637,2.071917750990906
94,-24.370311356793536,-3.616531774542234,-18.34913866819653,-11.750883760116267,-14.019159440302246
95,-13.404887169165704,-0.3934976571411477,18.34913866819653,-0.9380997063472023,-8.158058286865526
96,-9.671051934871684,2.331621693111476,-9.132483563272515,-4.1324139346270385,-6.4980078241906085
97,-2.3265661932800867,1.1472667081449766,-9.216655104924016,0.2569923344763083,1.299653608690278
98,-14.396409664497696,-1.7985706415970033,-18.692133012152574,-4.263178657502067,-5.146012979643274
99,47.61306124173734,12.280042525192025,27.90878811707659,15.590642960656623,17.729894665632855
100,3.169898865790856,0.0,9.132483563272515,1.4104772571681679,7.123240356716451
101,-10.674431644090873,-9.950330853168092,-9.132483563272515,-7.100755467208728,-5.168414272198788
102,-12.04208468570323,0.0,-9.216655104924016,-2.131560682588315,-1.4780876240656653
103,-16.957592087759622,-3.7911774400097413,-9.302392662313537,-6.450714533661085,-6.128578805744837
104,-8.10584643020502,-3.705855211634074,0.0,-5.052545628228472,-7.627479171807863
105,3.847802951769154,7.497032651643815,0.0,2.615582883165189,0.0
106,-15.589199217074565,0.0,-18.868484304382818,-5.757565491907371,-6.289184354848658
107,3.2453511824705856,-0.4130853079889382,9.47874395454378,4.896041114916443,0.25987199354949553
108,-12.826262794228569,-1.877536163392033,-9.47874395454378,-9.381067224223443,-11.032513787969037
109,-1.0945710374789996,-2.1823674445534484,0.0,1.5648094995176507,-1.997824690553898
110,-6.4824706488061565,-0.3445970383684891,-9.569451016150715,-0.23166917745220417,-0.5138866292345483
111,4.50921852859301,4.299451745954273,0.0,5.228430241781098,2.155703687292771
112,-9.038862245327437,0.518134208348636,0.0,-3.4343963684277696,-4.431017524428171
113,9.038862245327437,9.950330853168092,0.0,7.115417405795597,6.307107254580842
114,-6.605771020686916,-10.819708652555736,-9.661910911736904,-5.844181824913903,-6.626490634455877
115,50.298654309971425,10.819708652555736,47.402238894583974,23.90779434399701,29.39876211124374
116,-9.816936389261173,0.0,0.0,-7.044374557770425,-3.326521801468516
117,5.500913056891477,-9.950330853168092,-9.302392662313537,-2.9569837587569054,-1.428453029207958
118,17.464496175875865,9.950330853168092,9.302392662313537,12.647830764040918,14.881570726326572
119,-2.4911783695188205,0.0,9.216655104924016,-4.254666115883083,-3.8928351759332145
120,-3.0184774414510684,-9.950330853168092,0.0,-0.08471345678299258,-0.2260774139795103
121,4.264842372218482,9.950330853168092,9.132483563272515,4.3112624366767704,5.726587228733479
122,-4.890494113169552,0.0,-9.132483563272515,-4.537200078850219,-3.1441288464375248
123,-2.088337398829026,-9.950330853168092,0.0,-2.913515956728588,-2.224868534036432
124,-13.151854571935473,0.0,-18.519047767237552,-5.824128285988991,-10.667406814088281
125,-5.842068769239631,-2.7327305090852465,-9.389740349839037,-5.743611394798791,-8.337639407451206
126,-5.447858370600443,2.7327305090852465,0.0,-0.2579498731702188,-1.7354783836999559
127,5.767398235916517,0.0,9.389740349839037,5.231946749829149,6.232009094413115
128,7.955491441115555,0.0,0.0,2.705282643160899,3.6957233318034923
129,-3.4926214262168287,0.0,0.0,-2.6767678368469205,-0.5235623969101653
130,3.4926214262168287,0.0,0.0,4.2396455543384945,4.7973654718934995
131,2.4270575940827257,9.950330853168092,9.302392662313537,2.4105622608203703,1.6036573429391865
132,25.699796568792408,0.0,18.34913866819653,6.859492535468235,10.050872730631454
133,0.20542317245690356,-9.950330853168092,0.0,-3.6920690728729824,-1.4975207787047111
134,7.978765731805652,0.0,0.0,1.5517657972977759,3.8946094855500633
135,-4.493012766218271,0.0,0.0,-2.2296553272681194,-1.4694240053877365
136,8.763047721095063,0.0,0.0,6.000271534217973,4.483142768980542
137,0.0,0.0,0.0,-2.1086674011530704,0.0
138,-7.024717102875911,0.0,-9.132483563272515,-3.8068428067817877,-3.4257559669977127
139,-19.810800602976997,-0.8723804131629135,-9.216655104924016,-3.934839686467967,-5.392502859293927
140,-4.177115513884928,0.8723804131629135,-9.302392662313537,0.2552431204567256,-1.5765944726454109
141,-8.40694316702502,0.0,0.0,-4.832300477757599,-4.088537015041766
142,-8.052597020580833,0.0,-9.389740349839037,-1.9109285224058112,-6.124883614118517
143,0.6380942468977082,0.0,0.0,-0.7139695581099659,-0.7100960589059468
144,-0.8508828422318402,0.0,0.0,-0.28573061512179265,-1.5132306614532354
145,6.36404354106071,9.950330853168092,9.389740349839037,6.551236829438494,7.74153565650613
146,-3.7074349970644107,-9.950330853168092,0.0,-2.8430917851710547,-1.0326056446929215
147,16.941532148473016,9.950330853168092,9.302392662313537,5.649812743165967,8.849851943148678
148,4.476609422736146,0.0,9.216655104924016,2.205820865547139,2.8305224274454304
149,-4.685312334898299,-9.950330853168092,0.0,-2.8005279898261506,-1.9011295979371425
150,-0.5219479214483727,0.0,0.0,1.4153883357066661,-0.32334709545557416
151,-17.591436942193468,-1.232759535896249,-9.216655104924016,-6.271214207872617,-6.802188461064361
152,5.827831063998019,0.03504255919172694,0.0,-0.8828262402548717,-0.38338263498917513
153,13.328633063925736,1.1977169767045222,9.216655104924016,3.8105033879110124,8.50286257564403
154,19.2055464312416,9.950330853168092,18.182319083190436,11.541574325516194,11.527645742084133
155,-1.5352339129203756,-9.950330853168092,0.0,-3.9356848282950523,1.8331218667672147
156,-5.031586319980306,0.0,0.0,-1.8043421867350844,-4.544543462117872
157,-2.886599942517023,-0.014000098000873165,0.0,-3.250380894776754,-2.133831766428557
158,2.0627070019872917,0.014000098000873165,0.0,-0.19819080176603165,0.31671140141497744
159,25.531570422923323,9.950330853168092,8.968669982760417,9.945845175378054,12.879514426368587
160,9.595276017335891,0.0,8.888947417245845,4.531476285668759,3.416823360998933
161,7.630220837308116,-9.950330853168092,0.0,-2.850756542144154,-0.4154765055873213
162,-0.6912556439765467,0.0,-8.888947417245845,-2.2135370979322033,-3.606708938544216
163,-0.8894599588238634,0.0,8.888947417245845,2.157558593662543,2.179191197041291
164,-1.2861738107440033,0.0,0.0,1.538268213664196,1.611307486552505
165,2.076843944839311,0.0,0.0,0.055892462914926,0.8426030141381489
166,3.944000379654426,0.0,0.0,3.1528604122886463,4.726954983317228
167,17.654689224125832,0.0,8.810629682154882,2.892989305255469,6.92452530596529
168,12.872415975161857,9.950330853168092,17.391742711869227,8.684163210040424,9.334649914302645
169,-9.879702441619884,0.0,0.0,-5.938013719296578,-5.298710845737332
170,4.328386500837951,-9.950330853168092,0.0,-3.63540896298764,-0.6800461750044633
171,-4.328386500837951,0.0,-17.391742711869227,-3.118650371057811,-4.346693529621916
172,3.464206697669397,0.0,0.0,2.506825445136201,1.2866662126816664
173,-5.683749225264364,0.0,8.733679968754643,-0.5286956644886232,-0.5878720975442775
174,-2.6118515452462816,0.0,-8.733679968754643,1.05711195756885,1.202992242802793
175,-0.775193837268489,0.0,0.0,-0.7788162387441844,-2.1032244687366983
176,-6.32082621783411,0.0,-8.810629682154882,-4.2105325363445445,-6.248893496308483
177,-5.379775287396114,0.0,0.0,-1.2302531958484906,-4.358051752750725
178,2.1553843947376663,0.0,-8.888947417245845,0.44753993642189016,0.4789597086892172
179,-6.677165420809615,0.0,0.0,-1.2312171015546483,-3.1173465473821125
180,-3.8497653785343573,0.0,-8.968669982760417,1.678556835579002,1.1281625750498279
181,-4.460531755094053,0.0,0.0,-0.6431138113657653,-2.309696343156247
182,6.14045704765249,9.950330853168092,8.968669982760417,4.493135306192926,3.057102937140371
183,5.0229090683824325,0.0,0.0,1.5025044562844414,0.7548330639783671
184,4.0198103053553496,-9.950330853168092,8.888947417245845,0.333583524066853,1.5478211926310905
185,0.8802386993120308,0.0,0.0,0.3890401871994982,1.6886984708526143
186,8.66311934758869,0.0,8.810629682154882,4.435457608471552,2.4443524802672982
187,-21.849691057657765,-0.1980196045878798,-17.699577099400727,-11.85322725939659,-17.374610455234688
188,-18.596816688039326,-2.2329327672862322,0.0,-3.4206280198795866,-4.818330278826579
189,-10.143103494583556,0.6423537826376098,-18.018505502678337,-3.4887354969978333,-4.825345224016928
190,-3.063102252040153,-2.7908711943966495,-9.132483563272515,-5.794495911155536,-7.113535014592344
191,3.9802063057222767,4.070340199158973,9.132483563272515,-0.34023249548590684,-0.36152844759908476
192,0.6109357689256285,0.5091295844741789,0.0,1.3035964098453405,0.9117867543682223
193,-4.48888735806031,0.0,-9.132483563272515,-2.4385414868411317,-1.672244627739019
194,12.094257890944391,0.0,9.132483563272515,5.803025357243314,3.591670373807574
195,1.7158722352733093,0.0,9.04983551991792,0.8182036654925469,2.994810419240821
196,-12.89030789365006,0.0,-9.04983551991792,-4.550922984133649,-5.867113969230559
197,4.6881455617294705,0.0,0.0,1.6418505641486263,0.3492201128747183
198,-0.20337604300402745,0.0,0.0,0.14141271323933324,1.473597629782489
199,0.8132561188294858,0.0,0.0,0.5654509621945181,1.5369579870357484
200,1.5230748743160802,0.0,9.04983551991792,0.5933795966793696,0.5486339561875866
201,4.0502282990228196,0.0,0.0,1.9190072207675257,2.550875793519481
202,0.1010458243672474,0.0,0.0,-0.8461669145926862,-1.0906841549276578
203,-7.708730738917438,0.0,-9.04983551991792,-2.2599518079387053,-3.176698171262615
204,-12.397064666300139,-1.490109662161391,-9.132483563272515,-5.50168706657314,-4.2733176205902055
205,-2.890772196845319,1.490109662161391,-9.216655104924016,1.5912258635544276,1.5141854889679962
206,-6.430890330290822,0.0,0.0,-4.068342287589985,-3.2740128454215665
207,-6.472514505617255,0.0,-9.302392662313537,-2.9120413418168027,-3.23924392445133
208,11.765454058789146,9.950330853168092,9.302392662313537,9.815575911619817,10.260047350340756
209,-14.912419836454319,-10.824713013856654,-9.302392662313537,-10.902625822709524,-15.513018886997997
210,-3.5785744957593124,0.8743821606885614,-9.389740349839037,-2.464537713998652,-4.816593373789146
211,15.692340004869948,9.950330853168092,18.692133012152574,14.640382263745778,11.595465187702757
212,-2.4942852258282073,0.0,-9.302392662313537,-0.25451409155539295,-0.3802234271706766
213,4.464524884277125,-9.950330853168092,0.0,-1.8117485493658023,1.709868087698851
214,-2.5932279456528704,0.0,9.302392662313537,2.603357535885152,2.839184272140301
215,-5.728883956608115,0.0,-9.302392662313537,-2.2634045594386407,-3.5326913402695936
216,-0.20894275044793176,0.0,9.302392662313537,2.828456135426677,1.9265960706925398
217,9.462972918445303,9.950330853168092,9.216655104924016,8.633713655108295,10.246953377479258
218,-7.167000296403785,-9.950330853168092,-18.519047767237552,-5.86956680574076,-7.624997016648194
219,1.458333591790506,0.0,0.0,-1.9453887748604757,-0.678497216433243
220,-0.5205893188522168,0.0,0.0,0.5924755777159589,3.080375530519632
221,-5.849191525044262,0.0,9.302392662313537,1.0148564567352878,1.3114111021641293
222,17.857617400007257,0.0,9.216655104924016,4.049157741139425,4.213543909517284
223,41.02777700889146,19.80262729617973,36.0399364831967,24.778164718189146,32.90650668871149
224,-6.14228204140727,0.0,0.0,2.378837679316348,2.3846275812275053
225,-11.996544953260127,-19.80262729617973,-8.888947417245845,-7.703839282741683,-1.2211649065757229
226,-2.4166762340792047,0.0,0.0,-1.928375253222839,0.11036004977268021
227,-25.423800298653987,-3.5834127613654174,-8.968669982760417,-6.19590951234386,-6.4647344793093
228,-32.68986229008351,1.9791265821848116,-9.04983551991792,-5.118373298242659,-7.613380832528492
229,-3.639481645239357,1.0891535211326775,0.0,0.8084412856860581,-3.4033113002997197
230,-1.1803209696945487,0.5151326580479282,0.0,2.5048021779311966,2.431546390916992
231,5.033477829422736,0.0,9.04983551991792,1.4443644530892925,0.41601498253930913
232,-2.5671208878193283,0.0,-9.04983551991792,-5.845853576947775,-8.466288034515856
233,-6.878049683699828,-2.3126721659287055,-9.132483563272515,-2.2919762947312847,-4.094117755129446
234,-0.4314529243929428,-2.467735798744637,-9.216655104924016,-1.5682763380082179,-2.912036710227767
235,-3.891476103205605,2.987802206611803,0.0,-1.1778234065859579,-2.49290992166425
236,0.8660821154126097,1.7926057580615393,0.0,1.121768023853292,2.46447781043571
237,-1.0827198978877277,-2.2334923882020523,-9.302392662313537,-5.762408603050062,-2.6436535212042145
238,-10.563670245207504,-3.555229982527386,-9.389740349839037,-9.630983997916701,-8.157902854654822
239,5.241331064223232,0.452510081098505,9.389740349839037,4.203715679979723,2.493276011110538
240,2.8276255925502483,4.9191253209528,0.0,-0.1700776692123327,3.39364528909573
241,1.1939003968764155,0.4170869686781336,9.302392662313537,1.7277765553499194,3.4106431169484495
242,4.97728792086582,0.0,0.0,4.066883147152112,4.464709884645345
243,-5.302755783787688,0.0,0.0,-1.0715998882242275,-1.0616056362587187
244,-4.785738957878493,0.0,0.0,0.5641430816431239,-0.6001841285487899
245,-11.734520788842929,0.0,-9.302392662313537,-4.635395524423075,-7.128304518646473
246,-7.7519768043175645,-2.206432382638067,-9.389740349839037,-4.941647612624365,-4.910593424497165
247,-5.574150441813799,1.8633735446834212,0.0,-0.17083796061160683,-1.3722270025073158
248,-1.4543829827716763,0.3430588379546458,0.0,-0.3987354443179356,0.2219847086316804
249,3.5762219607695442,0.0,0.0,1.7646226295273664,2.741965670130412
250,-4.472279368394993,9.950330853168092,0.0,3.3782377304451074,2.7916971335380367
251,-4.1547418139480214,-9.950330853168092,0.0,0.8498584080934961,0.7967818608185553
252,10.521699932474803,9.950330853168092,9.389740349839037,3.4768878749910073,3.490177236138152
253,-0.3340943290722862,-9.950330853168092,0.0,-0.25399692518112715,-1.229957350917175
254,-8.05193346022952,0.0,-9.389740349839037,-4.327847784761616,-5.524921086675931
255,-16.072785166291396,-0.8143314778941926,-9.47874395454378,-1.617136319509882,-6.829697995337483
256,4.212929658455323,0.8143314778941926,9.47874395454378,2.7504093329098396,0.9773539231910036
257,-11.65727486627111,-3.8403647699657237,-19.048194970694496,-8.531019150739667,-10.637141815612267
258,-1.6106768323352298,0.9973271658162268,-9.661910911736904,-3.1463656859505136,-4.534454533591088
259,7.570579860625912,2.843037604149497,9.661910911736904,7.3072198179525,5.163310723247378
260,5.9245929250746485,0.0,9.569451016150715,3.1518447331764037,3.5947866568985773
261,3.5153406955660103,0.0,0.0,0.1984323848173517,0.28204883779653755
262,-8.069601100621185,-1.3228746129105364,-9.569451016150715,-5.115100666771468,-6.824630016286392
263,-13.90427456397174,-1.949473683355617,-9.661910911736904,-6.172859107080512,-9.237185309640154
264,-12.69303795529413,-2.475136898841931,-9.756174945364698,-5.865119452397266,-8.200929525339234
265,-9.064750986511172,-4.565511413335767,-9.852296443011637,-7.58346856962271,-9.409021579665023
266,1.0637670171618083,0.7120547118452087,0.0,0.05810744067457563,0.13295676565849135
267,-21.61407205176056,-9.180327163525108,-18.713616523325026,-34.64317586657671,-24.186466419518183
268,9.371689401035837,-19.43994376007399,-8.127564965236422,2.553282353164832,-15.269635153190393
269,1.0757187435456217,38.22121282019774,10.263941094592745,9.970231844254158,7.613048664919006
270,-18.568172728869285,-6.488001638529499,-24.273632431049457,-12.22278944851314,-16.287521141784055
271,47.18360768286857,6.488001638529499,28.87248685760664,22.00635969085488,23.064994422784366
272,-11.794379729998582,9.950330853168092,2.0280551142434273,-2.739203220771742,-4.24378337469625
273,3.517827267561188,0.0,0.0,4.2675364597143925,1.8971654105926063
274,-20.45834966809707,-11.614715172629785,-12.352984916177013,-10.124501673475606,-10.412422270530442
275,-1.1954574047740607,1.5583787010646053,-4.406676899163104,-1.45476163116291,-4.42812399151353
276,-7.202912294057569,-2.298883811470637,-2.8860577914949275,-1.7842279028591292,-3.316054070003702
277,-18.97405499438628,2.3508879718152356,-17.5474504019339,-10.44184992639748,-17.5920169772362
278,3.799256975150456,-4.6821966423881305,-1.0197311576589883,-1.2037679385521187,2.2177106444987658
279,14.45164504087279,4.736198100440619,6.150347152687154,11.526556071738014,8.641244657353127
280,12.937410923000243,0.0,6.81653832411731,2.37854664079714,4.400764609794351
281,-13.299183613108653,-0.8243396746074497,-6.988994403750631,-5.56872242073041,-7.954420576024859
282,-10.426864592027414,0.8243396746074497,-3.0657959443176637,-4.639407294916964,-6.784653906225685
283,3.7710646234900196,-0.7032472203707465,3.681131657230239,3.832799038716985,0.8580165740213488
284,41.03566765944015,10.653578073538839,25.571420512921257,12.267541307817737,15.000700099454662
285,3.373861614654743,0.0,15.998584720708358,1.6223953057942708,3.517133934422418
286,-11.682375854355996,-9.950330853168092,-12.19885689420228,-3.8685910189378774,-7.813663692946648
287,-21.138419186557257,-4.084329529813792,-9.142101541675952,-9.871924600745842,-10.681360798329479
288,33.517416455361854,14.034660382981883,31.193254878889867,18.3572882621429,26.22144549143468
289,21.130781630074125,9.852296443011637,9.756174945364698,13.665912937842222,16.11157105017628
290,-6.727121885810448,-9.852296443011637,-9.756174945364698,-6.125104421727883,-3.8510705934613725
291,2.7419187748464537,-9.950330853168092,9.756174945364698,3.7491869826735638,3.938522167208248
292,-6.524375000896725,9.950330853168092,0.0,0.40604426440222596,2.052913454728696
293,-26.76757044185524,-9.950330853168092,-29.558802241544427,-11.608028380327596,-15.98816606960645
294,11.493031398000312,0.0,9.950330853168092,11.260000534588471,5.40341083160547
295,-15.511474342371002,0.0,-12.22090666052584,-4.418868752089111,-11.438174515105857
296,18.306073273386573,9.950330853168092,12.22090666052584,15.123106910370552,13.204963319181843
297,24.238737625131762,9.852296443011637,29.27038230011324,23.428378850458103,23.944410801350386
298,5.658684180571981,-9.852296443011637,0.0,-3.5385343594916776,11.197607395369232
299,33.4048703993858,0.0,19.048194970694496,22.449723717238157,20.615557554526276
300,-17.61772059381019,0.0,-9.47874395454378,-6.181035131434328,-5.795471715634449
301,-1.778964222772629,-9.950330853168092,9.47874395454378,3.0125083239981905,1.6861540654135752
302,5.8807381683063795,9.950330853168092,-9.47874395454378,2.0675688629144133,2.500977268770839
303,-13.925474291910177,-9.950330853168092,9.47874395454378,-8.407129163531863,-7.8243303827694035
304,-5.173782770299113,-3.1981085016956845,0.0,-4.369675331245162,-5.660340781730156
305,-6.448350869472051,2.1465558139118173,-9.47874395454378,-1.7308770373801963,-3.95126028890445
306,26.542797929226253,1.051552687783867,18.868484304382818,10.312951901969427,14.571186297980603
307,7.158226700170417,9.950330853168092,0.0,9.687438155688142,8.349953250211001
308,21.279708620362726,-9.950330853168092,0.0,-7.284354424355115,-5.626999419897402
309,10.685003890276676,9.950330853168092,9.302392662313537,9.828223843296655,13.47584690113672
310,5.617099184327344,0.0,18.34913866819653,14.940422426669102,11.18299319822745
311,-16.087280302564068,-10.968849367096043,-9.132483563272515,-7.347412848381282,-5.999454782595421
312,3.6449440011338083,1.0185185139279513,0.0,2.8967871356508113,5.034626168365321
313,-1.4992506556409353,0.0,0.0,-1.9212301778934489,0.061092704125258024
314,-3.650422778164284,-2.6073963052672036,-9.216655104924016,-5.132324472626351,-6.92310143087343
315,1.7195060657995782,2.5483945646987096,0.0,2.9902702649305866,5.027489915986735
316,-13.51298871266863,-0.6352391889079654,-18.692133012152574,-10.148770779389451,-7.437688640920896
317,1.8485298581890675,-2.5008579670643964,0.0,-1.3994267379148368,-5.131228222454411
318,-0.6520321900206909,-2.6720793815060366,0.0,-1.0439848196747334,-1.7783664398612018
319,5.961107989787706,5.349044069698256,9.389740349839037,6.384195508693665,7.850550767729146
320,-6.613565603191091,0.518134208348636,0.0,0.9009132593128015,-0.5915895855587223
321,-0.6528835922872531,0.0,0.0,5.171346001137863,6.414821094539548
322,-3.2708271637347934,0.0,0.0,-4.380303830075718,-3.251423571689884
323,-4.81664861160516,-3.4067965469357055,-9.389740349839037,-1.8831626312748995,-2.0462441759536887
324,-6.826716668956578,2.19806632680587,-9.47874395454378,-6.028076123157007,-5.259855812936621
325,-2.1014219976723325,-2.822383813519762,0.0,-4.241379020701061,-1.379213736575366
326,-9.3437832194777,-1.9326338117803106,0.0,-5.008103656640742,-9.595476466062792
327,0.3352142609192015,2.741562176411772,0.0,-1.0546182149755623,-2.5272950731232413
328,-4.815508493680682,3.222185669018136,0.0,3.87994833106859,1.5171433810028248
329,-7.323563801523051,-0.2290262245037187,-9.569451016150715,-1.3285728102200665,-2.7810962054591073
330,0.5652591863799898,0.2290262245037187,0.0,2.4067400305648334,2.885497993746867
331,4.623112479559495,0.0,0.0,1.7392028898466378,1.0100462892232827
332,4.937727460163842,0.0,0.0,-0.27586207071544777,-0.5424600277401623
333,5.692932716440737,0.0,0.0,0.1655263742486568,2.7135248894046526
334,5.550019796270135,0.0,9.569451016150715,4.870742578483259,5.504418251691277
335,-4.771160229777706,0.0,-9.569451016150715,-4.126212769795529,-3.5457574156353076
336,4.328290426258718,0.0,9.569451016150715,3.164951521113835,3.909988292367416
337,-4.550759837631631,0.0,0.0,0.9063569194604497,0.42614724238774215
338,4.107693813546575,0.0,0.0,3.097377930273069,1.958767347079629
339,-3.5516130562928083,0.0,0.0,-0.9035526660318283,-0.23121578315931401
340,-5.127644720632816,0.0,0.0,-1.0140459930262296,-1.9468085318958401
341,-14.975227778048975,-2.224472304986675,-19.23136192788762,-9.89274935819958,-11.59368141558025
342,-5.688297476636762,-2.6735032172052766,0.0,-4.412935097498121,-4.677895132552294
343,9.424926406781196,4.897975522191952,0.0,4.745197809603269,5.861725736246626
344,-4.758137446416185,-1.5181518095107198,-9.756174945364698,-5.385162216034587,-4.134859945887001
345,7.8050280279167055,1.5181518095107198,0.0,3.5286145832869806,2.9217295445678246
346,4.160347823449229,0.0,0.0,1.9119140198290552,2.8506123873121396
347,-2.921678671211339,0.0,0.0,-1.2464857644845324,-3.0641082573956737
348,9.965929860625693,0.0,0.0,-1.6644016158879822,-5.268085768735546
349,-5.58660670863992,0.0,0.0,-0.9999723063192505,-2.3512468642429667
350,-4.7169898781394295,0.0,-9.852296443011637,-1.2791992845577624,-0.45993987835390726
351,-5.871079300897691,-3.716899119107278,-10.638567633777715,-5.329030649116248,-5.684394691000307
352,12.60284487737863,3.716899119107278,0.6882367806096238,7.386072570887336,7.695598232683551
353,3.906036995696013,0.0,9.950330853168092,3.4651510132280237,4.371040456657283
354,4.9997326526236066,0.0,9.852296443011637,1.4932392233495193,3.959439802290035
355,25.17095025452909,9.950330853168092,9.756174945364698,11.21075652984291,10.36812692051717
356,-19.975559139847064,-9.950330853168092,-9.756174945364698,-12.427301692048786,-11.647161382198647
357,4.729701386943816,-2.306658291921291,9.756174945364698,2.1555901672727487,-0.757323796287892
358,-2.087110111171569,2.306658291921291,-9.756174945364698,-2.958213959718705,0.757323796287892
359,6.248307530423517,0.0,9.756174945364698,5.5498175166048895,5.792717561209429
360,7.403408883215889,9.950330853168092,0.0,4.806975236630024,5.767624089703531
361,2.0588401919558237,0.0,0.0,1.3418226152371062,2.3703641387928656
362,2.0546100766605377,-9.950330853168092,9.661910911736904,-0.6843784058273741,2.582825859382865
363,14.584708927304746,9.950330853168092,9.569451016150715,7.801458007654219,8.259667817804257
364,-5.658478771627415,-9.950330853168092,0.0,-7.117079601826845,-5.289643143744797
365,-9.898940310729813,-2.5081427620096077,-9.569451016150715,-4.96551230811383,-6.072693272095421
366,4.746502978141507,0.13532986675624903,0.0,2.2800641702542634,2.8105302046533325
367,-1.076774089178798,2.3728128952533587,0.0,2.959068409358224,3.221143989462689
368,-9.308433918049559,-2.731727773120137,-9.661910911736904,-6.670259836393598,-7.894599028352786
369,1.4126598382954398,2.556712458833408,0.0,2.5306023682260275,3.1620253384162424
370,-2.7184271620189975,0.1750153142867291,0.0,1.3726461277838098,0.5315258831960818
371,-5.787621943008162,-0.276038095009697,-9.756174945364698,-3.848167251160703,-4.686324739844167
372,8.940312492592057,0.276038095009697,9.756174945364698,6.286825280434641,8.985815507172447
373,7.461510692189222,9.950330853168092,9.661910911736904,5.730674708984225,8.596784553249563
374,-5.1847167341866225,-9.950330853168092,-9.661910911736904,-3.844113841034414,-6.347544106051828
375,-11.217106450594656,-0.42509033809670954,0.0,-3.9960639994424128,-5.943383131198061
376,-3.840461185967797,0.3890896900811211,0.0,-2.223900978342499,-5.076488239489663
377,2.9639409151022846,0.03600064801558842,0.0,3.3203021516819717,2.8262029133129545
378,0.0,0.0,0.0,0.4656067350588273,1.4224724140321996
379,12.310194128911462,0.0,9.661910911736904,6.5502417607203824,8.60698544727802
380,7.765353947796939,0.0,0.0,-1.2521437790292111,-2.0690818780376503
381,3.5390674506661526,0.0,0.0,1.0344922382846562,-1.4869830303159688
382,-24.053163939183833,-9.451525277356335,-29.27038230011324,-17.59511788103555,-25.143650394985343
383,6.449167021113681,-2.123204197166695,9.852296443011637,5.440574598673265,6.022688087568895
384,15.460603106377675,8.668510508252684,9.756174945364698,7.846189877993311,10.222644745442267
385,1.8221774697258297,2.4441122113886147,0.0,3.1921451292673737,5.395384948265928
386,-3.217851108699506,0.37610305666966937,0.0,-2.0177789471326832,-2.9869646448087224
387,8.238424598426718,0.08600369821206284,9.661910911736904,1.7180963360169699,7.628886876726028
388,3.29769991950252,9.950330853168092,0.0,5.759946370872058,3.2500411867058574
389,-3.191152585749478,-9.950330853168092,9.569451016150715,2.462289007014988,-0.6491637651643032
390,0.745513640153149,0.0,-9.569451016150715,-0.8922174898725643,-2.4166305301869215
391,7.636053648908273,0.0,9.569451016150715,8.18925970993405,5.418031533027715
392,22.151151237518206,9.950330853168092,0.0,1.367310766780065,5.903051479710484
393,3.8162080247484482,-9.950330853168092,9.47874395454378,3.556961882408359,4.4428182339979685
394,-7.128497565861835,0.0,-9.47874395454378,-6.212863431521328,-3.306001642697993
395,9.082527086664413,0.0,0.0,4.262112575737774,2.7577759050882378
396,9.611525935933969,0.0,9.47874395454378,4.190751792402807,6.026039875120659
397,-2.1392561512484463,0.0,0.0,-3.736127317752107,-0.24451494969980558
398,11.558478067739998,0.0,9.389740349839037,-2.2751920305927342,0.997726148860238
399,3.321091967144639,0.0,0.0,2.8632229458853544,3.7854985234798733
400,-13.045641859140233,0.0,-9.389740349839037,-6.568124090974379,-7.030750331168747
401,-12.49632158176155,0.0,0.0,2.310462582809123,-0.20895534459214105
402,-10.360639714275749,-1.449049365109452,0.0,-3.6292801446688827,-6.365891725195979
403,-11.416725209087417,-3.193711589577086,-9.47874395454378,-7.43397354773515,-6.56950738118212
404,-5.280958618728619,1.9711954995182812,-9.569451016150715,-2.825858468262595,-3.5808418565466127
405,8.436198930976389,2.6715654551682566,9.569451016150715,9.316753468499883,6.99880103511714
406,-10.025940138024453,0.0,-9.569451016150715,-6.57229839480533,-9.043749703824687
407,-9.806090089629834,-2.167347000616064,-9.661910911736904,-5.278205697029989,-5.698793141827991
408,-7.634035246931489,-1.30266653866689,0.0,-2.130042586935815,-4.808406004678545
409,0.0,3.0389206320867013,0.0,1.256727756039254,1.657693045038286
410,3.7705404218868352,0.4310929071962526,0.0,0.6823423712758085,0.5450739081716165
411,1.5042444009750398,0.0,0.0,-0.5731362993119546,-0.2601118495613264
412,-0.7518393566115265,0.0,0.0,-0.4368958618979377,-1.098996553334473
413,1.8249159699371376,0.0,9.661910911736904,2.9181175681187597,3.692956846762172
414,3.426127548421391,0.0,0.0,2.2033930272391444,3.531633133255127
415,12.111058476054495,0.0,0.0,2.1714356287448027,6.16580006550339
416,5.791013814778125,0.0,9.569451016150715,2.410194388412492,2.468734703955306
417,3.249308450798708,0.0,0.0,0.5678515085728577,1.589634779802509
418,-9.35716231680999,0.0,-9.569451016150715,-1.0007168130632635,-1.0567646105664608
419,-9.019107240487756,-0.6592172359441997,0.0,-2.3027439907964435,-3.8462839555832034
420,2.9799936910230826,-1.4399845471871324,0.0,-0.1084951720713434,-0.37564206652768917
421,-2.5537362250634033,2.099201783131332,0.0,-1.9821073840230383,-0.45340822834441497
422,-8.45241216865179,-1.5231594185727328,-9.661910911736904,-2.9396575240007223,-7.229129936813479
423,-0.8599377075142911,1.5231594185727328,0.0,0.0,1.8912612945814544
424,3.3281473631932386,0.0,0.0,1.225907665619161,2.985835913905248
425,-6.667408289123159,0.0,0.0,3.2617588037683163,3.1770007157156215
426,6.131358959750287,9.950330853168092,9.661910911736904,3.846054414567334,2.7069904948475596
427,1.9284342809387454,-9.950330853168092,0.0,1.5666786921829043,1.6231227312309784
428,2.1383521459338226,0.0,0.0,-1.9452105339350965,-1.2689840883595025
429,-5.461860967669963,0.0,0.0,-2.3555223497387487,-0.973164755403559
430,-3.334591375826676,-1.510139687169567,-9.661910911736904,-1.0577276117364818,-2.6964145071569874
431,10.290582824231933,1.510139687169567,9.661910911736904,5.493404156637553,5.27587465790657
432,7.860673575431065,9.950330853168092,9.569451016150715,5.946392520087102,4.908597046003706
433,3.063760254011868,-9.950330853168092,0.0,3.187317720221472,7.364171378095307
434,0.21094821299629984,0.0,0.0,2.2704517265901814,-3.683363903182908
435,-0.31643900902236055,0.0,0.0,-2.6716553428032057,-2.9370966471260544
436,4.316023332369696,0.0,0.0,-0.5619556202982494,-0.0929336111239536
437,8.26407757812558,0.0,0.0,1.6849203649198898,2.760080680774081
438,4.677033937525266,9.950330853168092,18.868484304382818,13.061670247334405,10.908965920316405
439,-7.598267105156083,-9.950330853168092,-9.389740349839037,-4.9179126644121425,-7.4896228029383565
440,2.608651763679518,0.0,0.0,0.9537435153088154,0.11243851030849328
441,5.715191947550011,0.0,0.0,3.858661657974153,3.7914053560934917
442,-8.428331460136178,0.0,0.0,-5.6078868793792935,-6.429006348059374
443,0.0,0.0,0.0,2.1728194244988117,1.5086266114594764
444,-10.293127323212502,-2.3898534261565683,-9.47874395454378,-6.079853059367451,-7.780695765942255
445,-4.019893279580174,-0.0922243819865618,0.0,-4.002566983048382,-4.275219815595847
446,-2.1222418831193863,0.8878076345395856,-9.569451016150715,-2.221658055892476,-2.7012122981850553
447,-0.9564802259565113,-0.2985200240949968,-9.661910911736904,-1.6359373410505214,-0.3998939110279025
448,4.138156470272406,1.476703645693981,9.661910911736904,0.0805185394383443,2.4458261960216987
449,3.382667073272387,0.4160865520045602,0.0,3.295690455395743,4.136115596878881
450,0.9493170904388535,0.0,9.569451016150715,0.5615949443599675,0.3405276590010544
451,4.5232286660211685,0.0,0.0,4.321735418028766,5.34000787902005
452,5.547138615737822,0.0,0.0,2.392918107612786,3.593774932973247
453,0.3130707043565053,0.0,0.0,-0.7970033099009015,-0.6429524597433556
454,5.307260493236754,0.0,9.47874395454378,1.8852149019021454,2.340769587667637
455,5.2792421147069035,0.0,0.0,3.310428214239437,3.454953964476772
456,-3.7236286301422297,0.0,0.0,-0.528932626317328,-1.912161204120821
457,-1.867026784429072,0.0,0.0,1.638781325182208,2.0240573646015037
458,-5.726498026982881,-0.7212600455026896,-9.47874395454378,-3.7042959223072103,-5.083911331127638
459,2.398707934307822,0.7212600455026896,0.0,0.7949336649016914,0.04417981184087694
460,4.469165054456425,0.0,9.47874395454378,1.8259528473263344,2.623189038048622
461,3.2096108725445447,0.0,0.0,2.58766515325442,8.73430695335719
462,6.593883359717438,0.0,9.389740349839037,4.761725846121408,8.001039346969264
463,-6.077167593556624,0.0,-9.389740349839037,-5.5267661799553025,-6.128528207458658
464,4.124142354381547,0.0,9.389740349839037,2.425010413970085,3.695048335008323
465,0.41148030618660414,0.0,-9.389740349839037,0.4737714930815855,1.4915540572983446
466,5.947515480836046,0.0,9.389740349839037,1.5776191744953394,2.6776307954269214
467,-6.153234469424206,-0.866375194628038,9.302392662313537,-4.080617490844816,-1.8893477925557818
468,-1.85337779576912,0.04904126823711885,9.216655104924016,-0.8445277744576742,-0.6187497118435203
469,0.9271182739794313,0.8173339263909192,9.132483563272515,0.18480140501742426,2.1147776437555876
470,-4.127121004650689,0.0,0.0,-0.9507712526919931,-0.7556080642862071
471,-1.6556295172613318,0.0,-9.132483563272515,-2.1160670224726346,2.1786929386762495
472,14.292567601273731,9.950330853168092,9.132483563272515,6.150616631261073,13.826147764356392
473,8.944057997542586,0.0,9.04983551991792,3.8348439515448263,12.823180898319151
474,18.247949697708464,0.0,8.968669982760417,5.672698757305625,8.36477522424775
475,8.212582645281145,-9.950330853168092,0.0,2.603354589158698,4.084519918562364
476,-7.616635071029123,0.0,0.0,-0.8323363119034184,3.6690093177394374
477,-3.481378161831344,-1.9709410288423703,-8.968669982760417,-5.270173172819341,-8.554216883789195
478,4.176201754230533,1.8489335862370768,8.968669982760417,2.247133238977767,5.923548880919952
479,-9.371018631334664,0.12200744260529353,0.0,-2.770446872773391,-4.758779417193182
480,-9.864196742304557,-1.1516629092211756,-18.018505502678337,-6.801764736810583,-7.509402967716596
481,4.34015316669047,1.1516629092211756,9.04983551991792,1.7376656470732996,-0.7643740913044894
482,-5.4534572642724015,0.0,0.0,0.4996778496843035,-1.9403102546048103
483,6.862475210750745,0.0,0.0,3.1238950680290145,3.6058949312100594
484,0.4022121723410237,0.0,8.968669982760417,2.2776965850880515,-0.8400858909053568
485,-0.8045861844084357,0.0,-8.968669982760417,-0.02615096954832552,-0.9363815464112122
486,5.118180674593532,0.0,8.968669982760417,2.742124643677016,3.2944682399001977
487,1.6003204055514288,0.0,-8.968669982760417,0.3389786345542234,3.5609159040732266
488,-9.539661641441853,-0.5741648010668559,-9.04983551991792,-3.3688090879513766,-4.804132715674314
489,-7.697799583548658,-0.5184318653458253,0.0,-2.278412382927854,-4.371136091740482
490,-7.040486201554813,0.13013364743934352,-9.132483563272515,-3.7826097795477835,-8.135194562234574
491,-6.574915816443536,-2.722317453851791,0.0,-4.140465057780602,-3.309140302452761
492,-1.4440435722335678,3.6847804728251288,0.0,-0.9518270508669957,-0.1667141612033447
493,0.8254230761676808,0.0,0.0,-0.6879945231812599,-1.7230477363618775
494,-1.961493428153517,0.0,0.0,0.5821800159137638,0.7687529498025469
495,73.20705123351308,9.950330853168092,44.85056616535158,29.43037153615478,45.77703854282208
496,-64.05202149285014,-10.91279387214143,-44.85056616535158,-24.232264920239686,-41.34688929260665
497,-7.193536312509423,0.9624630189733376,0.0,-5.780286631828858,-5.198902200017983
498,69.80387366887408,29.558802241544427,53.58424613410622,37.35790417612952,52.408569402110516
499,-38.43233496013636,-41.7285541886373,-8.733679968754643,-37.146163134631934,-31.41180469167739
500,-24.178002396228294,11.207288928119532,-44.85056616535158,5.568545590331269,-15.797862510415143
501,-7.193536312509423,0.9624630189733376,0.0,-5.780286631828858,-5.198902200017983
502,7.193536312509423,-0.9624630189733376,0.0,5.780286631828858,5.198902200017983
503,-7.193536312509423,0.9624630189733376,0.0,-5.780286631828858,-5.198902200017983
504,31.371538708737717,-12.16975194709287,44.85056616535158,0.21174104149758932,20.996764710433126
505,-12.774905917262913,4.2514850527528365,-8.810629682154882,-2.437733056691286,-15.821046436227334
506,51.20724087739927,37.47706913588446,17.544309650909526,39.58389619132322,47.23285112790472
507,-38.43233496013636,-41.7285541886373,-8.733679968754643,-37.146163134631934,-31.41180469167739
508,-24.178002396228294,11.207288928119532,-44.85056616535158,5.568545590331269,-15.797862510415143
509,62.61033735636465,30.521265260517765,53.58424613410622,31.577617544300665,47.20966720209253
510,-38.43233496013636,-41.7285541886373,-8.733679968754643,-37.146163134631934,-31.41180469167739
511,-24.178002396228294,11.207288928119532,-44.85056616535158,5.568545590331269,-15.797862510415143
512,-11.40309647896538,6.955803875366696,-36.0399364831967,8.006278647022555,0.023183925812190864
513,24.178002396228294,-11.207288928119532,44.85056616535158,-5.568545590331269,15.797862510415143
514,-24.178002396228294,11.207288928119532,-44.85056616535158,5.568545590331269,-15.797862510415143
515,62.61033735636465,30.521265260517765,53.58424613410622,31.577617544300665,47.20966720209253
516,-108.38947501700841,-29.558802241544427,-62.80090123903024,-55.06362621624794,-84.07044342776135
517,69.95714005687205,-12.16975194709287,54.067221270275596,17.917463081616006,52.65863873608396
518,39.87401909662185,22.12008280026096,0.0,29.800810510570955,25.549026782191504
519,-147.06863280923608,-15.042272813744395,-91.80754925312266,-71.76916837697354,-110.05193846245493
520,-17.28244114874724,0.5295500606321726,-9.661910911736904,-10.264182434313625,-10.212596274893258
521,-9.782810359813084,4.562391899944131,0.0,1.894309283068651,-0.4976903506894814
522,-7.8035741422627325,0.0,-9.756174945364698,-1.0860031976662867,-6.795822750511434
523,9.060214508693207,0.0,9.756174945364698,5.806136350387533,5.087572913942495
524,7.166858501796014,0.0,9.661910911736904,1.7988851765876461,4.106593038229221
525,2.490661312451266,0.0,0.0,2.20957942187124,3.744768891288004
526,-0.22616759114862361,0.0,0.0,0.19310611240871367,-0.5614461335962915
527,-30.54549107560524,-5.382459480876329,-29.27038230011324,-17.446428126773753,-15.828721372218752
528,7.087695969702509,0.5136259237692862,9.852296443011637,1.4024854336676071,1.0560421370655604
529,15.73750244587427,4.868833557107043,0.0,9.679429538417025,10.942286949182744
530,-4.569347680652754,0.0,0.0,-3.55961331393155,-6.4517974559894355
531,4.455368082876703,0.0,9.756174945364698,0.0,5.135493697076527
532,4.662543273548181,0.0,0.0,4.558475803683905,4.8179998217228786
533,-2.9542118974304685,0.0,0.0,-2.77708529168558,-2.1746112392720534
534,5.1075532406302955,0.0,0.0,3.1929837075640535,2.382659374038667
535,-1.35946548636457,0.0,0.0,-1.525807239828282,-3.171186142406441
536,2.9431762246185826,0.0,0.0,0.6938373646098626,-0.40911064926149265
537,-4.9858460224795635,0.0,0.0,-0.8881981265603827,-3.345953476066825
538,-2.730066534697471,0.0,0.0,0.3886837551362987,-0.19692338696495426
539,9.522801812189755,0.0,9.661910911736904,4.790594139407403,5.745089140312302
540,3.154221382740616,0.0,0.0,0.856010766212421,2.8373652358286563
541,-2.2519996005521534,0.0,0.0,-2.265882867277469,-2.2292751197965117
542,9.424505974225212,0.0,9.569451016150715,4.499103629717865,5.886814466304713
543,-2.6836648109265298,0.0,0.0,-1.1022017593750206,0.6537949303083224
544,-3.0277567285047553,0.0,0.0,-1.3242477174535452,-2.5638331524141904
545,2.8037925618355075,0.0,0.0,0.9381899142917973,1.7237525711498165
546,-2.6914897934539113,0.0,-9.569451016150715,-1.987797788799071,-2.732032584953231
547,0.5613247410929034,-0.2100220530875298,9.569451016150715,0.3315741513069952,2.3179401867419074
548,9.38344686579785,10.160352906255621,9.47874395454378,9.896443856921906,11.030629059519924
549,1.9993342214820586,-9.950330853168092,0.0,-0.8209731729239138,-1.2132541287883214
550,10.596125631494942,9.950330853168092,0.0,4.997484355348206,4.856453948522358
551,-1.6482614577171262,-9.950330853168092,0.0,-0.92660732108925,-9.341033672854792
552,-4.519158972485457,0.0,0.0,-1.8284783698436513,6.954622004145676
553,4.95896106863529,0.0,0.0,2.7278447859880544,1.970017149303203
554,-0.7697806505384506,0.0,-9.47874395454378,-2.0178889918715868,-2.2359805829446486
555,-7.7305741148547895,-0.42509033809670954,-9.569451016150715,-3.8562040975830314,-6.76281687379651
556,-0.55447741925218,-0.16308260169904615,0.0,-2.7988932466414553,-2.0415114269762853
557,8.28505153410697,0.5881729397957557,9.569451016150715,6.655097344224487,8.804328300772795
558,-0.33008747617714107,0.0,0.0,1.609186344601767,-5.494643326415826
559,0.9899357350250284,0.0,0.0,0.0,6.5989514669599885
560,4.059471261307408,0.0,0.0,1.9058515393335256,-3.1607504021030763
561,2.951950976496846,0.0,9.47874395454378,1.4134277971479605,2.3183144857775915
562,-0.10917626518858015,0.0,-9.47874395454378,-2.937818336244163,5.418430980883386
563,-1.2017262603158088,-0.19901980312720766,0.0,-1.6904330987836147,-9.43177590489995
564,3.9275634166760938,0.19901980312720766,9.47874395454378,4.5467618045368,12.957540357986545
565,4.887860706228821,0.0,0.0,1.0045749728251394,4.535118470474117
566,2.1647372886827725,0.0,0.0,-2.6901824623546418,-1.4380064279948783
567,-10.980161411587687,-0.19901980312720766,-9.47874395454378,-2.8611543150072976,-16.054652400465784
568,16.909139055827836,0.19901980312720766,9.47874395454378,6.988566696774797,23.12375534684179
569,5.573433505569483,0.0,9.389740349839037,4.353299559588777,4.812957001058749
570,3.520942554478097,0.0,0.0,-2.7557902507815015,-1.42305533157014
571,1.9153017134040056,0.0,0.0,1.3788444225774583,1.6467225157339271
572,-5.436244267882103,0.0,0.0,1.3769458282040432,-0.22366718416378717
573,7.241778187298223,0.0,0.0,-0.08094435080238327,-5.0618420375285496
574,-11.848353369709912,-1.2197435848480151,-9.389740349839037,-9.407050055086074,-0.4738556274687653
575,-3.6574911684774634,0.29631735805627246,0.0,-1.5264681588032545,-3.548999584588273
576,-2.3737602859691833,0.9234262267917427,-9.47874395454378,1.1995639388278505,0.6809999275928931
577,-11.626142797643297,0.0,0.0,-5.080728785647807,-6.016070378349468
578,10.437146278602995,-0.14100994143445256,0.0,0.9580248998026946,2.1697953685061293
579,5.393174543521127,0.14100994143445256,9.47874395454378,3.141349538196664,4.635493362283341
580,-3.5562298376635226,0.0,-9.47874395454378,-2.977208814514597,-2.4219770891049848
581,-15.777488480641296,-1.093597760107572,-19.23136192788762,-5.843557869216966,-5.015704784268564
582,-11.471557522793773,1.093597760107572,0.0,0.3026176449166087,-10.931209480024336
583,-1.9988901713868472,-1.6603776644076385,0.0,-2.64411975461735,-3.9022756626882256
584,5.321520318653711,1.6603776644076385,0.0,1.4055590788429981,10.155156821791024
585,-3.211697760442803,0.0,0.0,-2.702629813051317,-14.105775171067762
586,-1.5541743803314603,0.0,0.0,-2.626886992193249,3.954734024442587
587,-0.1111049387291132,0.0,0.0,1.272828063374618,0.18107293996672524
588,12.367648808662125,0.0,9.661910911736904,4.882566283649794,5.12228075917028
589,0.6582556463681613,0.0,0.0,-1.5421902153284464,-1.7906354982760604
590,-8.591307387164306,-1.2067278032126691,0.0,-2.290129993123628,-6.092450202171676
591,-0.44257579832901683,0.5004784678519347,0.0,-0.16575501446823182,-13.840030620969628
592,-0.2213613733438251,0.7062493353607344,-9.661910911736904,3.33742776440522,10.355497703024412
593,-11.802831593457995,-0.11300638498103618,0.0,-3.254546822830889,-8.224031450877192
594,-5.16564876904431,-0.09101442584926683,-9.756174945364698,-4.762968685312444,-3.9782275126226523
595,-3.9483383686620073,-0.48521665875370845,0.0,-1.750267848783551,-5.156286047375943
596,-13.083979813550286,-0.4554173979092736,-9.852296443011637,-6.527948194345299,-7.6508813877726425
597,-8.85725005952554,-0.9415196822063339,0.0,-0.44791579931916203,-8.236253470388874
598,-0.8091082912660568,2.086174549699619,9.852296443011637,2.6286368603523442,3.418689870271919
599,12.068418413394284,0.0,9.756174945364698,9.837784989573265,5.585715468826493
600,-8.37497007804177,9.950330853168092,9.661910911736904,4.965390467197722,-6.610095808353435
601,-7.516658692366036,-12.499577422849816,-9.661910911736904,-10.01114555834829,-2.415713136397244
602,11.770272049546293,2.5492465696817246,0.0,6.178931006666971,2.1338244805483555
603,25.595961334604908,9.950330853168092,19.23136192788762,20.667766830873006,23.034466541181246
604,-5.71910726209444,-9.950330853168092,0.0,-0.40594850424167817,0.967985622557535
605,3.256051829696844,0.0,0.0,1.8389815064456343,5.431676707565202
606,-1.4582985365250352,0.0,-9.569451016150715,-2.2992557838861103,-2.1175892317623948
607,4.368531170337519,0.0,0.0,6.50536082815961,-4.3697387499705656
608,5.572907869522169,9.950330853168092,9.569451016150715,5.366691175107917,17.008529131987416
609,3.1073157839637133,0.0,9.47874395454378,3.0194953934023943,1.000955914345468
610,-8.34497193218158,-11.619723514022418,-19.048194970694496,-7.256789868919441,-7.573018754458644
611,-1.9012475670615459,0.01602660416326951,0.0,-1.237024844454936,0.5864860567908181
612,15.771095431213325,1.6533660566910557,9.569451016150715,0.9951186222533579,-4.871647966417186
613,6.589809679055179,0.0,0.0,-0.13441763579612598,9.542975222829227
614,-13.223333174690197,-1.6323315285123383,-9.569451016150715,-7.204272757669969,-14.463489679029408
615,-5.004180584575806,-2.3576177431717458,-9.661910911736904,-2.2772877596453327,0.26265047834658617
616,2.560820861674074,3.989949271684084,9.661910911736904,2.6834011250030017,1.2664241046722964
617,-2.8953249624673845,0.0,-9.661910911736904,-3.1177588253922295,-7.312326010110155
618,3.7845103050376565,0.0,9.661910911736904,0.8142659842451394,1.2364023528534744
619,5.31857209404734,0.0,0.0,0.8949274485767091,-6.011928496010114
620,11.645923757478158,0.0,9.569451016150715,4.3547125333589065,15.508335560632986
621,14.100016678195061,9.950330853168092,9.47874395454378,12.071933495746634,15.324613764831156
622,-6.157854493161722,-9.950330853168092,-9.47874395454378,-4.4094727975352725,-1.7093741638445863
623,3.24570229757137,0.0,0.0,1.52547165309079,1.9749236178622596
624,0.10800885683147499,0.0,0.0,0.8821053484934964,0.551300572818036
625,-4.004117681396565,0.0,0.0,-0.828622262506542,0.3592027370686992
626,-3.47599741691738,0.0,-9.569451016150715,-2.2487561010420904,-3.8804987430630717
627,-1.5245565405266461,-0.319050891323134,0.0,-2.4687395139226282,-2.1819741570343467
628,3.4812915925112975,-0.3701865782608774,0.0,0.1611906620364607,0.4228217048521401
629,1.4108201374228884,0.5062207230408577,0.0,-0.9406453520223295,0.2380151191873665
630,6.701278860790808,0.18301674654315367,9.569451016150715,3.676918754956205,3.694272760905733
631,4.621427968334501,0.0,0.0,0.9104298392958299,0.3024729228045544
632,-1.2875538259440873,0.0,0.0,-1.7144392091158807,-0.5273431634022927
633,3.6437721164265895,0.0,0.0,4.947790947155227,4.9558460988209845
634,-3.9659197702194433,0.0,0.0,-2.617942404531277,-1.55548890807313
635,-10.25539295285671,-1.3108588001007222,-9.569451016150715,-5.229646514899287,-1.6681183296823292
636,-18.397365139716385,-4.2204105041072175,-9.661910911736904,-11.112877819929054,-8.761358719012605
637,9.569451016151106,5.50526896620211,9.661910911736904,5.990882527174108,4.0273751191271
638,-9.016995336667605,0.02600033800582927,-9.661910911736904,-2.679261693945591,-4.1632735002922345
639,1.9863171395045356,0.0,9.661910911736904,4.434477158403752,2.3899395380421993
640,-8.524823284291415,0.0,0.0,-6.007486812324714,-8.445832367729054
641,-5.686584984471665,-1.3629283650511859,-9.661910911736904,-3.7799003493964847,-7.4360298058600165
642,3.1260492131023057,1.3629283650511859,0.0,-1.1449446497881581,1.5141437658458017
643,-2.1201815675231046,-0.4991245419327001,0.0,-1.3374276985032338,-1.5183181289949061
644,6.125081791982666,0.4991245419327001,0.0,1.6374208827255643,3.333933750662254
645,2.8824853660998997,0.0,0.0,1.5530703501808603,3.1569747534067574
646,0.1106990647067505,0.0,0.0,0.8980447720969096,0.957582488475964
647,-9.453443031691677,-1.9889767034071097,-9.756174945364698,-4.143162903301345,-5.496790767948369
648,-0.223513635261952,1.9889767034071097,0.0,-1.9411907505109411,-0.9461823086230652
649,-2.5740039951733706,0.0,0.0,0.3009946527763532,1.3877054874319583
650,4.583830486810257,0.0,9.756174945364698,3.141349538196664,4.031325072601248
651,-2.4570036930517745,0.0,0.0,0.4362763880053535,0.21565399230075855
652,-4.707473387250502,0.0,0.0,-0.21811440186684194,-0.8379935110306178
653,-7.103023268245124,0.0,-9.756174945364698,-1.7739453091617179,-4.734140349160043
654,-3.173166760459935,-1.0095093831739455,0.0,-4.2703522232259274,-3.4000851448681715
655,4.190978553159766,1.0095093831739455,0.0,1.918439527216833,3.4334439142658084
656,3.1599168602306236,0.0,0.0,-1.315104712952234,-0.17931647111527127
657,4.2725497871006155,0.0,0.0,3.5304296442827763,2.2370675012971333
658,-10.71579821283376,-3.306460320155883,0.0,-5.149285549267006,-6.562903207496674
659,-5.686356730086118,2.8573594894727363,0.0,-3.355800151031872,-3.924034152751119
660,1.4815661721986544,0.4491008306831468,0.0,0.6335128498212725,2.1674670133925247
661,4.204790557887463,0.0,9.756174945364698,5.300244464890056,5.573469383879456
662,4.525918565260326,0.0,0.0,3.4178719443825685,4.217983664764688
663,10.332526785757182,9.950330853168092,9.661910911736904,7.315878643592441,8.873172680486277
664,2.455084371198609,-9.950330853168092,0.0,1.5163005179620086,1.6871112845092284
665,3.449238468377189,0.0,0.0,1.8381364314827806,1.6596423255205082
666,-4.676027224257268,0.0,-9.661910911736904,0.7828845645199181,-4.261451885198767
667,-11.335063285092474,-4.478011343585138,-9.756174945364698,-6.959422594598436,-9.085136715001681
668,4.167376645640616,3.8267993510754383,9.756174945364698,0.13586033578394563,0.21212568734426895
669,15.945033141455497,10.601542845677791,9.661910911736904,12.689155140133153,14.221595676774996
670,-7.773498333381212,-11.045930803671904,-9.661910911736904,-5.973540526816578,-6.907971606367028
671,11.637704080210824,1.0955999505038125,9.661910911736904,2.802858592789562,7.059665971211871
672,4.507731232522019,0.0,0.0,1.559727095096605,2.873741646365488
673,8.628746672847228,0.0,0.0,3.031809467202038,4.531233855428582
674,-1.088139389195021,0.0,0.0,-3.542486663123782,0.8745152590790894
675,2.935263291348747,0.0,9.569451016150715,1.8801541892698879,3.0446614110669543
676,-7.409055465928759,0.0,-9.569451016150715,-2.9830311957884987,-0.22296047003237618
677,1.2022516339648064,0.0,0.0,-1.2388238145795185,4.546657509801662
678,-6.355489286548618,-0.8493606046166485,-9.661910911736904,-2.482261210347133,-3.6348606192786974
679,3.1827936652844073,0.8493606046166485,9.661910911736904,-0.3242279350761237,1.4450138414495086
680,-4.612858261898509,0.0,-9.661910911736904,-2.462155764329509,-3.6022495246779727
681,6.911332430915536,0.0,0.0,0.7040918859929661,3.30694028724065
682,1.8568079170227065,0.0,0.0,1.1092924663989834,-0.31967951389560767
683,0.7635669855571905,0.0,9.661910911736904,2.2688608711905545,0.9506453979574871
684,5.979253558821256,0.0,0.0,1.4827798093174351,1.37784201669092
685,-10.350367501425353,-0.9724726983333167,-9.661910911736904,-4.8338625874912395,-7.140050918659654
686,-5.601025021001078,0.9724726983333167,0.0,-1.0291967757511884,-3.2464585323250503
687,9.972138963605175,0.0,9.661910911736904,6.509402162862898,3.380652059924614
688,2.2872089696475086,0.0,0.0,3.4401237968759233,3.8959507092822605
689,-7.315641077899272,0.0,0.0,0.6168948926297162,1.097052843450001
690,0.6573181656476663,0.0,0.0,1.1255226828652667,1.112016564346959
691,17.478597273960077,9.950330853168092,9.569451016150715,7.790237620656626,14.045963828084496
692,-5.611929254570896,0.0,0.0,4.613434845017764,2.9247524365682693
693,3.45722038385793,-9.950330853168092,9.47874395454378,1.5066812255099649,5.575062632252411
694,6.343084214435294,0.0,0.0,1.478040809619415,5.269050383935792
695,-3.5428669834918765,0.0,0.0,1.2651556774490018,1.0332101340882218
696,-6.582165657920086,-0.10300530486423469,-9.47874395454378,-1.8455540580744128,-2.6617981073386545
697,-2.4930910967486852,0.10300530486423469,0.0,0.6595175209040463,2.489016000851734
698,-4.241672573090909,0.0,0.0,-0.44842458645689476,-1.8671645954227643
699,-1.3087579575576456,0.0,0.0,0.685744455198801,-0.20068192572489352
700,-11.525290849053818,-3.716899119107278,0.0,-5.101579862983272,-5.429734751018259
701,1.2136593314080528,3.716899119107278,0.0,1.4300092474477424,2.3317680220925467
702,1.8727628717815605,0.0,0.0,0.0,3.1412544724016698
703,5.925618128847418,0.0,0.0,1.1901142591923417,3.3157753496307123
704,-0.7661577565168045,0.0,0.0,-0.3172253383909265,-1.0556120095643564
705,9.155377301985027,0.0,9.47874395454378,4.142431485242923,9.36728324291198
706,8.642162462193482,0.0,0.0,-1.8712037823770515,0.7115569983234309
707,-1.6147266547368417,-0.9694697840049836,-9.47874395454378,-2.403434633346478,-5.054068129771622
708,-0.21549402087475755,0.9694697840049836,0.0,-0.1322244114617206,1.007395460547741
709,3.4423441909730172,0.0,9.47874395454378,2.4037520654201217,2.148061041818437
710,-10.145796690765565,-1.4280191341516275,-9.47874395454378,-6.591074326039234,-7.995710470659105
711,-8.497708832257558,0.5176048327897655,-9.569451016150715,-1.8607623859625164,-3.6732070528714758
712,-0.9851678318564154,0.7684042184073555,0.0,-0.7985307459384785,-0.8159131091360905
713,5.787621943008162,0.14201008295450646,9.569451016150715,3.508775529680861,3.892257599376535
714,-2.616660891171705,0.0,0.0,-0.02653540486790007,-0.542197090132504
715,-5.5832429233669245,-0.33905747348935383,0.0,-3.455612157456926,-4.782473936311362
716,3.725623419616568,0.33905747348935383,0.0,0.7719027785824437,0.7539498842343164
717,2.8396698854739952,0.0,9.47874395454378,1.8873196367567289,2.2623819830469074
718,9.011515301429426,9.950330853168092,0.0,6.7228033627070545,5.422238124503565
719,-5.527570568968258,-9.950330853168092,-9.47874395454378,-3.673414191656775,-5.252962446848869
720,3.580150284573392,0.0,0.0,1.7458936265593366,3.5207291577089563
721,4.969222713311865,0.0,9.47874395454378,2.929418982590505,2.953182102270148
722,4.837418731770413,0.0,0.0,2.5266495873584063,1.094455519962139
723,8.648817992975637,9.950330853168092,0.0,-1.8153838996495324,-2.0491730313324297
724,1.8057257017644588,-9.950330853168092,-9.47874395454378,-1.8714503926639736,-2.9324499504882624
725,-1.3805556273309776,0.0,0.0,-1.3200276482475601,-2.7402716922752006
726,0.42498938166136213,0.0,0.0,-1.2953198475024692,0.11810047214476072
727,0.7432970875797764,0.0,0.0,-2.038898642273125,-2.7514237636969483
728,10.138433023676043,0.0,0.0,-0.6893991894194187,1.9086684554577005
729,1.7846836924281888,0.0,9.47874395454378,2.410820713836074,2.7540423116779493
730,6.586192852856584,0.0,0.0,3.328493364891983,3.799907712050299
731,-5.223580619594941,0.0,0.0,-4.413967969441728,-4.93208121275984
732,1.1515311400708015,0.0,0.0,1.7203280805315444,2.36117414032924
733,3.8636293036961433,0.0,0.0,-0.6613144526600081,-0.5063380680103364
734,6.233786420814795,0.0,9.389740349839037,3.4604395737387676,4.407131396499608
735,2.3793524906495804,0.0,0.0,1.47562609121087,2.5570119940693985
736,6.077793625491722,0.0,9.302392662313537,-0.7111907476191845,3.1103376568180465
737,-6.284469248837922,0.0,-9.302392662313537,-2.9026830598049855,-3.0947423853040164
738,3.1986819823077894,0.0,0.0,3.0607691643654107,1.176741186516665
739,-2.785373441603042,0.0,0.0,-1.7139320468777441,-2.4290357602994845
740,-4.037063606242555,0.0,0.0,-1.0561893673020677,-1.269499187123074
741,-5.825461184635969,-1.2637982567029475,-9.389740349839037,-6.413846163739436,-7.745558760208951
742,8.31173616268643,1.2637982567029475,9.389740349839037,3.2650706574459036,3.2719093549794707
743,4.954081759899964,0.0,0.0,0.3709591987426393,0.7299986587640888
744,2.673248558868181,0.0,0.0,0.026491820652154274,0.46676277335791383
745,-2.673248558868181,0.0,0.0,-1.48462381457648,-0.6001635920083572
746,-1.2362214410468368,0.0,0.0,1.2991663301727385,0.6589837767596691
747,3.7040890174721426,0.0,0.0,2.3818356679330464,1.841282052157112
748,-4.219632669660314,0.0,0.0,-0.9255954222353466,0.2504657109884647
749,-3.512763194744366,0.0,0.0,0.2645432675926713,0.5594077465411829
750,-2.9021579241853033,0.0,0.0,-1.138032914048381,-1.5420625986334926
751,2.280975587201283,0.0,0.0,0.10591817830572836,-0.3760915513839791
752,0.4141644291967168,0.0,0.0,1.6138637010353705,3.051657499911016
753,-5.397563446745153,-0.12500781315114445,-9.389740349839037,-2.70005722973292,-4.169013286153131
754,5.501077757690837,0.12500781315114445,9.389740349839037,5.471933715756677,9.790146039013962
755,1.9647387531131244,0.0,0.0,-1.6093928676618816,1.5370883746745676
756,-1.654260096026519,0.0,0.0,0.7126737443813909,-0.6246423543780111
757,-2.486532570005693,0.0,0.0,-1.9015931568119413,-2.6114241264904194
758,6.307864356693244,0.0,0.0,4.0365720249410515,4.263355632908315
759,16.561408992709403,0.0,9.302392662313537,6.351560682651325,8.68768942207771
760,-3.6566825915660957,0.0,0.0,0.39236715605511563,0.7410493674487952
761,-5.714884418083784,0.0,0.0,-2.408945680654142,-1.624882956858528
762,-1.023960769378391,0.0,0.0,-0.2884148999382887,0.007688877270084049
763,-5.444566328473229,0.0,-9.302392662313537,-0.7345225933604524,-5.713728455463752
764,-18.50557019824373,-6.702411059675414,-18.868484304382818,-12.543571255055213,-14.92710377138701
765,1.7822513497849286,3.5323918538531798,9.47874395454378,1.1420225661913719,-0.408241779009586
766,4.076731721543183,3.170019205822234,0.0,1.1142062434009858,1.8083435837224897
767,-8.485724797046714,0.0,0.0,-2.6815005912449124,-1.6787872746390349
768,0.1052022514249984,0.0,0.0,0.9034864560180722,0.5651402797147966
769,-12.490900203040837,-1.2918340584236068,-9.47874395454378,-6.047626696163206,-4.770537954637803
770,8.274153495279279,1.2918340584236068,0.0,3.547758365935806,5.500038436063733
771,-0.21130480797000928,0.0,9.47874395454378,-0.6126227101722179,0.5683277012822145
772,5.269271334003861,0.0,0.0,2.501398361137035,4.1097689159560105
773,-0.10511378576939023,0.0,0.0,1.9382681142869842,4.691270981608795
774,-3.89699792778174,0.0,0.0,0.6629277784122678,-1.11145666657103
775,-2.0070782631637485,0.0,0.0,1.3245385920163244,0.9677363693281222
776,-2.647044798304705,0.0,0.0,-0.6620499957152788,-0.7577862900207037
777,1.9065782705811216,0.0,0.0,-0.3179397530948336,1.3480729845450696
778,1.4803851704346016,0.0,0.0,-0.5566379214160406,-0.05823648284331284
779,3.7966719304095022,0.0,0.0,1.3512978488015506,2.0982540999793855
780,2.2080866970582065,0.0,0.0,3.5154066361483274,5.41336576953654
781,5.237807910215452,0.0,9.389740349839037,1.950602932844049,2.713027072261866
782,-3.2442077535733915,0.0,-9.389740349839037,-0.8166814211035671,-1.7000723355886294
783,1.6757440033679813,0.0,0.0,0.8166814211035671,0.800394082872117
784,-1.6757440033679813,0.0,0.0,-1.3966666741016525,-2.0600026152178543
785,1.8850146957711331,0.0,0.0,0.5799852529980853,-0.015417882430483587
786,6.985380017881653,0.0,9.389740349839037,7.5355141082018235,6.305314685513622
787,-0.8315144435036927,19.80262729617973,0.0,7.868517187056568,5.252805131224704
788,-2.2902362706818167,-19.80262729617973,0.0,-3.249330248137994,-3.664503877448624
789,1.7701884145599251,0.0,0.0,5.193872532398018,5.073287302520839
790,1.7670603839242176,0.0,0.0,1.2683951327107934,0.22826446820272395
791,-1.5590087863783992,0.0,0.0,-4.381480377036496,-2.0410113134030325
792,0.10400956897410651,0.0,0.0,-1.430076037739127,-1.9306056497489408
793,-4.168843974032825,0.0,-9.389740349839037,-4.250276929398751,-4.332606528660108
794,-1.7770349107431684,-1.7725700745084423,0.0,-4.294661850093689,-4.174264034943008
795,4.905296064553113,1.7725700745084423,9.389740349839037,3.3535099153141346,4.450395889658466
796,-8.993994951351851,0.0,-9.389740349839037,-4.430063472793336,-4.207765778070097
797,4.297925794142429,0.0,0.0,2.125733981589292,0.6852083801904882
798,-1.2560185867268956,0.0,0.0,-2.4410421979810053,-2.435003591910572
799,4.284899694960586,0.0,0.0,2.755581793247984,2.015465424143258
800,3.435535105717463,0.0,0.0,2.5389028308836714,3.458814770103345
801,-0.4158004217906637,0.0,9.389740349839037,2.0891008799208066,2.949741642324625
802,-8.562232532476628,0.0,-9.389740349839037,-5.781799564514586,-4.946708453545398
803,-9.694491099728111,-3.111836745610646,-9.47874395454378,-7.2679714269233955,-9.850964309994197
804,-0.21179709917123546,2.4175958161341864,0.0,0.9774009838893107,0.12034138147100748
805,0.5294086629028243,0.6942409294764593,9.47874395454378,2.742183862510501,2.492853241516059
806,4.225209623741648,0.0,0.0,2.8922271889932745,3.6292910548681903
807,-2.955771179706062,0.0,0.0,-3.0765614137962984,-4.51639116746901
808,2.850358224356569,0.0,0.0,0.8423935002047074,1.7966256158879332
809,-5.39084863487642,0.0,0.0,0.05262603937808308,-0.6733563973666605
810,3.9138993211363413,0.0,0.0,2.968881494447487,1.2921347939000043
811,-0.316773140287296,0.0,9.389740349839037,0.026233980875986163,0.5758932785447541
812,1.3719594785643494,0.0,-9.389740349839037,-2.679417385306806,-1.778995182475228
813,1.2647556491992873,0.0,9.389740349839037,1.3931422863843181,1.2456288553921695
814,1.0527424911633716,0.0,0.0,0.8926931041551143,0.7226816051988862
815,-2.317498140362659,0.0,-9.389740349839037,-1.8387669684761931,-2.235432914595549
816,-1.9001378038410621,0.0,0.0,-1.1048852832627745,-1.7477339135903094
817,0.0,0.0,0.0,0.23686392278432322,-0.6634657598242484
818,4.428051515731568,0.0,9.389740349839037,2.391811162195154,1.7062732935346503
819,4.303790824078533,0.0,0.0,2.071778667435865,3.7590249153108743
820,0.41889203670507413,9.950330853168092,0.0,0.8641571732550801,2.055293101375355
821,5.63793516791884,-9.950330853168092,9.302392662313537,3.7360757230053423,5.01826221227202
822,-1.2501303847093368,0.0,-9.302392662313537,-3.3435237375415454,-2.863395807416964
823,1.7705571463902743,0.0,0.0,0.8369295636948664,1.958435721116075
824,-1.3536733467099111,0.0,0.0,-1.308010441287479,-0.053709813562818454
825,-0.208420175827996,0.0,0.0,-0.9690303907627822,0.9088417112807292
826,2.3942133958080376,0.0,0.0,0.5239168139960384,0.7778031477437253
827,0.31186652365704504,0.0,0.0,-0.20953378809099377,-0.9119683052540495
828,5.597029536717855,0.0,9.302392662313537,1.2565446679491288,2.9589501055270375
829,2.683734063301017,0.0,-9.302392662313537,0.34004263939095836,2.12289985265852
830,1.8537595421867081,0.0,0.0,0.9671812650285574,0.5528938413108335
831,-5.985569985960865,0.0,0.0,-1.5950426329400216,-2.5917083702488526
832,2.790843715418305,0.0,9.302392662313537,3.656979756658984,3.190014457854886
833,-2.2734328278993416,0.0,-9.302392662313537,-2.0619371237189625,-1.4372994973327877
834,-6.0184886452098,0.0,0.0,-2.904354645690546,-2.379702991828708
835,-0.10408535008082254,0.0,0.0,-1.442225997650894,-1.285789904603007
836,-1.7711105322541698,0.0,0.0,-0.6825042921427666,-0.7163200609675187
837,1.9792703997836725,0.0,0.0,0.5512896379023005,2.7093546653886733
838,-4.066953830268176,0.0,0.0,-2.4174276691192063,-2.3951832324819406
839,0.835596455554878,0.0,0.0,-0.18417417666933034,1.722356609041526
840,-3.0323649523515996,0.0,0.0,-0.6843726412789692,-0.5814420691776832
841,3.345533700670785,0.0,0.0,1.4208659146152058,0.24485892040047474
842,0.9389182266104399,0.0,0.0,2.4423243097353406,0.9979449282063797
843,4.266173683379748,0.0,0.0,2.01763533536905,3.0907443529376906
844,2.074474346271927,0.0,0.0,0.44490389501152094,1.5151691093687987
845,-1.8668331495118764,0.0,0.0,-1.07334067924603,-1.1380657538238665
846,-2.7027043478856285,0.0,0.0,-0.7074637719888415,-1.0859853716256112
847,-0.20820320708116924,0.0,0.0,-1.1539774156899512,-1.297106109636843
848,3.7410414617233982,0.0,0.0,2.228077305442639,3.8292398416970173
849,-4.365911300843436,0.0,0.0,-2.8843400440837286,-2.730405716115456
850,3.2242994286343674,0.0,0.0,0.7087451570441772,2.6733605420258755
851,-3.8495599742236664,0.0,-9.389740349839037,-2.2855351399994106,-1.4995530793385115
852,-4.073750868040406,0.0,0.0,-0.6050959787880856,-1.799384425237804
853,-4.931545590877249,0.0,0.0,-0.8424822129054519,-1.5656566926163578
854,2.2064626761057298,0.0,0.0,2.3676744723816228,3.0145675940639194
855,-1.6806726645181698,0.0,0.0,-0.8674965384143434,-2.2276141708889554
856,1.1557658234287373,0.0,0.0,0.34183090221267776,-0.1680351350132696
857,-3.365944063554707,0.0,0.0,-1.7103241943677858,-2.883907587196518
858,-7.190471923734549,0.0,-9.47874395454378,-3.165227373567177,-5.176662865933395
859,2.8612322810313344,0.0,9.47874395454378,0.5282341256424843,2.4188551655697665
860,3.6968618813261855,0.0,0.0,1.4512067349824065,1.289713563002806
861,0.9484167421487655,0.0,0.0,0.3690620593388303,0.8818816089597021
862,3.6797602369251763,0.0,0.0,3.394248828455602,3.004056776030666
863,0.3147788704445702,0.0,0.0,0.4727014978125226,2.0955765826402057
864,-0.8396306118793291,0.0,0.0,-1.5765413954341057,-0.3470507396323228
865,4.295674267599679,0.0,0.0,0.5783538109117217,-0.14495794337653933
866,-4.190681879451404,0.0,0.0,-1.4991520764669986,-1.5462533170666575
867,-5.368716511205093,0.0,-9.47874395454378,-2.318902722960047,-5.348200455552615
868,-0.8447730175039396,0.0,0.0,-0.5277741249319661,-0.6224927576859045
869,-1.2684991130108756,0.0,0.0,0.9497929637855123,-0.02306273062731634
870,5.695617126902107,0.0,0.0,2.4231581377589464,3.7139249490837756
871,0.8410429427640338,0.0,0.0,-0.36836289423445123,1.5115425392259567
872,-0.21019443062141363,0.0,0.0,1.99805519057918,2.9704995707688795
873,0.3152750801164075,0.0,0.0,-0.47286293110300903,0.8536260569417209
874,-5.161981438469411,0.0,0.0,-2.1306546011055616,-2.7425755044159814
875,-2.643965370803926,0.0,0.0,-1.39659306748581,-3.363135359402804
876,0.10589294233341207,0.0,0.0,-1.0553255339254974,-2.0064266070321537
877,-13.002421272716674,0.0,-19.23136192788762,-5.79773156974079,-7.884271801192881
878,-7.537453581357113,0.0,0.0,-0.45146128158557985,-2.6199737486786034
879,-0.7568795301049249,0.0,0.0,-0.6908646711508482,-1.9928257123983713
880,-2.7078272705848576,0.0,0.0,-0.7445422738710477,-1.443683940039591
881,4.8688221688207705,0.0,9.661910911736904,3.823182673588235,2.302678658151308
882,-0.10793890668355743,0.0,0.0,-0.052999788013039506,0.8660211531960158
883,-0.539869364729384,0.0,0.0,-0.5566674321016762,-0.5202994557157581
884,1.9421672052239956,0.0,0.0,1.4308049392548128,2.095078497600298
885,-3.563526259000355,0.0,0.0,-0.7416433035814407,-2.6117629489290266
886,-0.8658009198852596,0.0,-9.661910911736904,-2.972085830699143,-5.220641917315334
887,4.968149326735329,0.0,9.661910911736904,5.142489795376605,5.640225603219733
888,-1.8331810816607685,0.0,0.0,-0.21153947934544703,-2.7927655232633697
889,-2.160994898235913,0.0,0.0,-0.9260117339181306,-2.550633775841561
890,2.4847417310420497,0.0,0.0,-0.3176872395870305,2.671374030594052
891,0.10789232356637513,0.0,0.0,-1.2452476869730162,1.0081960568977593
892,4.41359239527992,0.0,0.0,4.391192940829569,4.3829666595265735
893,8.449699987434542,0.0,9.569451016150715,8.541781569645536,14.020781618588444
894,-0.6392499684980066,0.0,0.0,-1.178365351010143,1.496217749756397
895,-4.700361180331129,0.0,-9.569451016150715,-4.46417589678822,-3.775377436169947
896,1.1771631730143781,0.0,0.0,-0.026318906186133972,-0.900091793521824
897,-6.6530989050052085,0.0,-9.661910911736904,-4.642950277495402,-5.702772684551746
898,-0.10767160171872092,0.0,0.0,-1.6142480714024714,-1.7086999334023858
899,-16.940355159668798,-1.4841007328925289,-9.756174945364698,-13.62596910330467,-14.519664195417135
900,-2.85150445463114,1.4841007328925289,0.0,-7.681046805981168,-3.016617206304545
901,-3.300333028656496,0.0,0.0,-0.4059045638805401,0.35744798235919006
902,4.17858536307449,0.0,0.0,0.5952703244111035,2.4554713228953915
903,-0.10973936910795601,0.0,0.0,-0.18936576053056342,-2.632215344989163
904,-7.711837272468074,0.0,0.0,-2.5463917321467306,-6.075381553929219
905,1.1053388988766528,0.0,0.0,1.8156448492827622,-5.504350196957603
906,5.94780914130024,0.0,9.756174945364698,1.9474729586945614,1.2588833343515944
907,0.6586892322911808,0.0,0.0,1.0802928644006897,1.1027021283316571
908,-2.967524296747797,0.0,0.0,-0.026993103265340324,-2.004012663011963
909,1.4299072996782343,0.0,0.0,2.076339917310179,1.3615786886794012
910,-2.421042230216699,0.0,-9.756174945364698,-1.8604154900203866,-0.5912452232769283
911,1.3212950612005443,0.0,0.0,0.4047326795935078,-0.24612453231566178
912,-1.541680737023853,0.0,0.0,0.026976355225997395,-1.2474327944382821
913,-4.196582636015592,0.0,0.0,-1.0256134336705145,-2.356088710905169
914,-6.328081067084895,0.0,0.0,-3.083166742560934,-4.096550018313792
915,4.6666751358297915,0.0,0.0,2.3808246731150575,1.6110755912804962
916,-1.5531398728953718,0.0,0.0,-0.24323338362955838,0.5950016048909674
917,-2.222964125369799,0.0,0.0,-0.7841547079297015,-0.6788893631191968
918,3.443491322655973,0.0,0.0,0.6489994819476124,1.971497739190454
919,1.8833440452990544,0.0,0.0,2.780516591577907,1.716902747536551
920,0.8850537141515815,0.0,0.0,-0.3505129658278747,0.5888836448584698
921,-0.44242894206854544,0.0,0.0,0.781744948360938,-0.2028869628211396
922,-0.553311583861614,0.0,0.0,-0.835680926367786,0.787448588085681
923,-1.3291982462087617,0.0,0.0,-0.13485267366013431,0.09540619193467137
924,-0.66526224872905,0.0,0.0,-0.10789523383209598,-0.6879233932613715
925,1.8837614302310612,0.0,0.0,-0.43169738684082404,0.8906313335473897
926,-0.5536792124166823,0.0,0.0,1.5909615188247699,0.22253394728068088
927,2.9862323800880404,0.0,9.756174945364698,3.9529463237849995,2.290015229020355
928,-2.432553167671358,0.0,0.0,-1.4502876259575714,0.07135466840918525
929,2.1011896035843165,0.0,0.0,1.2892483857158368,0.7845654979673782
930,2.317242416201225,0.0,0.0,-0.08052934627812647,0.443522207139722
931,-1.4338501326037658,0.0,0.0,-0.32218225054566574,-0.9982017354632262
932,-1.9887311824741118,0.0,0.0,-0.42973786651964474,1.1050928471740917
933,-1.2172856037514066,0.0,-9.756174945364698,-0.7256016765313689,0.3760075562440761
934,0.8854455476121075,0.0,0.0,0.26880275415896904,-0.2216294522950193
935,5.51634232035849,0.0,9.756174945364698,2.978868355081431,3.1693743507576073
936,0.0,0.0,0.0,-0.6433281731533498,0.6389801778577748
937,-3.526951743820973,0.0,-9.756174945364698,-1.1536656990883785,-1.1204571374364605
938,3.0867624553220594,0.0,0.0,0.37575823084262083,0.5367135893693558
939,2.5284463533589587,0.0,0.0,1.4748276454865845,1.8447280710688574
940,3.8354109807960413,0.0,9.756174945364698,1.873913009878379,2.438641863043813
941,-2.0802547601469996,0.0,-9.756174945364698,-2.7585485575364146,-2.5489145517612997
942,-2.5240068269231415,0.0,0.0,-1.3418498068367626,-0.7091863566110987
943,-5.840558781399523,0.0,0.0,-3.5511592025522987,-5.279517823179049
944,14.483465818580044,9.950330853168092,9.756174945364698,6.848881938545674,9.03248742471169
945,-9.742291492678305,-9.950330853168092,-9.756174945364698,-7.010598288421534,-7.899944110597971
946,1.31911638343081,0.0,0.0,-1.159733121690806,-0.8314625905131834
947,-1.4291213337646695,0.0,0.0,0.43168573949151323,0.8512508952308053
948,1.319261405062207,0.0,0.0,0.8897637320751528,1.518573149709482
949,1.5369417889878605,0.0,0.0,-0.16171634987586003,0.33583099719635356
950,3.285513852425538,0.0,0.0,2.2885461572241184,3.93070334137974
951,1.638717797208301,0.0,9.756174945364698,5.123470481406912,4.025051034979697
952,3.9220008874899577,0.0,0.0,-1.2315272492469376,-1.4000578781278818
953,-1.5233952891758236,0.0,0.0,2.194274361823773,1.4980277465938343
954,-2.2894531668343916,0.0,-9.756174945364698,-1.390932416308715,-0.9095293420941744
955,6.310542103951775,0.0,0.0,1.6581977589303278,3.6800586493209266
956,5.947570924995489,0.0,9.756174945364698,6.074349302152768,5.83675921601116
957,10.937273943989567,0.0,0.0,4.5581104490393045,5.540201839809015
958,12.189456136029548,0.0,0.0,-2.1439639768377674,3.7906805558432097
959,3.4705824392476643,0.0,9.661910911736904,3.438701973298521,2.414215822414917
960,-0.4200357092113336,0.0,0.0,-2.4323193040745537,-2.03324364609216
961,5.237807910215452,0.0,0.0,4.542581232009979,5.3681772592372
962,5.937826707056047,0.0,0.0,-0.5798782418223709,0.3405336462928972
963,14.026632609888111,0.0,9.569451016150715,4.813328773760077,5.22734359829883
964,3.4761306856698866,0.0,0.0,5.651654280361981,8.024225522883171
965,2.7518745389415926,0.0,9.47874395454378,7.615668346430539,18.292440286344572
966,-4.386195638158824,0.0,-9.47874395454378,-4.567640039331309,-5.8664713374028
967,1.9404591698767035,0.0,0.0,1.819174596657831,2.3611354842141736
968,-1.6338204390031024,0.0,0.0,0.9602284524225979,0.02975791932840366
969,-1.227119491341,-0.3200512109252757,0.0,-1.453677280105694,-1.0606724168228538
970,-2.7665369353844653,0.3200512109252757,0.0,-0.649645965808304,-1.5278557099190948
971,4.095848445617776,0.0,0.0,2.492342533209012,2.145787667728655
972,0.10218157675080874,0.0,0.0,-0.07779175151881645,0.3869436338382002
973,3.773396961103572,0.0,0.0,3.365437576372642,4.887136397142058
974,-6.535970979784906,-0.07500281264068016,0.0,-2.2250979426280537,-4.623058927924831
975,1.740288098532801,0.07500281264068016,0.0,-1.3218772579166398,-3.67358453093766
976,6.931023567554803,0.0,0.0,-1.9990919878837303,-0.8663376121585316
977,-4.275250811499973,-0.21402290126735324,-9.569451016150715,-2.237486623969744,-1.0989381775862057
978,-1.4291550002953954,0.21402290126735324,0.0,1.431527684244429,1.3492075920476054
979,1.5311593865726536,0.0,9.569451016150715,2.623480341544564,3.701892265016795
980,0.8156607303762939,0.0,0.0,-1.869499155354788,-1.0312752799236478
981,7.311161730121057,0.0,0.0,-0.44192001966985117,-1.02488236800491
982,6.152624179571831,0.0,0.0,-0.5461709650826378,-0.14916134063969366
983,-2.9202981329917748,0.0,0.0,-0.2081436198495794,0.0820414906647784
984,4.32705077655919,0.0,0.0,1.3781449233192689,0.7827847406306319
985,-1.0046213422801884,0.0,0.0,1.531930661674778,1.1134801124371734
986,14.072790758295014,0.0,9.47874395454378,3.9100480956021784,6.085429749122341
987,-4.8681234682189825,0.0,-9.47874395454378,-2.6913737067698094,-3.929030544933994
988,-2.393061267671328,0.0,0.0,-2.85454975202083,-3.4971965089334844
989,-1.4985766329155012,0.0,0.0,1.0649213354281528,1.6050202211081341
990,-2.3021880945361772,0.0,0.0,-1.0649213354281528,-1.2435728627242497
991,-2.809836269149855,0.0,0.0,-1.5864969061913143,-0.35399351630076126
992,-0.7036944246156054,0.0,0.0,0.2862756854374311,0.581228569589257
993,6.215558857603355,0.0,0.0,2.494933463214693,2.336406198455734
994,2.8940691822872395,0.0,0.0,-1.1687250541435787,1.0548014868672908
995,-1.3960911721096636,0.0,0.0,-3.2275724939390784,-3.4321806822617873
996,3.784865076009737,0.0,0.0,1.1464604293869343,2.8380631706249915
997,2.4822531734735094,0.0,-9.569451016150715,-0.2083496114028094,2.1186409297697537
998,13.39657544988404,0.0,0.0,-1.0163264585426077,0.42985889432202384
999,0.2934989993182171,0.0,9.569451016150715,-1.905135305794829,-2.6487919714854797
