,traffic-nj511-minutes-i-95_from_i-80_to_the_alexander_hamilton_bridge_via_lower_level,traffic-nj511-minutes-i-95_from_i-80_to_the_alexander_hamilton_bridge_via_upper_level,traffic-nj511-minutes-i-295_from_exit_2_to_delaware,traffic-nj511-minutes-i-95_from_the_delaware_side_to_nj_turnpike_exit_1,traffic-nj511-minutes-i-95_from_the_delaware_side_to_i-295_exit_2
0,8.0,8.0,8.0,9.0,8.0
1,8.0,8.0,8.0,10.0,9.0
2,8.0,8.0,8.0,10.0,9.0
3,8.0,8.0,8.0,9.0,8.0
4,7.0,8.0,8.0,9.0,8.0
5,8.0,8.0,8.0,9.0,8.0
6,7.0,8.0,8.0,9.0,8.0
7,7.0,8.0,8.0,8.0,7.0
8,7.0,8.0,8.0,8.0,7.0
9,7.0,8.0,8.0,8.0,8.0
10,8.0,11.0,8.0,8.0,8.0
11,9.0,12.0,8.0,8.0,8.0
12,9.0,11.0,8.0,8.0,8.0
13,9.0,12.0,8.0,8.0,8.0
14,9.0,10.0,8.0,9.0,8.0
15,8.0,10.0,8.0,10.0,9.0
16,8.0,8.0,8.0,10.0,9.0
17,7.0,8.0,8.0,9.0,8.0
18,7.0,7.0,8.0,9.0,8.0
19,7.0,8.0,8.0,8.0,8.0
20,7.0,8.0,8.0,8.0,8.0
21,7.0,8.0,8.0,8.0,8.0
22,7.0,8.0,8.0,9.0,8.0
23,7.0,8.0,8.0,9.0,8.0
24,7.0,8.0,8.0,9.0,8.0
25,7.0,7.0,8.0,9.0,8.0
26,7.0,7.0,8.0,9.0,8.0
27,7.0,7.0,8.0,9.0,8.0
28,7.0,7.0,8.0,9.0,8.0
29,7.0,8.0,8.0,9.0,8.0
30,7.0,8.0,8.0,9.0,8.0
31,7.0,8.0,8.0,10.0,10.0
32,7.0,8.0,8.0,11.0,10.0
33,7.0,8.0,8.0,11.0,10.0
34,7.0,7.0,8.0,11.0,10.0
35,7.0,7.0,8.0,10.0,9.0
36,7.0,7.0,8.0,10.0,9.0
37,7.0,7.0,8.0,9.0,8.0
38,7.0,7.0,8.0,8.0,8.0
39,7.0,7.0,8.0,8.0,8.0
40,7.0,7.0,8.0,8.0,8.0
41,7.0,8.0,8.0,9.0,8.0
42,7.0,7.0,8.0,10.0,9.0
43,7.0,7.0,8.0,12.0,11.0
44,7.0,7.0,8.0,12.0,11.0
45,7.0,7.0,8.0,12.0,11.0
46,7.0,7.0,8.0,12.0,11.0
47,7.0,7.0,8.0,11.0,10.0
48,7.0,7.0,8.0,11.0,10.0
49,7.0,7.0,8.0,11.0,10.0
50,7.0,7.0,8.0,11.0,10.0
51,7.0,7.0,8.0,12.0,11.0
52,7.0,11.0,8.0,12.0,11.0
53,7.0,13.0,8.0,16.0,15.0
54,7.0,17.0,8.0,17.0,16.0
55,7.0,15.0,8.0,18.0,17.0
56,7.0,15.0,8.0,20.0,19.0
57,7.0,15.0,8.0,18.0,17.0
58,7.0,17.0,8.0,18.0,17.0
59,7.0,14.0,8.0,18.0,17.0
60,7.0,9.0,8.0,18.0,17.0
61,7.0,10.0,8.0,17.0,16.0
62,7.0,11.0,8.0,17.0,16.0
63,7.0,11.0,8.0,15.0,14.0
64,7.0,11.0,8.0,16.0,15.0
65,7.0,14.0,8.0,15.0,14.0
66,7.0,15.0,8.0,16.0,15.0
67,7.0,15.0,8.0,15.0,14.0
68,7.0,15.0,8.0,15.0,15.0
69,7.0,14.0,8.0,14.0,14.0
70,7.0,12.0,8.0,13.0,12.0
71,7.0,12.0,8.0,12.0,11.0
72,7.0,10.0,8.0,12.0,12.0
73,7.0,10.0,8.0,11.0,10.0
74,7.0,10.0,8.0,10.0,9.0
75,7.0,11.0,8.0,9.0,8.0
76,7.0,11.0,8.0,8.0,8.0
77,7.0,10.0,8.0,8.0,8.0
78,7.0,9.0,8.0,8.0,8.0
79,7.0,9.0,8.0,8.0,8.0
80,7.0,8.0,8.0,8.0,7.0
81,7.0,8.0,8.0,8.0,8.0
82,7.0,8.0,8.0,8.0,8.0
83,7.0,8.0,8.0,8.0,7.0
84,7.0,8.0,8.0,8.0,7.0
85,7.0,8.0,8.0,8.0,7.0
86,8.0,8.0,8.0,8.0,7.0
87,8.0,8.0,8.0,8.0,7.0
88,7.0,8.0,8.0,8.0,7.0
89,7.0,8.0,8.0,8.0,7.0
90,7.0,8.0,8.0,8.0,8.0
91,7.0,8.0,8.0,8.0,7.0
92,7.0,8.0,8.0,8.0,7.0
93,7.0,8.0,8.0,8.0,7.0
94,7.0,8.0,8.0,8.0,8.0
95,7.0,7.0,8.0,9.0,8.0
96,7.0,7.0,8.0,9.0,8.0
97,7.0,7.0,8.0,9.0,8.0
98,7.0,7.0,8.0,8.0,8.0
99,7.0,7.0,8.0,9.0,8.0
100,7.0,7.0,8.0,8.0,8.0
101,7.0,7.0,8.0,8.0,8.0
102,7.0,7.0,8.0,8.0,8.0
103,7.0,7.0,8.0,8.0,8.0
104,7.0,7.0,8.0,8.0,8.0
105,7.0,7.0,8.0,8.0,8.0
106,7.0,7.0,8.0,8.0,7.0
107,7.0,8.0,8.0,8.0,7.0
108,7.0,8.0,8.0,8.0,7.0
109,7.0,8.0,8.0,8.0,8.0
110,7.0,8.0,8.0,8.0,7.0
111,7.0,7.0,8.0,8.0,7.0
112,7.0,7.0,8.0,8.0,7.0
113,7.0,7.0,8.0,8.0,7.0
114,7.0,7.0,8.0,8.0,7.0
115,7.0,8.0,8.0,8.0,7.0
116,7.0,8.0,8.0,8.0,7.0
117,7.0,8.0,8.0,8.0,8.0
118,9.0,12.0,8.0,8.0,8.0
119,9.0,11.0,8.0,8.0,8.0
120,8.0,10.0,8.0,9.0,8.0
121,8.0,10.0,8.0,9.0,8.0
122,7.0,9.0,8.0,9.0,8.0
123,7.0,9.0,8.0,9.0,8.0
124,7.0,8.0,8.0,8.0,8.0
125,7.0,8.0,8.0,8.0,8.0
126,7.0,7.0,8.0,8.0,7.0
127,7.0,8.0,8.0,8.0,7.0
128,7.0,8.0,8.0,8.0,7.0
129,8.0,8.0,8.0,8.0,7.0
130,8.0,7.0,8.0,8.0,7.0
131,8.0,7.0,8.0,8.0,7.0
132,7.0,7.0,8.0,8.0,7.0
133,7.0,7.0,8.0,8.0,7.0
134,7.0,7.0,8.0,8.0,7.0
135,7.0,7.0,8.0,8.0,7.0
136,7.0,7.0,8.0,8.0,7.0
137,7.0,7.0,8.0,8.0,7.0
138,7.0,7.0,8.0,8.0,7.0
139,7.0,7.0,8.0,8.0,7.0
140,7.0,7.0,8.0,8.0,7.0
141,7.0,7.0,8.0,8.0,7.0
142,7.0,7.0,8.0,8.0,8.0
143,7.0,7.0,8.0,8.0,8.0
144,7.0,8.0,8.0,8.0,7.0
145,7.0,8.0,8.0,8.0,7.0
146,7.0,8.0,8.0,8.0,7.0
147,7.0,8.0,8.0,8.0,7.0
148,7.0,7.0,8.0,8.0,8.0
149,7.0,7.0,8.0,8.0,7.0
150,7.0,7.0,8.0,8.0,7.0
151,7.0,7.0,8.0,8.0,7.0
152,7.0,8.0,8.0,8.0,8.0
153,7.0,8.0,8.0,8.0,8.0
154,7.0,8.0,8.0,8.0,8.0
155,7.0,8.0,8.0,8.0,7.0
156,7.0,8.0,8.0,8.0,7.0
157,7.0,8.0,8.0,8.0,7.0
158,7.0,8.0,8.0,8.0,7.0
159,7.0,8.0,8.0,8.0,7.0
160,7.0,7.0,8.0,8.0,7.0
161,7.0,7.0,8.0,8.0,7.0
162,7.0,8.0,8.0,8.0,7.0
163,8.0,11.0,8.0,8.0,7.0
164,8.0,11.0,8.0,8.0,7.0
165,7.0,11.0,8.0,8.0,7.0
166,7.0,9.0,8.0,8.0,7.0
167,7.0,9.0,8.0,8.0,7.0
168,7.0,8.0,8.0,8.0,7.0
169,7.0,8.0,8.0,8.0,7.0
170,7.0,7.0,8.0,8.0,7.0
171,7.0,7.0,8.0,8.0,7.0
172,7.0,8.0,8.0,8.0,7.0
173,7.0,8.0,8.0,8.0,7.0
174,7.0,8.0,8.0,8.0,7.0
175,7.0,8.0,8.0,8.0,7.0
176,7.0,8.0,8.0,8.0,7.0
177,7.0,8.0,8.0,8.0,7.0
178,7.0,8.0,8.0,8.0,7.0
179,7.0,8.0,8.0,8.0,7.0
180,7.0,8.0,8.0,8.0,7.0
181,7.0,8.0,8.0,8.0,7.0
182,7.0,8.0,8.0,8.0,7.0
183,7.0,8.0,8.0,8.0,7.0
184,7.0,8.0,8.0,8.0,7.0
185,7.0,9.0,8.0,8.0,7.0
186,7.0,8.0,8.0,8.0,7.0
187,7.0,8.0,8.0,8.0,7.0
188,7.0,8.0,8.0,8.0,7.0
189,8.0,8.0,8.0,8.0,7.0
190,7.0,9.0,8.0,8.0,7.0
191,7.0,9.0,8.0,8.0,7.0
192,7.0,10.0,8.0,9.0,8.0
193,7.0,10.0,8.0,9.0,8.0
194,7.0,10.0,8.0,8.0,7.0
195,7.0,10.0,8.0,8.0,7.0
196,8.0,11.0,8.0,8.0,7.0
197,8.0,11.0,8.0,8.0,7.0
198,9.0,12.0,8.0,8.0,7.0
199,10.0,12.0,8.0,8.0,7.0
200,11.0,13.0,8.0,8.0,7.0
201,12.0,14.0,8.0,8.0,7.0
202,13.0,15.0,8.0,8.0,7.0
203,14.0,15.0,8.0,8.0,7.0
204,16.0,16.0,8.0,8.0,7.0
205,17.0,16.0,8.0,8.0,7.0
206,18.0,17.0,8.0,8.0,7.0
207,18.0,18.0,8.0,8.0,7.0
208,21.0,19.0,8.0,8.0,7.0
209,22.0,19.0,8.0,8.0,7.0
210,25.0,19.0,8.0,8.0,7.0
211,26.0,20.0,8.0,8.0,7.0
212,28.0,23.0,8.0,8.0,7.0
213,27.0,23.0,8.0,8.0,7.0
214,27.0,24.0,8.0,8.0,7.0
215,27.0,24.0,8.0,8.0,7.0
216,30.0,26.0,8.0,8.0,7.0
217,33.0,27.0,8.0,8.0,7.0
218,32.0,27.0,8.0,8.0,7.0
219,32.0,27.0,8.0,8.0,7.0
220,33.0,29.0,8.0,8.0,7.0
221,34.0,29.0,8.0,8.0,7.0
222,34.0,30.0,8.0,8.0,7.0
223,35.0,31.0,8.0,8.0,7.0
224,34.0,32.0,8.0,8.0,7.0
225,37.0,32.0,8.0,8.0,7.0
226,38.0,36.0,8.0,8.0,7.0
227,39.0,36.0,8.0,8.0,7.0
228,38.0,37.0,8.0,8.0,7.0
229,39.0,38.0,8.0,8.0,7.0
230,38.0,38.0,8.0,8.0,7.0
231,34.0,39.0,8.0,8.0,7.0
232,33.0,40.0,8.0,8.0,7.0
233,33.0,42.0,8.0,8.0,7.0
234,33.0,43.0,8.0,8.0,7.0
235,32.0,43.0,8.0,8.0,7.0
236,32.0,40.0,8.0,8.0,7.0
237,31.0,39.0,8.0,8.0,7.0
238,31.0,39.0,8.0,8.0,7.0
239,31.0,39.0,8.0,8.0,7.0
240,29.0,37.0,8.0,8.0,7.0
241,28.0,37.0,8.0,8.0,7.0
242,28.0,36.0,8.0,8.0,7.0
243,29.0,35.0,8.0,8.0,7.0
244,30.0,35.0,8.0,8.0,7.0
245,31.0,32.0,8.0,8.0,7.0
246,33.0,32.0,8.0,8.0,7.0
247,33.0,32.0,8.0,8.0,7.0
248,34.0,31.0,8.0,8.0,7.0
249,35.0,31.0,8.0,8.0,7.0
250,36.0,32.0,8.0,8.0,7.0
251,35.0,33.0,8.0,8.0,7.0
252,37.0,32.0,8.0,8.0,7.0
253,37.0,31.0,8.0,8.0,7.0
254,33.0,32.0,8.0,8.0,7.0
255,33.0,33.0,8.0,8.0,7.0
256,30.0,33.0,8.0,8.0,7.0
257,29.0,34.0,8.0,8.0,7.0
258,29.0,35.0,8.0,8.0,7.0
259,28.0,35.0,8.0,8.0,7.0
260,29.0,34.0,8.0,8.0,7.0
261,30.0,33.0,8.0,8.0,7.0
262,29.0,34.0,8.0,8.0,7.0
263,28.0,34.0,8.0,8.0,7.0
264,28.0,34.0,8.0,8.0,7.0
265,27.0,34.0,8.0,8.0,7.0
266,24.0,34.0,8.0,8.0,7.0
267,24.0,34.0,8.0,8.0,7.0
268,20.0,32.0,8.0,8.0,7.0
269,18.0,32.0,8.0,8.0,7.0
270,18.0,33.0,8.0,8.0,7.0
271,18.0,33.0,8.0,8.0,7.0
272,15.0,32.0,8.0,8.0,7.0
273,16.0,31.0,8.0,8.0,7.0
274,16.0,28.0,8.0,8.0,7.0
275,17.0,28.0,8.0,8.0,7.0
276,16.0,26.0,8.0,8.0,7.0
277,16.0,25.0,8.0,8.0,7.0
278,15.0,22.0,8.0,8.0,7.0
279,15.0,22.0,8.0,8.0,7.0
280,13.0,21.0,8.0,8.0,7.0
281,13.0,21.0,8.0,8.0,7.0
282,12.0,21.0,8.0,8.0,7.0
283,11.0,20.0,8.0,8.0,7.0
284,11.0,20.0,8.0,8.0,7.0
285,12.0,19.0,8.0,8.0,7.0
286,12.0,20.0,8.0,8.0,7.0
287,12.0,19.0,8.0,8.0,7.0
288,11.0,20.0,8.0,8.0,7.0
289,11.0,20.0,8.0,8.0,7.0
290,9.0,17.0,8.0,8.0,7.0
291,9.0,16.0,8.0,8.0,7.0
292,9.0,14.0,8.0,8.0,7.0
293,9.0,14.0,8.0,8.0,7.0
294,9.0,13.0,8.0,8.0,7.0
295,9.0,12.0,8.0,8.0,7.0
296,9.0,10.0,8.0,8.0,7.0
297,8.0,9.0,8.0,8.0,7.0
298,8.0,9.0,8.0,8.0,7.0
299,8.0,9.0,8.0,8.0,7.0
300,9.0,9.0,8.0,8.0,7.0
301,9.0,9.0,8.0,8.0,7.0
302,9.0,9.0,8.0,8.0,7.0
303,8.0,9.0,8.0,8.0,7.0
304,8.0,9.0,8.0,8.0,7.0
305,7.0,9.0,8.0,8.0,7.0
306,7.0,9.0,8.0,8.0,7.0
307,8.0,8.0,8.0,8.0,7.0
308,8.0,9.0,8.0,8.0,7.0
309,8.0,8.0,8.0,8.0,7.0
310,8.0,9.0,8.0,8.0,7.0
311,8.0,9.0,8.0,8.0,7.0
312,8.0,9.0,8.0,8.0,7.0
313,8.0,9.0,8.0,8.0,7.0
314,8.0,9.0,8.0,8.0,7.0
315,8.0,9.0,8.0,8.0,7.0
316,8.0,10.0,8.0,8.0,7.0
317,8.0,10.0,8.0,8.0,7.0
318,9.0,10.0,8.0,8.0,7.0
319,9.0,10.0,8.0,8.0,7.0
320,8.0,10.0,8.0,8.0,7.0
321,8.0,10.0,8.0,8.0,7.0
322,8.0,10.0,8.0,8.0,8.0
323,8.0,9.0,8.0,8.0,8.0
324,8.0,9.0,8.0,9.0,8.0
325,8.0,9.0,8.0,9.0,9.0
326,8.0,9.0,8.0,10.0,10.0
327,9.0,9.0,8.0,9.0,8.0
328,8.0,9.0,8.0,9.0,9.0
329,8.0,9.0,8.0,9.0,9.0
330,8.0,9.0,8.0,9.0,9.0
331,8.0,9.0,8.0,10.0,9.0
332,8.0,9.0,8.0,10.0,9.0
333,8.0,9.0,8.0,10.0,10.0
334,8.0,9.0,8.0,10.0,10.0
335,8.0,9.0,8.0,9.0,9.0
336,8.0,9.0,8.0,10.0,10.0
337,8.0,9.0,8.0,10.0,9.0
338,8.0,9.0,8.0,10.0,9.0
339,8.0,8.0,8.0,9.0,9.0
340,7.0,8.0,8.0,9.0,9.0
341,7.0,8.0,8.0,10.0,9.0
342,7.0,8.0,8.0,9.0,9.0
343,7.0,8.0,8.0,9.0,8.0
344,8.0,9.0,8.0,8.0,7.0
345,8.0,9.0,8.0,8.0,7.0
346,8.0,8.0,8.0,8.0,7.0
347,7.0,9.0,8.0,8.0,7.0
348,7.0,9.0,8.0,8.0,7.0
349,7.0,9.0,8.0,8.0,7.0
350,8.0,8.0,8.0,8.0,7.0
351,9.0,9.0,8.0,8.0,7.0
352,8.0,8.0,8.0,8.0,7.0
353,8.0,8.0,8.0,8.0,7.0
354,8.0,8.0,8.0,8.0,7.0
355,9.0,8.0,8.0,8.0,7.0
356,10.0,8.0,8.0,8.0,7.0
357,10.0,8.0,8.0,8.0,7.0
358,9.0,8.0,8.0,8.0,7.0
359,9.0,8.0,8.0,8.0,7.0
360,9.0,8.0,8.0,8.0,7.0
361,8.0,8.0,8.0,8.0,7.0
362,8.0,8.0,8.0,8.0,7.0
363,9.0,9.0,8.0,8.0,7.0
364,8.0,9.0,8.0,8.0,7.0
365,8.0,9.0,8.0,8.0,7.0
366,9.0,9.0,8.0,8.0,7.0
367,9.0,9.0,8.0,8.0,7.0
368,10.0,10.0,8.0,8.0,7.0
369,11.0,10.0,8.0,8.0,7.0
370,13.0,11.0,8.0,8.0,7.0
371,15.0,12.0,8.0,8.0,7.0
372,17.0,14.0,8.0,8.0,7.0
373,17.0,15.0,8.0,8.0,7.0
374,17.0,17.0,8.0,8.0,7.0
375,17.0,19.0,8.0,8.0,7.0
376,15.0,20.0,8.0,8.0,7.0
377,14.0,20.0,8.0,8.0,7.0
378,12.0,19.0,8.0,8.0,7.0
379,13.0,20.0,8.0,8.0,7.0
380,11.0,20.0,8.0,8.0,7.0
381,11.0,20.0,8.0,8.0,7.0
382,10.0,19.0,8.0,8.0,7.0
383,10.0,18.0,8.0,8.0,7.0
384,10.0,16.0,8.0,8.0,7.0
385,10.0,15.0,8.0,8.0,7.0
386,10.0,13.0,8.0,8.0,7.0
387,10.0,13.0,8.0,8.0,7.0
388,12.0,13.0,8.0,8.0,7.0
389,12.0,12.0,8.0,8.0,8.0
390,12.0,10.0,8.0,8.0,8.0
391,11.0,10.0,8.0,9.0,8.0
392,9.0,9.0,8.0,9.0,8.0
393,9.0,9.0,8.0,10.0,10.0
394,10.0,9.0,8.0,10.0,9.0
395,10.0,9.0,8.0,10.0,9.0
396,11.0,10.0,8.0,9.0,9.0
397,12.0,12.0,8.0,10.0,10.0
398,12.0,13.0,8.0,10.0,9.0
399,12.0,14.0,8.0,10.0,9.0
400,11.0,13.0,8.0,10.0,9.0
401,11.0,13.0,8.0,11.0,10.0
402,11.0,12.0,8.0,12.0,11.0
403,12.0,11.0,8.0,12.0,11.0
404,12.0,10.0,8.0,12.0,11.0
405,13.0,10.0,8.0,12.0,11.0
406,14.0,11.0,8.0,12.0,12.0
407,14.0,12.0,8.0,12.0,11.0
408,15.0,13.0,8.0,11.0,10.0
409,15.0,14.0,8.0,11.0,11.0
410,14.0,16.0,8.0,12.0,12.0
411,14.0,17.0,8.0,12.0,11.0
412,13.0,16.0,8.0,12.0,11.0
413,13.0,16.0,8.0,11.0,10.0
414,13.0,16.0,8.0,10.0,9.0
415,14.0,17.0,8.0,9.0,8.0
416,16.0,17.0,8.0,10.0,9.0
417,16.0,16.0,8.0,11.0,10.0
418,15.0,15.0,8.0,10.0,10.0
419,14.0,15.0,8.0,9.0,8.0
420,13.0,15.0,8.0,9.0,8.0
421,13.0,15.0,8.0,9.0,8.0
422,13.0,16.0,8.0,9.0,9.0
423,13.0,17.0,8.0,11.0,11.0
424,12.0,18.0,8.0,10.0,9.0
425,12.0,18.0,8.0,9.0,9.0
426,16.0,19.0,8.0,10.0,9.0
427,16.0,19.0,8.0,9.0,9.0
428,15.0,19.0,8.0,9.0,9.0
429,15.0,20.0,8.0,8.0,7.0
430,15.0,21.0,8.0,8.0,7.0
431,16.0,22.0,8.0,8.0,7.0
432,16.0,22.0,8.0,8.0,8.0
433,16.0,22.0,8.0,8.0,7.0
434,17.0,22.0,8.0,8.0,8.0
435,16.0,22.0,8.0,8.0,7.0
436,17.0,23.0,8.0,8.0,7.0
437,17.0,23.0,8.0,8.0,7.0
438,16.0,23.0,8.0,8.0,7.0
439,16.0,23.0,8.0,8.0,7.0
440,25.0,23.0,8.0,8.0,7.0
441,20.0,23.0,8.0,8.0,7.0
442,13.0,23.0,8.0,8.0,7.0
443,12.0,23.0,8.0,8.0,7.0
444,12.0,20.0,8.0,8.0,7.0
445,13.0,19.0,8.0,8.0,7.0
446,13.0,18.0,8.0,8.0,7.0
447,12.0,17.0,8.0,8.0,7.0
448,11.0,17.0,8.0,8.0,7.0
449,11.0,16.0,8.0,8.0,7.0
450,11.0,15.0,8.0,8.0,7.0
451,10.0,14.0,8.0,8.0,7.0
452,10.0,12.0,8.0,8.0,7.0
453,9.0,11.0,8.0,8.0,7.0
454,9.0,10.0,8.0,8.0,7.0
455,9.0,10.0,8.0,8.0,7.0
456,9.0,9.0,8.0,8.0,7.0
457,10.0,9.0,8.0,8.0,7.0
458,10.0,8.0,8.0,8.0,7.0
459,10.0,8.0,8.0,8.0,7.0
460,8.0,8.0,8.0,8.0,7.0
461,8.0,8.0,8.0,8.0,7.0
462,8.0,8.0,8.0,8.0,7.0
463,8.0,8.0,8.0,8.0,7.0
464,8.0,8.0,8.0,8.0,7.0
465,8.0,8.0,8.0,8.0,7.0
466,8.0,8.0,8.0,8.0,7.0
467,8.0,8.0,8.0,8.0,7.0
468,7.0,8.0,8.0,8.0,7.0
469,7.0,8.0,8.0,8.0,7.0
470,8.0,7.0,8.0,8.0,7.0
471,7.0,7.0,8.0,8.0,7.0
472,7.0,7.0,8.0,8.0,7.0
473,7.0,8.0,8.0,8.0,7.0
474,7.0,8.0,8.0,8.0,7.0
475,7.0,8.0,8.0,8.0,7.0
476,7.0,7.0,8.0,8.0,7.0
477,8.0,7.0,8.0,8.0,7.0
478,8.0,7.0,8.0,8.0,7.0
479,8.0,7.0,8.0,8.0,7.0
480,7.0,7.0,8.0,8.0,7.0
481,7.0,7.0,8.0,8.0,7.0
482,7.0,7.0,8.0,8.0,7.0
483,7.0,7.0,8.0,8.0,7.0
484,7.0,7.0,8.0,8.0,7.0
485,7.0,7.0,8.0,8.0,7.0
486,7.0,7.0,8.0,8.0,7.0
487,8.0,7.0,8.0,8.0,7.0
488,8.0,8.0,8.0,8.0,7.0
489,7.0,8.0,8.0,8.0,7.0
490,7.0,8.0,8.0,8.0,7.0
491,10.0,10.0,8.0,8.0,8.0
492,9.0,11.0,8.0,9.0,8.0
493,9.0,10.0,8.0,9.0,8.0
494,8.0,9.0,8.0,8.0,8.0
495,7.0,9.0,8.0,8.0,7.0
496,7.0,8.0,8.0,8.0,7.0
497,7.0,8.0,8.0,8.0,7.0
498,7.0,8.0,8.0,8.0,7.0
499,7.0,8.0,8.0,8.0,7.0
500,8.0,8.0,8.0,8.0,7.0
501,9.0,8.0,8.0,8.0,7.0
502,7.0,8.0,8.0,8.0,7.0
503,7.0,8.0,8.0,8.0,7.0
504,7.0,7.0,8.0,8.0,7.0
505,7.0,7.0,8.0,8.0,7.0
506,7.0,7.0,8.0,8.0,7.0
507,7.0,7.0,8.0,8.0,7.0
508,7.0,7.0,8.0,8.0,7.0
509,7.0,7.0,8.0,8.0,7.0
510,7.0,7.0,8.0,8.0,7.0
511,7.0,7.0,8.0,8.0,7.0
512,7.0,7.0,8.0,8.0,7.0
513,7.0,7.0,8.0,8.0,7.0
514,7.0,7.0,8.0,8.0,7.0
515,7.0,7.0,8.0,8.0,7.0
516,7.0,7.0,8.0,8.0,7.0
517,7.0,7.0,8.0,8.0,7.0
518,7.0,7.0,8.0,8.0,7.0
519,7.0,7.0,8.0,8.0,7.0
520,7.0,7.0,8.0,8.0,7.0
521,7.0,7.0,8.0,8.0,7.0
522,7.0,7.0,8.0,8.0,7.0
523,7.0,7.0,8.0,8.0,7.0
524,7.0,7.0,8.0,8.0,7.0
525,7.0,7.0,8.0,8.0,7.0
526,7.0,7.0,8.0,8.0,7.0
527,7.0,7.0,8.0,8.0,7.0
528,7.0,7.0,8.0,8.0,7.0
529,7.0,7.0,8.0,8.0,7.0
530,7.0,7.0,8.0,8.0,7.0
531,7.0,7.0,8.0,8.0,7.0
532,7.0,7.0,8.0,8.0,7.0
533,7.0,10.0,8.0,8.0,7.0
534,7.0,18.0,8.0,8.0,7.0
535,7.0,21.0,8.0,8.0,7.0
536,7.0,22.0,8.0,8.0,7.0
537,7.0,14.0,8.0,8.0,7.0
538,7.0,14.0,8.0,8.0,7.0
539,7.0,16.0,8.0,8.0,7.0
540,7.0,15.0,8.0,8.0,7.0
541,7.0,17.0,8.0,8.0,7.0
542,7.0,13.0,8.0,8.0,7.0
543,7.0,12.0,8.0,8.0,7.0
544,7.0,16.0,8.0,8.0,7.0
545,7.0,18.0,8.0,8.0,7.0
546,7.0,19.0,8.0,8.0,7.0
547,7.0,17.0,8.0,8.0,7.0
548,7.0,19.0,8.0,8.0,7.0
549,7.0,16.0,8.0,8.0,7.0
550,7.0,9.0,8.0,8.0,7.0
551,7.0,10.0,8.0,8.0,7.0
552,7.0,9.0,8.0,8.0,7.0
553,7.0,9.0,8.0,8.0,7.0
554,7.0,15.0,8.0,8.0,7.0
555,7.0,14.0,8.0,8.0,7.0
556,7.0,11.0,8.0,8.0,7.0
557,7.0,9.0,8.0,8.0,7.0
558,7.0,9.0,8.0,8.0,7.0
559,7.0,9.0,8.0,8.0,7.0
560,7.0,9.0,8.0,8.0,7.0
561,7.0,9.0,8.0,8.0,7.0
562,7.0,10.0,8.0,8.0,7.0
563,7.0,10.0,8.0,8.0,7.0
564,7.0,13.0,8.0,8.0,7.0
565,7.0,16.0,8.0,8.0,7.0
566,7.0,16.0,8.0,8.0,7.0
567,7.0,19.0,8.0,8.0,7.0
568,7.0,10.0,8.0,8.0,7.0
569,7.0,8.0,8.0,8.0,7.0
570,7.0,9.0,8.0,8.0,7.0
571,7.0,13.0,8.0,8.0,7.0
572,7.0,11.0,8.0,8.0,7.0
573,7.0,10.0,8.0,8.0,7.0
574,7.0,10.0,8.0,8.0,7.0
575,7.0,11.0,8.0,8.0,7.0
576,7.0,11.0,8.0,8.0,7.0
577,7.0,9.0,8.0,8.0,7.0
578,7.0,8.0,8.0,8.0,7.0
579,7.0,8.0,8.0,8.0,7.0
580,7.0,8.0,8.0,8.0,7.0
581,7.0,8.0,8.0,8.0,7.0
582,7.0,10.0,8.0,8.0,7.0
583,7.0,7.0,8.0,8.0,7.0
584,7.0,8.0,8.0,8.0,7.0
585,7.0,8.0,8.0,8.0,7.0
586,7.0,8.0,8.0,8.0,7.0
587,7.0,8.0,8.0,8.0,7.0
588,7.0,8.0,8.0,8.0,7.0
589,7.0,8.0,8.0,8.0,7.0
590,7.0,8.0,8.0,8.0,7.0
591,7.0,8.0,8.0,8.0,7.0
592,7.0,7.0,8.0,8.0,7.0
593,7.0,7.0,8.0,8.0,7.0
594,7.0,8.0,8.0,8.0,7.0
595,7.0,8.0,8.0,8.0,7.0
596,7.0,8.0,8.0,8.0,7.0
597,7.0,8.0,8.0,8.0,7.0
598,7.0,8.0,8.0,8.0,7.0
599,7.0,7.0,8.0,8.0,7.0
600,7.0,7.0,8.0,8.0,7.0
601,7.0,7.0,8.0,8.0,7.0
602,7.0,7.0,8.0,8.0,7.0
603,7.0,8.0,8.0,8.0,7.0
604,7.0,8.0,8.0,8.0,7.0
605,7.0,8.0,8.0,8.0,7.0
606,7.0,7.0,8.0,8.0,7.0
607,7.0,7.0,8.0,8.0,7.0
608,7.0,8.0,8.0,8.0,7.0
609,7.0,8.0,8.0,8.0,7.0
610,7.0,8.0,8.0,8.0,7.0
611,7.0,7.0,8.0,8.0,7.0
612,7.0,7.0,8.0,8.0,7.0
613,7.0,7.0,8.0,8.0,7.0
614,7.0,7.0,8.0,8.0,7.0
615,7.0,7.0,8.0,8.0,7.0
616,7.0,7.0,8.0,8.0,7.0
617,7.0,8.0,8.0,8.0,7.0
618,7.0,8.0,8.0,8.0,7.0
619,7.0,8.0,8.0,8.0,7.0
620,7.0,7.0,8.0,8.0,7.0
621,7.0,7.0,8.0,8.0,7.0
622,7.0,7.0,8.0,8.0,7.0
623,7.0,7.0,8.0,8.0,7.0
624,7.0,7.0,8.0,8.0,7.0
625,7.0,7.0,8.0,8.0,7.0
626,7.0,8.0,8.0,8.0,7.0
627,7.0,8.0,8.0,8.0,7.0
628,7.0,7.0,8.0,8.0,7.0
629,7.0,8.0,8.0,8.0,7.0
630,7.0,7.0,8.0,8.0,7.0
631,7.0,7.0,8.0,8.0,7.0
632,7.0,7.0,8.0,8.0,7.0
633,7.0,8.0,8.0,8.0,7.0
634,7.0,8.0,8.0,8.0,7.0
635,7.0,8.0,8.0,8.0,7.0
636,7.0,8.0,8.0,8.0,7.0
637,7.0,8.0,8.0,8.0,7.0
638,7.0,8.0,8.0,8.0,7.0
639,7.0,8.0,8.0,8.0,7.0
640,7.0,9.0,8.0,8.0,7.0
641,7.0,10.0,8.0,8.0,7.0
642,7.0,8.0,8.0,8.0,7.0
643,7.0,8.0,8.0,8.0,7.0
644,7.0,9.0,8.0,8.0,7.0
645,7.0,9.0,8.0,8.0,7.0
646,7.0,9.0,8.0,8.0,7.0
647,7.0,9.0,8.0,8.0,7.0
648,7.0,9.0,8.0,8.0,7.0
649,7.0,8.0,8.0,8.0,7.0
650,7.0,8.0,8.0,8.0,7.0
651,7.0,8.0,8.0,8.0,7.0
652,7.0,8.0,8.0,8.0,7.0
653,7.0,8.0,8.0,8.0,7.0
654,7.0,8.0,8.0,8.0,7.0
655,7.0,8.0,8.0,8.0,7.0
656,7.0,8.0,8.0,8.0,7.0
657,7.0,8.0,8.0,8.0,7.0
658,7.0,8.0,8.0,8.0,7.0
659,7.0,8.0,8.0,8.0,7.0
660,7.0,8.0,8.0,8.0,7.0
661,7.0,8.0,8.0,8.0,7.0
662,7.0,8.0,8.0,8.0,7.0
663,7.0,8.0,8.0,8.0,7.0
664,7.0,8.0,8.0,8.0,7.0
665,7.0,8.0,8.0,8.0,7.0
666,7.0,8.0,8.0,8.0,7.0
667,7.0,8.0,8.0,8.0,7.0
668,7.0,9.0,8.0,8.0,7.0
669,7.0,9.0,8.0,8.0,7.0
670,7.0,9.0,8.0,8.0,7.0
671,7.0,9.0,8.0,8.0,7.0
672,7.0,9.0,8.0,8.0,7.0
673,7.0,9.0,8.0,8.0,7.0
674,7.0,9.0,8.0,8.0,7.0
675,7.0,9.0,8.0,8.0,7.0
676,8.0,11.0,8.0,8.0,7.0
677,9.0,12.0,8.0,8.0,7.0
678,10.0,12.0,8.0,8.0,7.0
679,11.0,13.0,8.0,8.0,7.0
680,12.0,13.0,8.0,8.0,7.0
681,12.0,14.0,8.0,8.0,7.0
682,13.0,14.0,8.0,8.0,7.0
683,13.0,15.0,8.0,8.0,7.0
684,14.0,15.0,8.0,8.0,7.0
685,15.0,15.0,8.0,8.0,7.0
686,17.0,17.0,8.0,8.0,8.0
687,17.0,17.0,8.0,8.0,7.0
688,21.0,18.0,9.0,8.0,7.0
689,22.0,20.0,10.0,8.0,7.0
690,25.0,22.0,12.0,8.0,7.0
691,25.0,22.0,13.0,8.0,7.0
692,26.0,23.0,14.0,8.0,7.0
693,26.0,23.0,14.0,8.0,7.0
694,28.0,24.0,17.0,8.0,7.0
695,29.0,24.0,19.0,8.0,7.0
696,32.0,26.0,21.0,8.0,7.0
697,32.0,26.0,22.0,8.0,7.0
698,32.0,26.0,22.0,8.0,7.0
699,35.0,27.0,20.0,8.0,7.0
700,32.0,26.0,16.0,8.0,7.0
701,32.0,25.0,17.0,8.0,7.0
702,33.0,25.0,14.0,8.0,7.0
703,33.0,26.0,11.0,8.0,7.0
704,36.0,28.0,12.0,8.0,7.0
705,36.0,28.0,11.0,8.0,7.0
706,38.0,31.0,12.0,8.0,7.0
707,39.0,33.0,13.0,8.0,7.0
708,39.0,33.0,11.0,8.0,7.0
709,39.0,36.0,9.0,8.0,7.0
710,39.0,36.0,8.0,8.0,7.0
711,39.0,37.0,8.0,8.0,7.0
712,39.0,37.0,8.0,8.0,7.0
713,39.0,38.0,8.0,8.0,7.0
714,39.0,43.0,8.0,8.0,7.0
715,39.0,43.0,8.0,8.0,7.0
716,41.0,42.0,8.0,8.0,7.0
717,40.0,42.0,8.0,8.0,7.0
718,40.0,42.0,8.0,8.0,7.0
719,39.0,42.0,8.0,8.0,7.0
720,40.0,43.0,8.0,8.0,7.0
721,41.0,48.0,8.0,8.0,7.0
722,39.0,48.0,8.0,8.0,7.0
723,39.0,48.0,8.0,8.0,7.0
724,40.0,49.0,8.0,8.0,7.0
725,39.0,51.0,8.0,8.0,7.0
726,40.0,49.0,8.0,8.0,7.0
727,40.0,49.0,8.0,8.0,7.0
728,40.0,49.0,8.0,8.0,7.0
729,40.0,47.0,8.0,8.0,7.0
730,38.0,47.0,8.0,8.0,7.0
731,38.0,46.0,8.0,8.0,7.0
732,36.0,43.0,8.0,8.0,7.0
733,38.0,42.0,8.0,8.0,7.0
734,38.0,43.0,8.0,8.0,7.0
735,38.0,39.0,8.0,8.0,7.0
736,39.0,38.0,8.0,8.0,7.0
737,38.0,38.0,8.0,8.0,7.0
738,37.0,39.0,8.0,8.0,7.0
739,37.0,39.0,8.0,8.0,7.0
740,36.0,39.0,8.0,8.0,7.0
741,36.0,38.0,8.0,8.0,7.0
742,37.0,37.0,8.0,8.0,7.0
743,38.0,36.0,8.0,8.0,7.0
744,37.0,35.0,8.0,8.0,7.0
745,36.0,36.0,8.0,8.0,7.0
746,34.0,37.0,8.0,8.0,7.0
747,34.0,36.0,8.0,8.0,7.0
748,33.0,36.0,8.0,8.0,7.0
749,33.0,35.0,8.0,8.0,7.0
750,29.0,34.0,8.0,8.0,7.0
751,28.0,32.0,8.0,8.0,7.0
752,27.0,31.0,8.0,8.0,7.0
753,25.0,31.0,8.0,8.0,7.0
754,25.0,28.0,8.0,8.0,7.0
755,23.0,28.0,8.0,8.0,7.0
756,21.0,28.0,8.0,8.0,7.0
757,20.0,28.0,8.0,8.0,7.0
758,19.0,29.0,8.0,8.0,7.0
759,19.0,27.0,8.0,8.0,7.0
760,18.0,27.0,9.0,8.0,7.0
761,17.0,26.0,8.0,8.0,7.0
762,16.0,24.0,8.0,8.0,7.0
763,15.0,23.0,8.0,8.0,7.0
764,15.0,20.0,8.0,8.0,7.0
765,13.0,19.0,9.0,8.0,7.0
766,13.0,18.0,11.0,8.0,7.0
767,12.0,17.0,12.0,10.0,9.0
768,11.0,16.0,14.0,12.0,11.0
769,11.0,15.0,15.0,12.0,10.0
770,10.0,14.0,14.0,10.0,9.0
771,10.0,14.0,12.0,8.0,7.0
772,9.0,13.0,8.0,8.0,7.0
773,10.0,12.0,8.0,8.0,7.0
774,11.0,11.0,8.0,8.0,7.0
775,11.0,11.0,8.0,8.0,7.0
776,12.0,11.0,8.0,8.0,7.0
777,13.0,11.0,8.0,8.0,7.0
778,13.0,10.0,8.0,8.0,7.0
779,14.0,10.0,8.0,8.0,7.0
780,14.0,10.0,8.0,8.0,7.0
781,15.0,10.0,8.0,8.0,7.0
782,15.0,10.0,8.0,8.0,7.0
783,15.0,10.0,8.0,8.0,7.0
784,15.0,10.0,8.0,8.0,7.0
785,15.0,10.0,8.0,8.0,7.0
786,14.0,10.0,8.0,8.0,7.0
787,14.0,10.0,8.0,8.0,7.0
788,11.0,10.0,8.0,8.0,7.0
789,10.0,10.0,8.0,8.0,7.0
790,8.0,10.0,8.0,8.0,7.0
791,8.0,10.0,8.0,8.0,7.0
792,7.0,9.0,8.0,8.0,7.0
793,7.0,10.0,8.0,8.0,7.0
794,7.0,10.0,8.0,8.0,7.0
795,7.0,10.0,8.0,8.0,7.0
796,7.0,9.0,8.0,8.0,7.0
797,7.0,9.0,8.0,8.0,7.0
798,7.0,9.0,8.0,8.0,7.0
799,7.0,8.0,8.0,8.0,7.0
800,7.0,8.0,8.0,8.0,7.0
801,7.0,8.0,8.0,8.0,7.0
802,7.0,8.0,8.0,8.0,7.0
803,7.0,8.0,8.0,8.0,7.0
804,7.0,8.0,8.0,8.0,7.0
805,7.0,8.0,8.0,8.0,7.0
806,7.0,8.0,8.0,8.0,7.0
807,7.0,7.0,8.0,8.0,7.0
808,7.0,7.0,8.0,8.0,7.0
809,7.0,7.0,8.0,8.0,7.0
810,7.0,8.0,8.0,8.0,7.0
811,7.0,8.0,8.0,8.0,7.0
812,8.0,8.0,8.0,8.0,8.0
813,8.0,8.0,8.0,8.0,7.0
814,8.0,8.0,8.0,9.0,9.0
815,8.0,8.0,8.0,9.0,9.0
816,7.0,8.0,8.0,8.0,7.0
817,7.0,8.0,8.0,8.0,7.0
818,7.0,8.0,8.0,10.0,9.0
819,7.0,8.0,8.0,10.0,9.0
820,7.0,8.0,8.0,8.0,8.0
821,7.0,8.0,8.0,9.0,8.0
822,7.0,8.0,8.0,9.0,8.0
823,7.0,8.0,8.0,9.0,8.0
824,7.0,8.0,8.0,8.0,8.0
825,7.0,8.0,8.0,9.0,8.0
826,7.0,8.0,8.0,10.0,9.0
827,7.0,8.0,8.0,10.0,9.0
828,7.0,8.0,8.0,10.0,9.0
829,7.0,8.0,8.0,10.0,9.0
830,7.0,8.0,8.0,12.0,11.0
831,7.0,8.0,8.0,13.0,12.0
832,7.0,8.0,8.0,13.0,12.0
833,7.0,8.0,8.0,12.0,11.0
834,7.0,8.0,8.0,13.0,12.0
835,8.0,8.0,8.0,12.0,11.0
836,8.0,8.0,8.0,12.0,12.0
837,8.0,8.0,8.0,14.0,13.0
838,8.0,8.0,8.0,13.0,12.0
839,7.0,8.0,8.0,13.0,12.0
840,7.0,8.0,8.0,14.0,13.0
841,7.0,8.0,8.0,14.0,13.0
842,7.0,8.0,8.0,13.0,12.0
843,7.0,8.0,8.0,12.0,11.0
844,7.0,8.0,8.0,11.0,10.0
845,7.0,8.0,8.0,14.0,13.0
846,7.0,8.0,8.0,13.0,13.0
847,7.0,8.0,8.0,14.0,14.0
848,7.0,9.0,8.0,13.0,12.0
849,7.0,9.0,8.0,15.0,14.0
850,7.0,9.0,8.0,14.0,13.0
851,7.0,8.0,8.0,14.0,13.0
852,9.0,7.0,8.0,15.0,14.0
853,9.0,7.0,8.0,13.0,12.0
854,7.0,8.0,8.0,13.0,13.0
855,7.0,8.0,8.0,14.0,13.0
856,7.0,8.0,8.0,15.0,14.0
857,7.0,8.0,8.0,14.0,14.0
858,7.0,8.0,8.0,13.0,12.0
859,7.0,8.0,8.0,16.0,15.0
860,9.0,8.0,8.0,11.0,11.0
861,9.0,8.0,8.0,11.0,11.0
862,9.0,9.0,8.0,13.0,12.0
863,8.0,9.0,8.0,11.0,10.0
864,8.0,8.0,8.0,13.0,12.0
865,8.0,9.0,8.0,13.0,12.0
866,9.0,9.0,8.0,13.0,12.0
867,10.0,9.0,8.0,12.0,11.0
868,10.0,9.0,8.0,11.0,10.0
869,10.0,9.0,8.0,12.0,11.0
870,11.0,10.0,8.0,12.0,11.0
871,11.0,10.0,8.0,12.0,12.0
872,10.0,11.0,8.0,12.0,11.0
873,10.0,11.0,8.0,11.0,10.0
874,10.0,12.0,8.0,11.0,11.0
875,12.0,11.0,8.0,11.0,10.0
876,14.0,12.0,8.0,12.0,11.0
877,13.0,12.0,8.0,14.0,13.0
878,12.0,13.0,8.0,14.0,13.0
879,11.0,14.0,8.0,15.0,14.0
880,12.0,15.0,8.0,11.0,11.0
881,13.0,15.0,8.0,13.0,13.0
882,14.0,16.0,8.0,16.0,15.0
883,14.0,17.0,8.0,18.0,17.0
884,15.0,18.0,8.0,17.0,16.0
885,15.0,18.0,8.0,15.0,14.0
886,14.0,18.0,8.0,13.0,13.0
887,14.0,17.0,8.0,16.0,15.0
888,14.0,18.0,8.0,17.0,16.0
889,14.0,19.0,8.0,18.0,17.0
890,15.0,19.0,8.0,15.0,15.0
891,15.0,19.0,8.0,16.0,15.0
892,16.0,20.0,8.0,15.0,14.0
893,16.0,21.0,8.0,15.0,14.0
894,17.0,22.0,8.0,17.0,16.0
895,17.0,22.0,8.0,21.0,20.0
896,19.0,24.0,8.0,19.0,18.0
897,19.0,26.0,8.0,18.0,17.0
898,20.0,26.0,8.0,21.0,20.0
899,20.0,26.0,8.0,23.0,21.0
900,20.0,26.0,8.0,20.0,19.0
901,21.0,24.0,8.0,18.0,17.0
902,21.0,24.0,8.0,21.0,20.0
903,21.0,24.0,8.0,23.0,21.0
904,22.0,24.0,8.0,21.0,20.0
905,23.0,24.0,8.0,20.0,19.0
906,24.0,24.0,8.0,21.0,20.0
907,25.0,26.0,8.0,21.0,20.0
908,26.0,29.0,8.0,16.0,15.0
909,26.0,30.0,8.0,18.0,17.0
910,25.0,33.0,8.0,17.0,17.0
911,26.0,35.0,8.0,17.0,17.0
912,26.0,39.0,8.0,17.0,16.0
913,27.0,40.0,8.0,18.0,17.0
914,26.0,42.0,8.0,17.0,16.0
915,25.0,42.0,8.0,16.0,16.0
916,25.0,38.0,8.0,15.0,14.0
917,25.0,38.0,8.0,18.0,17.0
918,25.0,38.0,8.0,18.0,17.0
919,25.0,38.0,8.0,16.0,15.0
920,26.0,38.0,8.0,15.0,14.0
921,26.0,38.0,8.0,16.0,15.0
922,27.0,43.0,8.0,13.0,12.0
923,28.0,44.0,8.0,15.0,14.0
924,29.0,45.0,8.0,14.0,13.0
925,29.0,45.0,8.0,14.0,13.0
926,27.0,41.0,8.0,10.0,10.0
927,27.0,40.0,8.0,10.0,9.0
928,25.0,39.0,8.0,10.0,10.0
929,26.0,39.0,8.0,10.0,9.0
930,25.0,36.0,8.0,9.0,8.0
931,24.0,36.0,8.0,8.0,8.0
932,24.0,36.0,8.0,8.0,8.0
933,23.0,36.0,8.0,8.0,8.0
934,23.0,36.0,8.0,8.0,7.0
935,23.0,36.0,8.0,8.0,7.0
936,24.0,35.0,8.0,8.0,7.0
937,25.0,37.0,8.0,8.0,7.0
938,26.0,36.0,8.0,8.0,7.0
939,24.0,36.0,8.0,8.0,7.0
940,23.0,33.0,8.0,8.0,7.0
941,24.0,33.0,8.0,8.0,7.0
942,22.0,33.0,8.0,8.0,7.0
943,21.0,30.0,8.0,8.0,7.0
944,19.0,28.0,8.0,8.0,7.0
945,18.0,26.0,8.0,8.0,7.0
946,17.0,24.0,8.0,8.0,7.0
947,17.0,22.0,8.0,8.0,7.0
948,16.0,21.0,8.0,8.0,7.0
949,18.0,23.0,8.0,8.0,7.0
950,15.0,22.0,8.0,8.0,7.0
951,17.0,22.0,8.0,8.0,7.0
952,14.0,23.0,8.0,8.0,7.0
953,13.0,21.0,8.0,8.0,7.0
954,12.0,17.0,8.0,8.0,7.0
955,12.0,16.0,8.0,8.0,7.0
956,11.0,14.0,8.0,8.0,7.0
957,11.0,13.0,8.0,8.0,7.0
958,10.0,11.0,8.0,8.0,7.0
959,10.0,10.0,8.0,8.0,7.0
960,11.0,9.0,8.0,8.0,7.0
961,11.0,9.0,8.0,8.0,7.0
962,10.0,8.0,8.0,8.0,7.0
963,10.0,8.0,8.0,8.0,7.0
964,10.0,9.0,8.0,8.0,7.0
965,10.0,8.0,8.0,8.0,7.0
966,10.0,9.0,8.0,8.0,7.0
967,9.0,9.0,8.0,8.0,7.0
968,9.0,8.0,8.0,8.0,7.0
969,10.0,8.0,8.0,8.0,7.0
970,18.0,10.0,8.0,8.0,7.0
971,18.0,13.0,8.0,8.0,7.0
972,10.0,13.0,8.0,8.0,7.0
973,10.0,13.0,8.0,8.0,7.0
974,9.0,12.0,8.0,8.0,7.0
975,8.0,10.0,8.0,8.0,7.0
976,7.0,8.0,8.0,8.0,7.0
977,8.0,8.0,8.0,8.0,7.0
978,8.0,7.0,8.0,8.0,7.0
979,7.0,7.0,8.0,8.0,7.0
980,7.0,7.0,8.0,8.0,7.0
981,7.0,7.0,8.0,8.0,7.0
982,7.0,7.0,8.0,9.0,9.0
983,7.0,7.0,8.0,10.0,9.0
984,7.0,7.0,8.0,13.0,12.0
985,7.0,7.0,8.0,13.0,12.0
986,7.0,7.0,8.0,14.0,13.0
987,7.0,8.0,8.0,14.0,13.0
988,7.0,8.0,8.0,15.0,15.0
989,7.0,7.0,8.0,16.0,15.0
990,7.0,7.0,8.0,16.0,15.0
991,7.0,7.0,8.0,16.0,15.0
992,7.0,7.0,8.0,17.0,16.0
993,7.0,8.0,8.0,20.0,19.0
994,7.0,8.0,8.0,20.0,19.0
995,8.0,8.0,8.0,20.0,19.0
996,7.0,8.0,8.0,23.0,22.0
997,7.0,10.0,8.0,23.0,22.0
998,8.0,8.0,8.0,27.0,25.0
999,8.0,9.0,8.0,26.0,25.0
