,hospital-er-wait-minutes-piedmont_athens,hospital-er-wait-minutes-piedmont_newton,hospital-er-wait-minutes-piedmont_henry,hospital-er-wait-minutes-piedmont_atlanta,hospital-er-wait-minutes-piedmont_mountainside,hospital-er-wait-minutes-piedmont_newnan,hospital-er-wait-minutes-piedmont_rockdale,hospital-er-wait-minutes-piedmont_mountside_ellijay,hospital-er-wait-minutes-piedmont_walton,hospital-er-wait-minutes-piedmont_fayette
0,48.0,92.0,161.0,21.0,15.0,3.0,181.0,23.0,8.0,61.0
1,59.0,92.0,148.0,25.0,15.0,3.0,156.0,23.0,6.0,61.0
2,59.0,89.0,148.0,25.0,19.0,4.0,156.0,18.0,6.0,57.0
3,55.0,89.0,122.0,24.0,19.0,4.0,178.0,18.0,5.0,57.0
4,55.0,112.0,122.0,24.0,28.0,7.0,178.0,12.0,5.0,66.0
5,53.0,112.0,118.0,17.0,28.0,7.0,201.0,12.0,1.0,66.0
6,53.0,83.0,118.0,17.0,27.0,7.0,201.0,2.0,1.0,84.0
7,59.0,83.0,125.0,11.0,27.0,7.0,213.0,2.0,3.0,84.0
8,59.0,70.0,125.0,11.0,27.0,4.0,213.0,5.0,3.0,96.0
9,51.0,70.0,198.0,19.0,27.0,4.0,230.0,5.0,3.0,96.0
10,51.0,34.0,198.0,19.0,29.0,2.0,230.0,14.0,3.0,107.0
11,43.0,34.0,164.0,33.0,29.0,2.0,274.0,14.0,6.0,107.0
12,43.0,32.0,164.0,33.0,30.0,1.0,274.0,36.0,6.0,97.0
13,52.0,32.0,187.0,42.0,30.0,1.0,268.0,36.0,6.0,97.0
14,52.0,14.0,187.0,42.0,31.0,2.0,268.0,34.0,6.0,88.0
15,45.0,14.0,198.0,43.0,31.0,2.0,277.0,34.0,4.0,88.0
16,45.0,18.0,198.0,43.0,36.0,6.0,277.0,47.0,4.0,84.0
17,17.0,18.0,187.0,42.0,36.0,6.0,294.0,47.0,4.0,84.0
18,17.0,26.0,187.0,42.0,46.0,5.0,294.0,17.0,4.0,94.0
19,19.0,26.0,214.0,32.0,46.0,5.0,304.0,17.0,2.0,94.0
20,19.0,25.0,214.0,32.0,11.0,5.0,304.0,13.0,2.0,87.0
21,21.0,25.0,220.0,20.0,11.0,5.0,361.0,13.0,2.0,87.0
22,21.0,24.0,220.0,20.0,25.0,2.0,361.0,43.0,2.0,84.0
23,26.0,24.0,151.0,23.0,25.0,2.0,267.0,43.0,4.0,84.0
24,26.0,40.0,151.0,23.0,27.0,7.0,267.0,51.0,4.0,100.0
25,37.0,40.0,143.0,21.0,27.0,7.0,271.0,51.0,5.0,100.0
26,37.0,62.0,143.0,21.0,21.0,10.0,271.0,63.0,5.0,101.0
27,34.0,62.0,173.0,24.0,21.0,10.0,270.0,63.0,2.0,101.0
28,34.0,99.0,173.0,24.0,17.0,13.0,270.0,65.0,2.0,110.0
29,35.0,99.0,146.0,37.0,17.0,13.0,295.0,65.0,1.0,110.0
30,35.0,114.0,146.0,37.0,20.0,14.0,295.0,92.0,1.0,162.0
31,39.0,114.0,130.0,48.0,20.0,14.0,300.0,92.0,1.0,162.0
32,39.0,129.0,130.0,48.0,12.0,15.0,300.0,88.0,1.0,119.0
33,33.0,129.0,150.0,49.0,12.0,15.0,240.0,88.0,1.0,119.0
34,33.0,138.0,150.0,49.0,17.0,15.0,240.0,47.0,1.0,98.0
35,26.0,138.0,251.0,49.0,17.0,15.0,257.0,47.0,1.0,98.0
36,26.0,149.0,251.0,49.0,52.0,13.0,257.0,26.0,1.0,114.0
37,19.0,149.0,284.0,52.0,52.0,13.0,313.0,26.0,1.0,114.0
38,19.0,173.0,284.0,52.0,6.0,16.0,313.0,23.0,1.0,121.0
39,21.0,173.0,261.0,63.0,6.0,16.0,355.0,23.0,3.0,121.0
40,21.0,199.0,261.0,63.0,9.0,14.0,355.0,3.0,3.0,131.0
41,30.0,199.0,345.0,76.0,9.0,14.0,357.0,3.0,3.0,131.0
42,30.0,204.0,345.0,76.0,26.0,8.0,357.0,10.0,3.0,129.0
43,32.0,204.0,688.0,83.0,26.0,8.0,347.0,10.0,0.0,129.0
44,32.0,227.0,688.0,83.0,49.0,3.0,347.0,10.0,0.0,118.0
45,37.0,227.0,788.0,70.0,49.0,3.0,383.0,10.0,1.0,118.0
46,37.0,187.0,788.0,70.0,55.0,2.0,383.0,0.0,1.0,119.0
47,52.0,187.0,422.0,69.0,55.0,2.0,380.0,0.0,1.0,119.0
48,52.0,166.0,422.0,69.0,80.0,3.0,380.0,0.0,1.0,134.0
49,65.0,166.0,333.0,127.0,80.0,3.0,433.0,0.0,6.0,134.0
50,65.0,187.0,333.0,127.0,77.0,4.0,433.0,0.0,6.0,160.0
51,64.0,187.0,363.0,58.0,77.0,4.0,537.0,0.0,9.0,160.0
52,64.0,216.0,363.0,58.0,90.0,5.0,537.0,0.0,9.0,119.0
53,69.0,216.0,346.0,48.0,90.0,5.0,500.0,0.0,0.0,119.0
54,69.0,339.0,346.0,48.0,131.0,7.0,500.0,0.0,0.0,193.0
55,72.0,339.0,432.0,63.0,131.0,7.0,565.0,0.0,1.0,193.0
56,72.0,152.0,432.0,63.0,80.0,8.0,565.0,0.0,1.0,229.0
57,63.0,152.0,106.0,94.0,80.0,8.0,646.0,0.0,2.0,229.0
58,63.0,345.0,106.0,94.0,34.0,10.0,646.0,0.0,2.0,253.0
59,84.0,345.0,119.0,42.0,34.0,10.0,568.0,0.0,4.0,253.0
60,84.0,282.0,119.0,42.0,24.0,3.0,568.0,0.0,4.0,184.0
61,85.0,282.0,143.0,38.0,24.0,3.0,881.0,0.0,5.0,184.0
62,85.0,218.0,143.0,38.0,26.0,2.0,881.0,0.0,5.0,173.0
63,57.0,218.0,95.0,77.0,26.0,2.0,565.0,0.0,4.0,173.0
64,57.0,177.0,95.0,77.0,34.0,6.0,565.0,0.0,4.0,174.0
65,73.0,177.0,149.0,6.0,34.0,6.0,766.0,0.0,3.0,174.0
66,73.0,188.0,149.0,6.0,60.0,9.0,766.0,0.0,3.0,268.0
67,17.0,188.0,97.0,9.0,60.0,9.0,786.0,0.0,1.0,268.0
68,17.0,190.0,97.0,9.0,69.0,0.0,786.0,0.0,1.0,256.0
69,13.0,190.0,78.0,10.0,69.0,0.0,366.0,0.0,1.0,256.0
70,13.0,211.0,78.0,10.0,101.0,9.0,366.0,9.0,1.0,250.0
71,13.0,211.0,70.0,16.0,101.0,9.0,354.0,9.0,6.0,250.0
72,13.0,183.0,70.0,16.0,113.0,18.0,354.0,9.0,6.0,378.0
73,16.0,183.0,94.0,16.0,113.0,18.0,456.0,9.0,9.0,378.0
74,16.0,209.0,94.0,16.0,137.0,23.0,456.0,12.0,9.0,273.0
75,19.0,209.0,117.0,19.0,137.0,23.0,469.0,12.0,8.0,273.0
76,19.0,280.0,117.0,19.0,99.0,10.0,469.0,14.0,8.0,240.0
77,8.0,280.0,108.0,1.0,99.0,10.0,618.0,14.0,0.0,240.0
78,8.0,403.0,108.0,1.0,89.0,6.0,618.0,6.0,0.0,294.0
79,12.0,403.0,103.0,2.0,89.0,6.0,628.0,6.0,2.0,294.0
80,12.0,387.0,103.0,2.0,95.0,4.0,628.0,17.0,2.0,189.0
81,17.0,387.0,82.0,6.0,95.0,4.0,682.0,17.0,2.0,189.0
82,17.0,354.0,82.0,6.0,108.0,5.0,682.0,23.0,2.0,148.0
83,27.0,354.0,27.0,8.0,108.0,5.0,287.0,23.0,2.0,148.0
84,27.0,212.0,27.0,8.0,53.0,8.0,287.0,28.0,2.0,159.0
85,33.0,212.0,28.0,12.0,53.0,8.0,154.0,28.0,5.0,159.0
86,33.0,141.0,28.0,12.0,51.0,12.0,154.0,36.0,5.0,137.0
87,32.0,141.0,52.0,13.0,51.0,12.0,167.0,36.0,4.0,137.0
88,32.0,148.0,52.0,13.0,57.0,12.0,167.0,46.0,4.0,104.0
89,33.0,148.0,47.0,18.0,57.0,12.0,121.0,46.0,1.0,104.0
90,33.0,106.0,47.0,18.0,46.0,13.0,121.0,77.0,1.0,112.0
91,37.0,106.0,38.0,25.0,46.0,13.0,112.0,77.0,2.0,112.0
92,37.0,96.0,38.0,25.0,24.0,14.0,112.0,65.0,2.0,96.0
93,39.0,96.0,47.0,28.0,24.0,14.0,114.0,65.0,1.0,96.0
94,39.0,124.0,47.0,28.0,35.0,13.0,114.0,53.0,1.0,98.0
95,44.0,124.0,52.0,24.0,35.0,13.0,105.0,53.0,1.0,98.0
96,44.0,96.0,52.0,24.0,33.0,11.0,105.0,69.0,1.0,104.0
97,53.0,96.0,51.0,19.0,33.0,11.0,126.0,69.0,4.0,104.0
98,53.0,70.0,51.0,19.0,39.0,7.0,126.0,88.0,4.0,111.0
99,40.0,70.0,60.0,15.0,39.0,7.0,80.0,88.0,4.0,111.0
100,40.0,56.0,60.0,15.0,67.0,4.0,80.0,138.0,4.0,116.0
101,33.0,56.0,60.0,7.0,67.0,4.0,75.0,138.0,2.0,116.0
102,33.0,69.0,60.0,7.0,63.0,3.0,75.0,104.0,2.0,97.0
103,38.0,69.0,60.0,7.0,63.0,3.0,40.0,104.0,3.0,97.0
104,38.0,62.0,60.0,7.0,35.0,1.0,40.0,128.0,3.0,85.0
105,35.0,62.0,67.0,12.0,35.0,1.0,68.0,128.0,4.0,85.0
106,35.0,55.0,67.0,12.0,49.0,1.0,68.0,141.0,4.0,98.0
107,31.0,55.0,81.0,14.0,49.0,1.0,71.0,141.0,3.0,98.0
108,31.0,52.0,81.0,14.0,67.0,1.0,71.0,113.0,3.0,104.0
109,25.0,52.0,88.0,16.0,67.0,1.0,81.0,113.0,1.0,104.0
110,25.0,41.0,88.0,16.0,69.0,1.0,81.0,87.0,1.0,116.0
111,31.0,41.0,79.0,17.0,69.0,1.0,116.0,87.0,1.0,116.0
112,31.0,55.0,79.0,17.0,46.0,2.0,116.0,74.0,1.0,124.0
113,39.0,55.0,82.0,18.0,46.0,2.0,133.0,74.0,3.0,124.0
114,39.0,60.0,82.0,18.0,52.0,3.0,133.0,134.0,3.0,134.0
115,37.0,60.0,82.0,23.0,52.0,3.0,109.0,134.0,4.0,134.0
116,37.0,54.0,82.0,23.0,77.0,1.0,109.0,256.0,4.0,117.0
117,38.0,54.0,91.0,11.0,77.0,1.0,111.0,256.0,3.0,117.0
118,38.0,49.0,91.0,11.0,86.0,1.0,111.0,112.0,3.0,87.0
119,43.0,49.0,69.0,5.0,86.0,1.0,136.0,112.0,2.0,87.0
120,43.0,42.0,69.0,5.0,70.0,1.0,136.0,126.0,2.0,101.0
121,44.0,42.0,68.0,13.0,70.0,1.0,86.0,126.0,2.0,101.0
122,44.0,50.0,68.0,13.0,81.0,1.0,86.0,126.0,2.0,103.0
123,44.0,50.0,89.0,25.0,81.0,1.0,93.0,126.0,3.0,103.0
124,44.0,66.0,89.0,25.0,94.0,2.0,93.0,15.0,3.0,100.0
125,46.0,66.0,129.0,28.0,94.0,2.0,160.0,15.0,5.0,100.0
126,46.0,56.0,129.0,28.0,110.0,2.0,160.0,49.0,5.0,94.0
127,46.0,56.0,134.0,29.0,110.0,2.0,153.0,49.0,6.0,94.0
128,46.0,54.0,134.0,29.0,125.0,0.0,153.0,58.0,6.0,100.0
129,40.0,54.0,139.0,33.0,125.0,0.0,132.0,58.0,3.0,100.0
130,40.0,80.0,139.0,33.0,123.0,1.0,132.0,87.0,3.0,143.0
131,25.0,80.0,143.0,30.0,123.0,1.0,131.0,87.0,1.0,143.0
132,25.0,97.0,143.0,30.0,159.0,3.0,131.0,96.0,1.0,173.0
133,22.0,97.0,191.0,35.0,159.0,3.0,67.0,96.0,2.0,173.0
134,22.0,112.0,191.0,35.0,66.0,8.0,67.0,140.0,2.0,165.0
135,13.0,112.0,220.0,33.0,66.0,8.0,71.0,140.0,4.0,165.0
136,13.0,107.0,220.0,33.0,162.0,9.0,71.0,141.0,4.0,177.0
137,14.0,107.0,177.0,37.0,162.0,9.0,80.0,141.0,9.0,177.0
138,14.0,126.0,177.0,37.0,95.0,8.0,80.0,141.0,9.0,180.0
139,15.0,126.0,214.0,34.0,95.0,8.0,24.0,141.0,16.0,180.0
140,15.0,146.0,214.0,34.0,67.0,5.0,24.0,71.0,16.0,182.0
141,29.0,146.0,269.0,28.0,67.0,5.0,18.0,71.0,24.0,182.0
142,29.0,153.0,269.0,28.0,80.0,7.0,18.0,57.0,24.0,179.0
143,45.0,153.0,176.0,50.0,80.0,7.0,11.0,57.0,22.0,179.0
144,45.0,176.0,176.0,50.0,80.0,5.0,11.0,44.0,22.0,156.0
145,51.0,176.0,176.0,67.0,80.0,5.0,20.0,44.0,28.0,156.0
146,51.0,176.0,176.0,67.0,48.0,5.0,20.0,91.0,28.0,184.0
147,52.0,176.0,234.0,74.0,48.0,5.0,35.0,91.0,36.0,184.0
148,52.0,94.0,234.0,74.0,48.0,8.0,35.0,91.0,36.0,184.0
149,52.0,94.0,234.0,74.0,48.0,8.0,35.0,91.0,36.0,173.0
150,40.0,112.0,758.0,106.0,48.0,8.0,52.0,91.0,0.0,173.0
151,40.0,112.0,758.0,106.0,8.0,5.0,52.0,0.0,0.0,144.0
152,44.0,128.0,127.0,119.0,8.0,5.0,52.0,0.0,0.0,144.0
153,44.0,128.0,127.0,119.0,8.0,5.0,52.0,0.0,0.0,106.0
154,13.0,124.0,104.0,98.0,8.0,5.0,1.0,0.0,0.0,106.0
155,13.0,124.0,104.0,98.0,3.0,4.0,1.0,19.0,0.0,106.0
156,11.0,113.0,116.0,186.0,3.0,4.0,1.0,19.0,0.0,106.0
157,11.0,113.0,116.0,186.0,3.0,8.0,1.0,20.0,0.0,162.0
158,18.0,110.0,129.0,169.0,3.0,8.0,25.0,20.0,3.0,162.0
159,18.0,110.0,129.0,169.0,0.0,8.0,25.0,21.0,3.0,168.0
160,21.0,87.0,172.0,145.0,0.0,8.0,30.0,21.0,3.0,168.0
161,21.0,87.0,172.0,145.0,0.0,3.0,30.0,37.0,3.0,153.0
162,24.0,91.0,203.0,126.0,0.0,3.0,51.0,37.0,0.0,153.0
163,24.0,91.0,203.0,126.0,0.0,5.0,51.0,30.0,0.0,144.0
164,13.0,90.0,247.0,129.0,0.0,5.0,106.0,30.0,0.0,144.0
165,13.0,90.0,247.0,129.0,2.0,8.0,106.0,22.0,0.0,148.0
166,19.0,102.0,300.0,116.0,2.0,8.0,111.0,22.0,0.0,148.0
167,19.0,102.0,300.0,116.0,17.0,14.0,111.0,0.0,0.0,151.0
168,21.0,146.0,347.0,125.0,17.0,14.0,73.0,0.0,2.0,151.0
169,21.0,146.0,347.0,125.0,40.0,32.0,73.0,0.0,2.0,161.0
170,29.0,158.0,438.0,45.0,40.0,32.0,103.0,0.0,1.0,161.0
171,29.0,158.0,438.0,45.0,40.0,34.0,103.0,0.0,1.0,198.0
172,31.0,102.0,183.0,24.0,40.0,34.0,107.0,0.0,7.0,198.0
173,31.0,102.0,183.0,24.0,17.0,30.0,107.0,8.0,7.0,81.0
174,29.0,84.0,312.0,19.0,17.0,30.0,107.0,8.0,18.0,81.0
175,29.0,84.0,312.0,19.0,12.0,12.0,107.0,9.0,18.0,81.0
176,22.0,20.0,272.0,7.0,12.0,12.0,106.0,9.0,11.0,81.0
177,22.0,20.0,272.0,7.0,7.0,6.0,106.0,16.0,11.0,26.0
178,28.0,19.0,153.0,8.0,7.0,6.0,99.0,16.0,5.0,26.0
179,28.0,19.0,153.0,8.0,11.0,7.0,99.0,24.0,5.0,33.0
180,37.0,26.0,109.0,11.0,11.0,7.0,96.0,24.0,5.0,33.0
181,37.0,26.0,109.0,11.0,23.0,5.0,96.0,16.0,5.0,52.0
182,38.0,47.0,136.0,12.0,23.0,5.0,98.0,16.0,4.0,52.0
183,38.0,47.0,136.0,12.0,23.0,4.0,98.0,7.0,4.0,44.0
184,32.0,58.0,112.0,12.0,23.0,4.0,94.0,7.0,5.0,44.0
185,32.0,58.0,112.0,12.0,22.0,8.0,94.0,12.0,5.0,45.0
186,32.0,70.0,101.0,15.0,22.0,8.0,104.0,12.0,7.0,45.0
187,32.0,70.0,101.0,15.0,29.0,8.0,104.0,9.0,7.0,56.0
188,42.0,73.0,92.0,24.0,29.0,8.0,115.0,9.0,4.0,56.0
189,42.0,73.0,92.0,24.0,78.0,7.0,115.0,9.0,4.0,65.0
190,45.0,88.0,107.0,27.0,78.0,7.0,77.0,9.0,4.0,65.0
191,45.0,88.0,107.0,27.0,68.0,6.0,77.0,7.0,4.0,66.0
192,50.0,84.0,118.0,27.0,68.0,6.0,23.0,7.0,4.0,66.0
193,50.0,84.0,118.0,27.0,78.0,7.0,23.0,7.0,4.0,68.0
194,73.0,76.0,137.0,29.0,78.0,7.0,32.0,7.0,5.0,68.0
195,73.0,76.0,137.0,29.0,98.0,8.0,32.0,13.0,5.0,75.0
196,75.0,86.0,130.0,34.0,98.0,8.0,39.0,13.0,6.0,75.0
197,75.0,86.0,130.0,34.0,94.0,8.0,39.0,17.0,6.0,79.0
198,78.0,89.0,95.0,21.0,94.0,8.0,47.0,17.0,8.0,79.0
199,78.0,89.0,95.0,21.0,83.0,7.0,47.0,29.0,8.0,98.0
200,97.0,81.0,97.0,18.0,83.0,7.0,51.0,29.0,8.0,98.0
201,97.0,81.0,97.0,18.0,91.0,7.0,51.0,29.0,8.0,93.0
202,95.0,89.0,121.0,20.0,91.0,7.0,34.0,29.0,5.0,93.0
203,95.0,89.0,121.0,20.0,73.0,12.0,34.0,30.0,5.0,95.0
204,97.0,89.0,140.0,10.0,73.0,12.0,32.0,30.0,6.0,95.0
205,97.0,89.0,140.0,10.0,84.0,13.0,32.0,10.0,6.0,94.0
206,103.0,91.0,138.0,12.0,84.0,13.0,45.0,10.0,9.0,94.0
207,103.0,91.0,138.0,12.0,85.0,8.0,45.0,10.0,9.0,98.0
208,96.0,120.0,147.0,6.0,85.0,8.0,50.0,10.0,9.0,98.0
209,96.0,120.0,147.0,6.0,133.0,10.0,50.0,4.0,9.0,108.0
210,77.0,146.0,144.0,3.0,133.0,10.0,18.0,4.0,4.0,108.0
211,77.0,146.0,144.0,3.0,133.0,6.0,18.0,10.0,4.0,84.0
212,72.0,138.0,154.0,5.0,133.0,6.0,27.0,10.0,4.0,84.0
213,72.0,138.0,154.0,5.0,104.0,3.0,27.0,16.0,4.0,80.0
214,65.0,144.0,100.0,5.0,104.0,3.0,48.0,16.0,4.0,80.0
215,65.0,144.0,100.0,5.0,106.0,9.0,48.0,5.0,4.0,100.0
216,71.0,106.0,110.0,5.0,106.0,9.0,48.0,5.0,2.0,100.0
217,71.0,106.0,110.0,5.0,124.0,7.0,48.0,1.0,2.0,101.0
218,67.0,97.0,162.0,4.0,124.0,7.0,61.0,1.0,3.0,101.0
219,67.0,97.0,162.0,4.0,152.0,9.0,61.0,11.0,3.0,94.0
220,39.0,141.0,204.0,5.0,152.0,9.0,62.0,11.0,5.0,94.0
221,39.0,141.0,204.0,5.0,274.0,11.0,62.0,24.0,5.0,74.0
222,48.0,125.0,227.0,9.0,274.0,11.0,64.0,24.0,5.0,74.0
223,48.0,125.0,227.0,9.0,143.0,4.0,64.0,15.0,5.0,82.0
224,50.0,45.0,244.0,19.0,143.0,4.0,98.0,15.0,3.0,82.0
225,50.0,45.0,244.0,19.0,169.0,5.0,98.0,6.0,3.0,75.0
226,39.0,37.0,229.0,29.0,169.0,5.0,85.0,6.0,3.0,75.0
227,39.0,37.0,229.0,29.0,229.0,7.0,85.0,6.0,3.0,86.0
228,33.0,31.0,268.0,33.0,229.0,7.0,98.0,6.0,5.0,86.0
229,33.0,31.0,268.0,33.0,339.0,13.0,98.0,12.0,5.0,104.0
230,34.0,40.0,393.0,36.0,339.0,13.0,104.0,12.0,5.0,104.0
231,34.0,40.0,393.0,36.0,251.0,12.0,104.0,10.0,5.0,122.0
232,25.0,65.0,316.0,31.0,251.0,12.0,115.0,10.0,4.0,122.0
233,25.0,65.0,316.0,31.0,258.0,11.0,115.0,8.0,4.0,141.0
234,19.0,69.0,247.0,38.0,258.0,11.0,152.0,8.0,6.0,141.0
235,19.0,69.0,247.0,38.0,102.0,6.0,152.0,0.0,6.0,140.0
236,15.0,61.0,278.0,46.0,102.0,6.0,185.0,0.0,8.0,140.0
237,15.0,61.0,278.0,46.0,102.0,5.0,185.0,0.0,8.0,161.0
238,24.0,72.0,204.0,47.0,102.0,5.0,280.0,0.0,4.0,161.0
239,24.0,72.0,204.0,47.0,0.0,6.0,280.0,9.0,4.0,190.0
240,34.0,73.0,239.0,97.0,0.0,6.0,134.0,9.0,4.0,190.0
241,34.0,73.0,239.0,97.0,2.0,4.0,134.0,9.0,4.0,159.0
242,43.0,57.0,318.0,260.0,2.0,4.0,141.0,9.0,3.0,159.0
243,43.0,57.0,318.0,260.0,8.0,4.0,141.0,0.0,3.0,134.0
244,41.0,26.0,328.0,128.0,8.0,4.0,140.0,0.0,2.0,134.0
245,41.0,26.0,328.0,128.0,8.0,5.0,140.0,10.0,2.0,129.0
246,61.0,22.0,341.0,137.0,8.0,5.0,168.0,10.0,1.0,129.0
247,61.0,22.0,341.0,137.0,10.0,6.0,168.0,10.0,1.0,156.0
248,55.0,25.0,302.0,162.0,10.0,6.0,138.0,10.0,1.0,156.0
249,55.0,25.0,302.0,162.0,12.0,6.0,138.0,0.0,1.0,100.0
250,50.0,27.0,370.0,164.0,12.0,6.0,155.0,0.0,0.0,100.0
251,50.0,27.0,370.0,164.0,15.0,0.0,155.0,0.0,0.0,103.0
252,45.0,42.0,391.0,168.0,15.0,0.0,96.0,0.0,0.0,103.0
253,45.0,42.0,391.0,168.0,13.0,1.0,96.0,0.0,0.0,99.0
254,55.0,108.0,655.0,184.0,13.0,1.0,28.0,0.0,1.0,99.0
255,55.0,108.0,655.0,184.0,12.0,6.0,28.0,0.0,1.0,59.0
256,37.0,99.0,971.0,183.0,12.0,6.0,11.0,0.0,1.0,59.0
257,37.0,99.0,971.0,183.0,10.0,6.0,11.0,0.0,1.0,81.0
258,8.0,88.0,539.0,129.0,10.0,6.0,22.0,0.0,1.0,81.0
259,8.0,88.0,539.0,129.0,30.0,3.0,22.0,0.0,1.0,67.0
260,12.0,65.0,401.0,81.0,30.0,3.0,41.0,0.0,2.0,67.0
261,12.0,65.0,401.0,81.0,30.0,3.0,41.0,0.0,2.0,101.0
262,16.0,8.0,347.0,96.0,30.0,3.0,63.0,0.0,0.0,101.0
263,16.0,8.0,347.0,96.0,23.0,3.0,63.0,0.0,0.0,91.0
264,9.0,11.0,436.0,20.0,23.0,3.0,70.0,0.0,0.0,91.0
265,9.0,11.0,436.0,20.0,31.0,10.0,70.0,8.0,0.0,122.0
266,9.0,10.0,436.0,27.0,31.0,10.0,90.0,8.0,10.0,122.0
267,9.0,10.0,436.0,27.0,40.0,15.0,90.0,8.0,10.0,122.0
268,7.0,12.0,445.0,23.0,40.0,15.0,106.0,8.0,10.0,122.0
269,7.0,12.0,445.0,23.0,24.0,5.0,106.0,11.0,10.0,76.0
270,11.0,24.0,370.0,9.0,24.0,5.0,114.0,11.0,1.0,76.0
271,11.0,24.0,370.0,9.0,24.0,3.0,114.0,11.0,1.0,76.0
272,11.0,24.0,370.0,9.0,18.0,3.0,114.0,15.0,1.0,66.0
273,19.0,14.0,382.0,3.0,18.0,3.0,161.0,15.0,6.0,66.0
274,19.0,14.0,382.0,3.0,28.0,3.0,161.0,19.0,6.0,51.0
275,28.0,14.0,428.0,8.0,28.0,3.0,202.0,19.0,7.0,51.0
276,28.0,14.0,428.0,8.0,29.0,3.0,202.0,0.0,7.0,58.0
277,45.0,29.0,421.0,7.0,29.0,3.0,218.0,0.0,13.0,58.0
278,45.0,29.0,421.0,7.0,16.0,3.0,218.0,0.0,13.0,54.0
279,40.0,26.0,187.0,5.0,16.0,3.0,161.0,0.0,15.0,54.0
280,40.0,26.0,187.0,5.0,16.0,3.0,161.0,0.0,15.0,54.0
281,40.0,26.0,187.0,5.0,17.0,3.0,161.0,18.0,15.0,58.0
282,33.0,30.0,231.0,10.0,24.0,2.0,143.0,14.0,14.0,60.0
283,31.0,27.0,231.0,16.0,24.0,2.0,169.0,14.0,2.0,60.0
284,31.0,27.0,231.0,16.0,28.0,2.0,169.0,11.0,2.0,69.0
285,37.0,16.0,303.0,24.0,28.0,6.0,149.0,11.0,3.0,69.0
286,37.0,16.0,303.0,24.0,43.0,6.0,149.0,14.0,3.0,91.0
287,49.0,15.0,282.0,32.0,43.0,8.0,125.0,14.0,3.0,91.0
288,49.0,15.0,282.0,32.0,54.0,8.0,125.0,22.0,3.0,106.0
289,57.0,23.0,146.0,38.0,54.0,6.0,118.0,22.0,3.0,106.0
290,57.0,23.0,146.0,38.0,26.0,6.0,118.0,30.0,3.0,114.0
291,63.0,21.0,99.0,46.0,26.0,3.0,139.0,30.0,3.0,114.0
292,63.0,21.0,99.0,46.0,30.0,3.0,139.0,46.0,3.0,119.0
293,60.0,19.0,104.0,53.0,30.0,2.0,226.0,46.0,4.0,119.0
294,60.0,19.0,104.0,53.0,23.0,2.0,226.0,46.0,4.0,122.0
295,68.0,18.0,122.0,56.0,23.0,5.0,194.0,46.0,4.0,122.0
296,68.0,18.0,122.0,56.0,35.0,5.0,194.0,0.0,4.0,115.0
297,67.0,16.0,175.0,48.0,35.0,5.0,170.0,0.0,4.0,115.0
298,67.0,16.0,175.0,48.0,70.0,5.0,170.0,16.0,4.0,134.0
299,74.0,18.0,200.0,32.0,70.0,4.0,155.0,16.0,4.0,134.0
300,74.0,18.0,200.0,32.0,30.0,4.0,155.0,27.0,4.0,175.0
301,67.0,24.0,161.0,37.0,30.0,3.0,167.0,27.0,6.0,175.0
302,67.0,24.0,161.0,37.0,42.0,3.0,167.0,27.0,6.0,97.0
303,81.0,17.0,147.0,65.0,42.0,6.0,198.0,27.0,11.0,97.0
304,81.0,17.0,147.0,65.0,59.0,6.0,198.0,0.0,11.0,109.0
305,93.0,9.0,140.0,71.0,59.0,8.0,219.0,0.0,4.0,109.0
306,93.0,9.0,140.0,71.0,52.0,8.0,219.0,1.0,4.0,128.0
307,81.0,10.0,156.0,66.0,52.0,3.0,299.0,1.0,2.0,128.0
308,81.0,10.0,156.0,66.0,42.0,3.0,299.0,6.0,2.0,124.0
309,72.0,14.0,174.0,60.0,42.0,5.0,325.0,6.0,2.0,124.0
310,72.0,14.0,174.0,60.0,53.0,5.0,325.0,31.0,2.0,126.0
311,75.0,19.0,188.0,59.0,53.0,9.0,264.0,31.0,4.0,126.0
312,75.0,19.0,188.0,59.0,73.0,9.0,264.0,39.0,4.0,147.0
313,78.0,19.0,174.0,77.0,73.0,10.0,356.0,39.0,3.0,147.0
314,78.0,19.0,174.0,77.0,89.0,10.0,356.0,39.0,3.0,133.0
315,89.0,16.0,202.0,75.0,89.0,8.0,316.0,39.0,3.0,133.0
316,89.0,16.0,202.0,75.0,64.0,8.0,316.0,31.0,3.0,127.0
317,77.0,16.0,232.0,68.0,64.0,8.0,267.0,31.0,5.0,127.0
318,77.0,16.0,232.0,68.0,43.0,8.0,267.0,54.0,5.0,140.0
319,89.0,26.0,220.0,56.0,43.0,6.0,272.0,54.0,6.0,140.0
320,89.0,26.0,220.0,56.0,51.0,6.0,272.0,54.0,6.0,128.0
321,89.0,27.0,270.0,63.0,51.0,5.0,239.0,54.0,4.0,128.0
322,89.0,27.0,270.0,63.0,65.0,5.0,239.0,25.0,4.0,152.0
323,88.0,24.0,258.0,74.0,65.0,5.0,274.0,25.0,2.0,152.0
324,88.0,24.0,258.0,74.0,79.0,5.0,274.0,25.0,2.0,226.0
325,69.0,22.0,245.0,40.0,79.0,6.0,316.0,25.0,1.0,226.0
326,69.0,22.0,245.0,40.0,73.0,6.0,316.0,18.0,1.0,176.0
327,52.0,30.0,286.0,29.0,73.0,7.0,308.0,18.0,1.0,176.0
328,52.0,30.0,286.0,29.0,76.0,7.0,308.0,34.0,1.0,179.0
329,72.0,41.0,374.0,29.0,76.0,7.0,342.0,34.0,2.0,179.0
330,72.0,41.0,374.0,29.0,95.0,7.0,342.0,55.0,2.0,197.0
331,59.0,63.0,351.0,13.0,95.0,3.0,146.0,55.0,2.0,197.0
332,59.0,63.0,351.0,13.0,95.0,3.0,146.0,58.0,2.0,168.0
333,34.0,91.0,344.0,11.0,95.0,2.0,116.0,58.0,2.0,168.0
334,34.0,91.0,344.0,11.0,8.0,2.0,116.0,79.0,2.0,179.0
335,28.0,97.0,488.0,16.0,8.0,0.0,116.0,79.0,2.0,179.0
336,28.0,97.0,488.0,16.0,8.0,0.0,116.0,76.0,2.0,166.0
337,24.0,106.0,452.0,29.0,8.0,0.0,103.0,76.0,2.0,166.0
338,24.0,106.0,452.0,29.0,4.0,0.0,103.0,114.0,2.0,134.0
339,19.0,129.0,314.0,48.0,4.0,5.0,103.0,114.0,2.0,134.0
340,19.0,129.0,314.0,48.0,4.0,5.0,103.0,114.0,2.0,140.0
341,18.0,187.0,410.0,55.0,4.0,5.0,221.0,114.0,0.0,140.0
342,18.0,187.0,410.0,55.0,0.0,5.0,221.0,97.0,0.0,169.0
343,30.0,170.0,163.0,53.0,0.0,4.0,236.0,97.0,1.0,169.0
344,30.0,170.0,163.0,53.0,5.0,4.0,236.0,123.0,1.0,186.0
345,51.0,90.0,189.0,72.0,5.0,5.0,215.0,123.0,1.0,186.0
346,51.0,90.0,189.0,72.0,9.0,5.0,215.0,81.0,1.0,162.0
347,73.0,116.0,204.0,82.0,9.0,10.0,418.0,81.0,1.0,162.0
348,73.0,116.0,204.0,82.0,20.0,10.0,418.0,40.0,1.0,181.0
349,72.0,128.0,222.0,69.0,20.0,6.0,230.0,40.0,1.0,181.0
350,72.0,128.0,222.0,69.0,20.0,6.0,230.0,0.0,1.0,165.0
351,67.0,109.0,231.0,64.0,20.0,6.0,245.0,0.0,7.0,165.0
352,67.0,109.0,231.0,64.0,12.0,6.0,245.0,0.0,7.0,140.0
353,78.0,116.0,448.0,92.0,12.0,9.0,102.0,0.0,7.0,140.0
354,78.0,116.0,448.0,92.0,17.0,9.0,102.0,0.0,7.0,133.0
355,93.0,148.0,276.0,71.0,17.0,7.0,115.0,0.0,1.0,133.0
356,93.0,148.0,276.0,71.0,18.0,7.0,115.0,0.0,1.0,247.0
357,92.0,164.0,211.0,81.0,18.0,6.0,141.0,0.0,5.0,247.0
358,92.0,164.0,211.0,81.0,19.0,6.0,141.0,0.0,5.0,265.0
359,75.0,164.0,133.0,46.0,19.0,9.0,574.0,0.0,11.0,265.0
360,75.0,164.0,133.0,46.0,15.0,9.0,574.0,0.0,11.0,305.0
361,61.0,86.0,131.0,36.0,15.0,12.0,300.0,0.0,13.0,305.0
362,61.0,86.0,131.0,36.0,17.0,12.0,300.0,0.0,13.0,247.0
363,28.0,81.0,139.0,28.0,17.0,14.0,145.0,0.0,6.0,247.0
364,28.0,81.0,139.0,28.0,34.0,14.0,145.0,0.0,6.0,243.0
365,19.0,75.0,220.0,16.0,34.0,0.0,128.0,0.0,11.0,243.0
366,19.0,75.0,220.0,16.0,30.0,0.0,128.0,10.0,11.0,214.0
367,18.0,16.0,183.0,5.0,30.0,2.0,155.0,10.0,14.0,214.0
368,18.0,16.0,183.0,5.0,35.0,2.0,155.0,25.0,14.0,206.0
369,25.0,44.0,172.0,14.0,35.0,2.0,170.0,25.0,21.0,206.0
370,25.0,44.0,172.0,14.0,0.0,2.0,170.0,25.0,21.0,179.0
371,37.0,59.0,118.0,12.0,0.0,3.0,171.0,25.0,0.0,179.0
372,37.0,59.0,118.0,12.0,8.0,3.0,171.0,27.0,0.0,106.0
373,42.0,62.0,114.0,17.0,8.0,3.0,149.0,27.0,5.0,106.0
374,42.0,62.0,114.0,17.0,17.0,3.0,149.0,27.0,5.0,88.0
375,47.0,99.0,127.0,19.0,17.0,1.0,146.0,27.0,4.0,88.0
376,47.0,99.0,127.0,19.0,23.0,1.0,146.0,0.0,4.0,87.0
377,57.0,92.0,131.0,23.0,23.0,0.0,163.0,0.0,2.0,87.0
378,57.0,92.0,131.0,23.0,23.0,0.0,163.0,2.0,2.0,60.0
379,63.0,84.0,221.0,38.0,23.0,1.0,150.0,2.0,2.0,60.0
380,63.0,84.0,221.0,38.0,19.0,1.0,150.0,11.0,2.0,47.0
381,55.0,77.0,149.0,46.0,19.0,1.0,138.0,11.0,4.0,47.0
382,55.0,77.0,149.0,46.0,9.0,1.0,138.0,30.0,4.0,50.0
383,51.0,89.0,86.0,45.0,9.0,1.0,168.0,30.0,4.0,50.0
384,51.0,89.0,86.0,45.0,16.0,1.0,168.0,28.0,4.0,65.0
385,62.0,87.0,85.0,54.0,16.0,0.0,204.0,28.0,4.0,65.0
386,62.0,87.0,85.0,54.0,23.0,0.0,204.0,18.0,4.0,87.0
387,68.0,57.0,70.0,60.0,23.0,1.0,132.0,18.0,4.0,87.0
388,68.0,57.0,70.0,60.0,31.0,1.0,132.0,14.0,4.0,105.0
389,82.0,42.0,59.0,51.0,31.0,2.0,139.0,14.0,5.0,105.0
390,82.0,42.0,59.0,51.0,35.0,2.0,139.0,0.0,5.0,101.0
391,95.0,27.0,33.0,34.0,35.0,3.0,156.0,0.0,4.0,101.0
392,95.0,27.0,33.0,34.0,48.0,3.0,156.0,9.0,4.0,94.0
393,97.0,17.0,33.0,30.0,48.0,3.0,147.0,9.0,3.0,94.0
394,97.0,17.0,33.0,30.0,67.0,3.0,147.0,9.0,3.0,104.0
395,90.0,12.0,37.0,12.0,67.0,5.0,109.0,9.0,6.0,104.0
396,90.0,12.0,37.0,12.0,67.0,5.0,109.0,9.0,6.0,104.0
397,90.0,12.0,37.0,12.0,70.0,5.0,109.0,11.0,6.0,116.0
398,59.0,7.0,73.0,14.0,91.0,6.0,139.0,16.0,7.0,119.0
399,46.0,8.0,84.0,21.0,91.0,5.0,147.0,16.0,6.0,119.0
400,46.0,8.0,84.0,21.0,103.0,5.0,147.0,16.0,6.0,102.0
401,30.0,10.0,85.0,21.0,103.0,4.0,181.0,16.0,6.0,102.0
402,30.0,10.0,85.0,21.0,134.0,4.0,181.0,13.0,6.0,115.0
403,20.0,14.0,105.0,21.0,134.0,4.0,176.0,13.0,6.0,115.0
404,20.0,14.0,105.0,21.0,141.0,4.0,176.0,42.0,6.0,161.0
405,13.0,14.0,108.0,19.0,141.0,5.0,128.0,42.0,9.0,161.0
406,13.0,14.0,108.0,19.0,130.0,5.0,128.0,0.0,9.0,148.0
407,11.0,13.0,96.0,10.0,130.0,7.0,5.0,0.0,12.0,148.0
408,11.0,13.0,96.0,10.0,96.0,7.0,5.0,8.0,12.0,163.0
409,10.0,15.0,150.0,5.0,96.0,8.0,10.0,8.0,9.0,163.0
410,10.0,15.0,150.0,5.0,103.0,8.0,10.0,23.0,9.0,179.0
411,15.0,15.0,184.0,5.0,103.0,4.0,17.0,23.0,6.0,179.0
412,15.0,15.0,184.0,5.0,108.0,4.0,17.0,23.0,6.0,218.0
413,24.0,15.0,191.0,5.0,108.0,6.0,17.0,23.0,5.0,218.0
414,24.0,15.0,191.0,5.0,124.0,6.0,17.0,14.0,5.0,213.0
415,39.0,14.0,243.0,8.0,124.0,5.0,24.0,14.0,4.0,213.0
416,39.0,14.0,243.0,8.0,100.0,5.0,24.0,20.0,4.0,201.0
417,48.0,18.0,297.0,12.0,100.0,3.0,20.0,20.0,4.0,201.0
418,48.0,18.0,297.0,12.0,63.0,3.0,20.0,20.0,4.0,207.0
419,55.0,27.0,253.0,14.0,63.0,9.0,15.0,20.0,4.0,207.0
420,55.0,27.0,253.0,14.0,51.0,9.0,15.0,12.0,4.0,220.0
421,61.0,24.0,269.0,12.0,51.0,10.0,17.0,12.0,2.0,220.0
422,61.0,24.0,269.0,12.0,18.0,10.0,17.0,12.0,2.0,186.0
423,67.0,19.0,275.0,10.0,18.0,6.0,17.0,12.0,1.0,186.0
424,67.0,19.0,275.0,10.0,0.0,6.0,17.0,15.0,1.0,176.0
425,69.0,37.0,243.0,15.0,0.0,2.0,19.0,15.0,2.0,176.0
426,69.0,37.0,243.0,15.0,0.0,2.0,19.0,15.0,2.0,151.0
427,68.0,71.0,203.0,22.0,0.0,2.0,16.0,15.0,3.0,151.0
428,68.0,71.0,203.0,22.0,0.0,2.0,16.0,15.0,3.0,142.0
429,63.0,132.0,248.0,22.0,0.0,7.0,15.0,15.0,2.0,142.0
430,63.0,132.0,248.0,22.0,0.0,7.0,15.0,18.0,2.0,141.0
431,88.0,58.0,296.0,31.0,0.0,7.0,15.0,18.0,4.0,141.0
432,88.0,58.0,296.0,31.0,5.0,7.0,15.0,25.0,4.0,173.0
433,74.0,67.0,274.0,90.0,5.0,9.0,18.0,25.0,5.0,173.0
434,74.0,67.0,274.0,90.0,6.0,9.0,18.0,26.0,5.0,186.0
435,17.0,76.0,318.0,93.0,6.0,8.0,23.0,26.0,2.0,186.0
436,17.0,76.0,318.0,93.0,20.0,8.0,23.0,13.0,2.0,198.0
437,23.0,71.0,348.0,89.0,20.0,5.0,19.0,13.0,3.0,198.0
438,23.0,71.0,348.0,89.0,20.0,5.0,19.0,13.0,3.0,253.0
439,33.0,75.0,345.0,118.0,20.0,6.0,13.0,13.0,4.0,253.0
440,33.0,75.0,345.0,118.0,0.0,6.0,13.0,0.0,4.0,272.0
441,61.0,54.0,377.0,136.0,0.0,4.0,28.0,0.0,0.0,272.0
442,61.0,54.0,377.0,136.0,0.0,4.0,28.0,0.0,0.0,273.0
443,86.0,54.0,328.0,144.0,0.0,5.0,22.0,0.0,0.0,273.0
444,86.0,54.0,328.0,144.0,0.0,5.0,22.0,0.0,0.0,281.0
445,91.0,0.0,268.0,102.0,0.0,12.0,19.0,0.0,5.0,281.0
446,91.0,0.0,268.0,102.0,0.0,12.0,19.0,0.0,5.0,311.0
447,97.0,0.0,287.0,68.0,0.0,10.0,12.0,0.0,5.0,311.0
448,97.0,0.0,287.0,68.0,16.0,10.0,12.0,0.0,5.0,282.0
449,131.0,11.0,401.0,56.0,16.0,3.0,19.0,0.0,8.0,282.0
450,131.0,11.0,401.0,56.0,16.0,3.0,19.0,0.0,8.0,263.0
451,165.0,17.0,444.0,20.0,16.0,2.0,19.0,0.0,7.0,263.0
452,165.0,17.0,444.0,20.0,0.0,2.0,19.0,0.0,7.0,266.0
453,139.0,41.0,541.0,38.0,0.0,4.0,21.0,0.0,3.0,266.0
454,139.0,41.0,541.0,38.0,17.0,4.0,21.0,0.0,3.0,240.0
455,111.0,83.0,542.0,43.0,17.0,12.0,21.0,0.0,3.0,240.0
456,111.0,83.0,542.0,43.0,20.0,12.0,21.0,0.0,3.0,197.0
457,85.0,86.0,565.0,55.0,20.0,31.0,13.0,0.0,0.0,197.0
458,85.0,86.0,565.0,55.0,22.0,31.0,13.0,0.0,0.0,153.0
459,144.0,56.0,358.0,52.0,22.0,14.0,25.0,0.0,8.0,153.0
460,144.0,56.0,358.0,52.0,55.0,14.0,25.0,0.0,8.0,136.0
461,141.0,56.0,429.0,32.0,55.0,4.0,49.0,0.0,8.0,136.0
462,141.0,56.0,429.0,32.0,38.0,4.0,49.0,6.0,8.0,73.0
463,55.0,0.0,530.0,28.0,38.0,3.0,64.0,6.0,0.0,73.0
464,55.0,0.0,530.0,28.0,38.0,3.0,64.0,6.0,0.0,80.0
465,56.0,7.0,479.0,24.0,38.0,5.0,53.0,6.0,4.0,80.0
466,56.0,7.0,479.0,24.0,31.0,5.0,53.0,6.0,4.0,36.0
467,68.0,16.0,475.0,6.0,31.0,6.0,28.0,6.0,5.0,36.0
468,68.0,16.0,475.0,6.0,31.0,6.0,28.0,0.0,5.0,36.0
469,49.0,19.0,611.0,9.0,31.0,1.0,25.0,0.0,6.0,36.0
470,49.0,19.0,611.0,9.0,30.0,1.0,25.0,0.0,6.0,57.0
471,37.0,18.0,378.0,17.0,30.0,3.0,43.0,0.0,2.0,57.0
472,37.0,18.0,378.0,17.0,28.0,3.0,43.0,0.0,2.0,59.0
473,19.0,10.0,196.0,22.0,28.0,6.0,41.0,0.0,2.0,59.0
474,19.0,10.0,196.0,22.0,32.0,6.0,41.0,5.0,2.0,35.0
475,17.0,9.0,118.0,30.0,32.0,5.0,37.0,5.0,2.0,35.0
476,17.0,9.0,118.0,30.0,37.0,5.0,37.0,5.0,2.0,30.0
477,21.0,20.0,54.0,39.0,37.0,4.0,55.0,5.0,1.0,30.0
478,21.0,20.0,54.0,39.0,29.0,4.0,55.0,0.0,1.0,33.0
479,25.0,45.0,60.0,44.0,29.0,5.0,96.0,0.0,1.0,33.0
480,25.0,45.0,60.0,44.0,28.0,5.0,96.0,0.0,1.0,35.0
481,22.0,66.0,64.0,52.0,28.0,7.0,85.0,0.0,0.0,35.0
482,22.0,66.0,64.0,52.0,16.0,7.0,85.0,0.0,0.0,46.0
483,21.0,69.0,57.0,67.0,16.0,9.0,63.0,0.0,3.0,46.0
484,21.0,69.0,57.0,67.0,15.0,9.0,63.0,3.0,3.0,58.0
485,16.0,67.0,73.0,101.0,15.0,8.0,75.0,3.0,3.0,58.0
486,16.0,67.0,73.0,101.0,26.0,8.0,75.0,2.0,3.0,77.0
487,24.0,79.0,31.0,81.0,26.0,6.0,98.0,2.0,2.0,77.0
488,24.0,79.0,31.0,81.0,31.0,6.0,98.0,1.0,2.0,80.0
489,25.0,93.0,13.0,79.0,31.0,1.0,111.0,1.0,2.0,80.0
490,25.0,93.0,13.0,79.0,33.0,1.0,111.0,12.0,2.0,87.0
491,22.0,92.0,24.0,52.0,33.0,1.0,126.0,12.0,2.0,87.0
492,22.0,92.0,24.0,52.0,31.0,1.0,126.0,9.0,2.0,97.0
493,16.0,86.0,40.0,23.0,31.0,2.0,164.0,9.0,7.0,97.0
494,16.0,86.0,40.0,23.0,23.0,2.0,164.0,4.0,7.0,96.0
495,13.0,80.0,65.0,11.0,23.0,3.0,183.0,4.0,5.0,96.0
496,13.0,80.0,65.0,11.0,37.0,3.0,183.0,15.0,5.0,107.0
497,17.0,79.0,74.0,9.0,37.0,2.0,221.0,15.0,3.0,107.0
498,17.0,79.0,74.0,9.0,48.0,2.0,221.0,21.0,3.0,101.0
499,24.0,58.0,82.0,11.0,48.0,2.0,164.0,21.0,2.0,101.0
500,24.0,58.0,82.0,11.0,54.0,2.0,164.0,2.0,2.0,88.0
501,19.0,33.0,89.0,14.0,54.0,6.0,117.0,2.0,2.0,88.0
502,19.0,33.0,89.0,14.0,71.0,6.0,117.0,17.0,2.0,88.0
503,11.0,40.0,91.0,22.0,71.0,8.0,121.0,17.0,3.0,88.0
504,11.0,40.0,91.0,22.0,90.0,8.0,121.0,18.0,3.0,106.0
505,13.0,56.0,122.0,22.0,90.0,3.0,123.0,18.0,3.0,106.0
506,13.0,56.0,122.0,22.0,107.0,3.0,123.0,19.0,3.0,108.0
507,21.0,82.0,149.0,29.0,107.0,4.0,43.0,19.0,3.0,108.0
508,21.0,82.0,149.0,29.0,97.0,4.0,43.0,33.0,3.0,102.0
509,19.0,59.0,172.0,41.0,97.0,5.0,68.0,33.0,3.0,102.0
510,19.0,59.0,172.0,41.0,76.0,5.0,68.0,69.0,3.0,84.0
511,18.0,75.0,150.0,52.0,76.0,8.0,80.0,69.0,6.0,84.0
512,18.0,75.0,150.0,52.0,80.0,8.0,80.0,104.0,6.0,77.0
513,22.0,78.0,171.0,50.0,80.0,10.0,75.0,104.0,1.0,77.0
514,22.0,78.0,171.0,50.0,39.0,10.0,75.0,112.0,1.0,41.0
515,24.0,82.0,202.0,51.0,39.0,13.0,53.0,112.0,4.0,41.0
516,24.0,82.0,202.0,51.0,41.0,13.0,53.0,112.0,4.0,38.0
517,22.0,115.0,247.0,66.0,41.0,15.0,58.0,112.0,3.0,38.0
518,22.0,115.0,247.0,66.0,53.0,15.0,58.0,66.0,3.0,45.0
519,13.0,134.0,244.0,89.0,53.0,15.0,83.0,66.0,5.0,45.0
520,13.0,134.0,244.0,89.0,66.0,15.0,83.0,71.0,5.0,51.0
521,14.0,173.0,181.0,82.0,66.0,15.0,105.0,71.0,7.0,51.0
522,14.0,173.0,181.0,82.0,71.0,15.0,105.0,70.0,7.0,55.0
523,24.0,93.0,187.0,81.0,71.0,14.0,136.0,70.0,6.0,55.0
524,24.0,93.0,187.0,81.0,92.0,14.0,136.0,67.0,6.0,88.0
525,24.0,96.0,307.0,100.0,92.0,22.0,127.0,67.0,5.0,88.0
526,24.0,96.0,307.0,100.0,87.0,22.0,127.0,57.0,5.0,81.0
527,36.0,147.0,344.0,131.0,87.0,25.0,162.0,57.0,6.0,81.0
528,36.0,147.0,344.0,131.0,38.0,25.0,162.0,41.0,6.0,81.0
529,51.0,173.0,280.0,95.0,38.0,30.0,152.0,41.0,8.0,81.0
530,51.0,173.0,280.0,95.0,38.0,30.0,152.0,103.0,8.0,71.0
531,63.0,177.0,278.0,107.0,38.0,13.0,125.0,103.0,11.0,71.0
532,63.0,177.0,278.0,107.0,38.0,13.0,125.0,85.0,11.0,78.0
533,64.0,156.0,303.0,119.0,38.0,10.0,129.0,85.0,10.0,78.0
534,64.0,156.0,303.0,119.0,0.0,10.0,129.0,61.0,10.0,74.0
535,75.0,142.0,321.0,108.0,0.0,5.0,31.0,61.0,7.0,74.0
536,75.0,142.0,321.0,108.0,8.0,5.0,31.0,43.0,7.0,28.0
537,112.0,166.0,373.0,86.0,8.0,4.0,20.0,43.0,3.0,28.0
538,112.0,166.0,373.0,86.0,14.0,4.0,20.0,11.0,3.0,12.0
539,204.0,166.0,505.0,107.0,14.0,12.0,27.0,11.0,5.0,12.0
540,204.0,166.0,505.0,107.0,14.0,12.0,27.0,6.0,5.0,22.0
541,133.0,187.0,345.0,107.0,14.0,12.0,34.0,6.0,3.0,22.0
542,133.0,187.0,345.0,107.0,0.0,12.0,34.0,0.0,3.0,23.0
543,113.0,334.0,522.0,114.0,0.0,3.0,42.0,0.0,3.0,23.0
544,113.0,334.0,522.0,114.0,0.0,3.0,42.0,0.0,3.0,24.0
545,61.0,337.0,449.0,140.0,0.0,7.0,0.0,0.0,1.0,24.0
546,61.0,337.0,449.0,140.0,0.0,7.0,0.0,0.0,1.0,43.0
547,28.0,246.0,362.0,155.0,0.0,5.0,0.0,0.0,1.0,43.0
548,28.0,246.0,362.0,155.0,0.0,5.0,0.0,0.0,1.0,60.0
549,44.0,244.0,391.0,150.0,0.0,2.0,0.0,0.0,3.0,60.0
550,44.0,244.0,391.0,150.0,9.0,2.0,0.0,21.0,3.0,56.0
551,61.0,212.0,345.0,221.0,9.0,13.0,21.0,21.0,2.0,56.0
552,61.0,212.0,345.0,221.0,32.0,13.0,21.0,38.0,2.0,60.0
553,77.0,353.0,417.0,282.0,32.0,22.0,21.0,38.0,0.0,60.0
554,77.0,353.0,417.0,282.0,47.0,22.0,21.0,38.0,0.0,80.0
555,27.0,332.0,444.0,252.0,47.0,31.0,51.0,38.0,2.0,80.0
556,27.0,332.0,444.0,252.0,74.0,31.0,51.0,0.0,2.0,106.0
557,35.0,188.0,455.0,338.0,74.0,0.0,71.0,0.0,2.0,106.0
558,35.0,188.0,455.0,338.0,35.0,0.0,71.0,4.0,2.0,120.0
559,61.0,99.0,708.0,10.0,35.0,2.0,49.0,4.0,7.0,120.0
560,61.0,99.0,708.0,10.0,35.0,2.0,49.0,13.0,7.0,101.0
561,33.0,69.0,638.0,13.0,35.0,2.0,27.0,13.0,6.0,101.0
562,33.0,69.0,638.0,13.0,0.0,2.0,27.0,13.0,6.0,56.0
563,23.0,60.0,534.0,22.0,0.0,4.0,17.0,13.0,6.0,56.0
564,23.0,60.0,534.0,22.0,0.0,4.0,17.0,0.0,6.0,41.0
565,24.0,45.0,349.0,20.0,0.0,3.0,11.0,0.0,4.0,41.0
566,24.0,45.0,349.0,20.0,10.0,3.0,11.0,17.0,4.0,30.0
567,29.0,142.0,308.0,23.0,10.0,0.0,17.0,17.0,2.0,30.0
568,29.0,142.0,308.0,23.0,10.0,0.0,17.0,17.0,2.0,25.0
569,35.0,109.0,360.0,22.0,10.0,6.0,21.0,17.0,3.0,25.0
570,35.0,109.0,360.0,22.0,17.0,6.0,21.0,27.0,3.0,26.0
571,24.0,61.0,179.0,27.0,17.0,7.0,24.0,27.0,3.0,26.0
572,24.0,61.0,179.0,27.0,22.0,7.0,24.0,31.0,3.0,31.0
573,19.0,50.0,81.0,39.0,22.0,9.0,25.0,31.0,2.0,31.0
574,19.0,50.0,81.0,39.0,14.0,9.0,25.0,37.0,2.0,36.0
575,25.0,43.0,59.0,43.0,14.0,6.0,31.0,37.0,2.0,36.0
576,25.0,43.0,59.0,43.0,15.0,6.0,31.0,68.0,2.0,37.0
577,37.0,62.0,62.0,45.0,15.0,3.0,41.0,68.0,4.0,37.0
578,37.0,62.0,62.0,45.0,21.0,3.0,41.0,68.0,4.0,40.0
579,42.0,68.0,62.0,53.0,21.0,2.0,33.0,68.0,4.0,40.0
580,42.0,68.0,62.0,53.0,20.0,2.0,33.0,19.0,4.0,48.0
581,40.0,75.0,57.0,67.0,20.0,1.0,32.0,19.0,3.0,48.0
582,40.0,75.0,57.0,67.0,20.0,1.0,32.0,51.0,3.0,59.0
583,35.0,94.0,60.0,64.0,20.0,1.0,28.0,51.0,2.0,59.0
584,35.0,94.0,60.0,64.0,17.0,1.0,28.0,61.0,2.0,82.0
585,32.0,133.0,63.0,53.0,17.0,2.0,32.0,61.0,4.0,82.0
586,32.0,133.0,63.0,53.0,14.0,2.0,32.0,62.0,4.0,92.0
587,29.0,108.0,62.0,37.0,14.0,3.0,47.0,62.0,5.0,92.0
588,29.0,108.0,62.0,37.0,27.0,3.0,47.0,44.0,5.0,105.0
589,26.0,107.0,74.0,32.0,27.0,3.0,43.0,44.0,4.0,105.0
590,26.0,107.0,74.0,32.0,25.0,3.0,43.0,36.0,4.0,119.0
591,28.0,97.0,49.0,36.0,25.0,2.0,33.0,36.0,5.0,119.0
592,28.0,97.0,49.0,36.0,24.0,2.0,33.0,67.0,5.0,129.0
593,33.0,109.0,59.0,20.0,24.0,7.0,45.0,67.0,6.0,129.0
594,33.0,109.0,59.0,20.0,35.0,7.0,45.0,84.0,6.0,117.0
595,31.0,108.0,77.0,14.0,35.0,7.0,51.0,84.0,7.0,117.0
596,31.0,108.0,77.0,14.0,28.0,7.0,51.0,63.0,7.0,111.0
597,35.0,122.0,89.0,8.0,28.0,4.0,56.0,63.0,3.0,111.0
598,35.0,122.0,89.0,8.0,7.0,4.0,56.0,55.0,3.0,138.0
599,49.0,117.0,103.0,6.0,7.0,4.0,60.0,55.0,2.0,138.0
600,49.0,117.0,103.0,6.0,6.0,4.0,60.0,72.0,2.0,126.0
601,38.0,103.0,75.0,10.0,6.0,4.0,69.0,72.0,2.0,126.0
602,38.0,103.0,75.0,10.0,7.0,4.0,69.0,41.0,2.0,121.0
603,24.0,113.0,89.0,15.0,7.0,8.0,97.0,41.0,2.0,121.0
604,24.0,113.0,89.0,15.0,10.0,8.0,97.0,32.0,2.0,123.0
605,32.0,124.0,89.0,15.0,10.0,9.0,135.0,32.0,3.0,123.0
606,32.0,124.0,89.0,15.0,15.0,9.0,135.0,17.0,3.0,138.0
607,34.0,128.0,110.0,27.0,15.0,10.0,96.0,17.0,3.0,138.0
608,34.0,128.0,110.0,27.0,17.0,10.0,96.0,15.0,3.0,155.0
609,27.0,90.0,142.0,33.0,17.0,8.0,79.0,15.0,1.0,155.0
610,27.0,90.0,142.0,33.0,19.0,8.0,79.0,10.0,1.0,150.0
611,26.0,131.0,153.0,36.0,19.0,7.0,87.0,10.0,3.0,150.0
612,26.0,131.0,153.0,36.0,19.0,7.0,87.0,9.0,3.0,114.0
613,26.0,138.0,183.0,37.0,19.0,5.0,99.0,9.0,4.0,114.0
614,26.0,138.0,183.0,37.0,13.0,5.0,99.0,20.0,4.0,112.0
615,18.0,100.0,225.0,35.0,13.0,6.0,233.0,20.0,5.0,112.0
616,18.0,100.0,225.0,35.0,11.0,6.0,233.0,20.0,5.0,136.0
617,19.0,99.0,188.0,36.0,11.0,8.0,17.0,20.0,6.0,136.0
618,19.0,99.0,188.0,36.0,15.0,8.0,17.0,6.0,6.0,182.0
619,20.0,141.0,241.0,41.0,15.0,12.0,19.0,6.0,5.0,182.0
620,20.0,141.0,241.0,41.0,14.0,12.0,19.0,6.0,5.0,197.0
621,20.0,213.0,424.0,88.0,14.0,10.0,26.0,6.0,2.0,197.0
622,20.0,213.0,424.0,88.0,12.0,10.0,26.0,12.0,2.0,143.0
623,20.0,199.0,283.0,105.0,12.0,5.0,29.0,12.0,3.0,143.0
624,20.0,199.0,283.0,105.0,5.0,5.0,29.0,14.0,3.0,143.0
625,24.0,210.0,276.0,85.0,5.0,6.0,33.0,14.0,4.0,143.0
626,24.0,210.0,276.0,85.0,7.0,6.0,33.0,14.0,4.0,116.0
627,39.0,192.0,265.0,83.0,7.0,11.0,31.0,14.0,4.0,116.0
628,39.0,192.0,265.0,83.0,12.0,11.0,31.0,6.0,4.0,77.0
629,60.0,159.0,283.0,73.0,12.0,20.0,32.0,6.0,4.0,77.0
630,60.0,159.0,283.0,73.0,0.0,20.0,32.0,12.0,4.0,103.0
631,78.0,132.0,338.0,72.0,0.0,39.0,26.0,12.0,2.0,103.0
632,78.0,132.0,338.0,72.0,4.0,39.0,26.0,12.0,2.0,75.0
633,115.0,145.0,393.0,46.0,4.0,4.0,21.0,12.0,2.0,75.0
634,115.0,145.0,393.0,46.0,4.0,4.0,21.0,0.0,2.0,39.0
635,110.0,214.0,362.0,36.0,4.0,4.0,21.0,0.0,3.0,39.0
636,110.0,214.0,362.0,36.0,0.0,4.0,21.0,0.0,3.0,62.0
637,113.0,205.0,375.0,13.0,0.0,9.0,22.0,0.0,2.0,62.0
638,113.0,205.0,375.0,13.0,3.0,9.0,22.0,0.0,2.0,68.0
639,73.0,195.0,473.0,13.0,3.0,9.0,33.0,0.0,1.0,68.0
640,73.0,195.0,473.0,13.0,5.0,9.0,33.0,0.0,1.0,78.0
641,53.0,138.0,480.0,14.0,5.0,5.0,84.0,0.0,0.0,78.0
642,53.0,138.0,480.0,14.0,9.0,5.0,84.0,0.0,0.0,65.0
643,53.0,164.0,564.0,14.0,9.0,5.0,40.0,0.0,0.0,65.0
644,53.0,164.0,564.0,14.0,23.0,5.0,40.0,0.0,0.0,50.0
645,5.0,209.0,435.0,26.0,23.0,15.0,57.0,0.0,0.0,50.0
646,5.0,209.0,435.0,26.0,13.0,15.0,57.0,0.0,0.0,57.0
647,11.0,267.0,383.0,32.0,13.0,29.0,73.0,0.0,0.0,57.0
648,11.0,267.0,383.0,32.0,4.0,29.0,73.0,0.0,0.0,57.0
649,15.0,282.0,384.0,43.0,4.0,44.0,82.0,0.0,0.0,57.0
650,15.0,282.0,384.0,43.0,13.0,44.0,82.0,0.0,0.0,151.0
651,18.0,331.0,428.0,40.0,13.0,32.0,154.0,0.0,0.0,151.0
652,18.0,331.0,428.0,40.0,24.0,32.0,154.0,0.0,0.0,133.0
653,20.0,241.0,447.0,46.0,24.0,14.0,103.0,0.0,17.0,133.0
654,20.0,241.0,447.0,46.0,24.0,14.0,103.0,9.0,17.0,124.0
655,23.0,149.0,364.0,20.0,24.0,10.0,108.0,9.0,19.0,124.0
656,23.0,149.0,364.0,20.0,12.0,10.0,108.0,10.0,19.0,124.0
657,29.0,192.0,372.0,10.0,12.0,5.0,105.0,10.0,19.0,124.0
658,29.0,192.0,372.0,10.0,13.0,5.0,105.0,11.0,19.0,119.0
659,38.0,355.0,395.0,5.0,13.0,8.0,141.0,11.0,3.0,119.0
660,38.0,355.0,395.0,5.0,13.0,8.0,141.0,0.0,3.0,118.0
661,31.0,355.0,254.0,16.0,13.0,17.0,229.0,0.0,3.0,118.0
662,31.0,355.0,254.0,16.0,20.0,17.0,229.0,0.0,3.0,99.0
663,20.0,172.0,208.0,15.0,20.0,13.0,141.0,0.0,2.0,99.0
664,20.0,172.0,208.0,15.0,21.0,13.0,141.0,20.0,2.0,102.0
665,20.0,140.0,186.0,21.0,21.0,4.0,114.0,20.0,2.0,102.0
666,20.0,140.0,186.0,21.0,20.0,4.0,114.0,23.0,2.0,124.0
667,30.0,75.0,132.0,28.0,20.0,6.0,123.0,23.0,3.0,124.0
668,30.0,75.0,132.0,28.0,16.0,6.0,123.0,20.0,3.0,98.0
669,41.0,74.0,122.0,38.0,16.0,7.0,141.0,20.0,4.0,98.0
670,41.0,74.0,122.0,38.0,12.0,7.0,141.0,9.0,4.0,89.0
671,64.0,41.0,67.0,41.0,12.0,8.0,159.0,9.0,3.0,89.0
672,64.0,41.0,67.0,41.0,16.0,8.0,159.0,16.0,3.0,102.0
673,76.0,46.0,49.0,37.0,16.0,8.0,209.0,16.0,6.0,102.0
674,76.0,46.0,49.0,37.0,17.0,8.0,209.0,17.0,6.0,114.0
675,75.0,29.0,53.0,32.0,17.0,11.0,261.0,17.0,8.0,114.0
676,75.0,29.0,53.0,32.0,17.0,11.0,261.0,14.0,8.0,100.0
677,89.0,27.0,47.0,35.0,17.0,14.0,224.0,14.0,12.0,100.0
678,89.0,27.0,47.0,35.0,15.0,14.0,224.0,26.0,12.0,108.0
679,87.0,37.0,47.0,32.0,15.0,16.0,137.0,26.0,4.0,108.0
680,87.0,37.0,47.0,32.0,20.0,16.0,137.0,29.0,4.0,127.0
681,83.0,64.0,58.0,24.0,20.0,18.0,156.0,29.0,4.0,127.0
682,83.0,64.0,58.0,24.0,34.0,18.0,156.0,48.0,4.0,122.0
683,72.0,83.0,59.0,24.0,34.0,15.0,168.0,48.0,2.0,122.0
684,72.0,83.0,59.0,24.0,34.0,15.0,168.0,58.0,2.0,125.0
685,61.0,86.0,68.0,22.0,34.0,11.0,164.0,58.0,3.0,125.0
686,61.0,86.0,68.0,22.0,40.0,11.0,164.0,114.0,3.0,128.0
687,50.0,87.0,85.0,20.0,40.0,9.0,132.0,114.0,5.0,128.0
688,50.0,87.0,85.0,20.0,54.0,9.0,132.0,114.0,5.0,122.0
689,36.0,68.0,88.0,27.0,54.0,12.0,91.0,114.0,5.0,122.0
690,36.0,68.0,88.0,27.0,56.0,12.0,91.0,112.0,5.0,129.0
691,26.0,68.0,85.0,45.0,56.0,11.0,125.0,112.0,7.0,129.0
692,26.0,68.0,85.0,45.0,83.0,11.0,125.0,98.0,7.0,129.0
693,22.0,86.0,101.0,55.0,83.0,14.0,162.0,98.0,8.0,129.0
694,22.0,86.0,101.0,55.0,80.0,14.0,162.0,103.0,8.0,110.0
695,27.0,30.0,101.0,61.0,80.0,16.0,149.0,103.0,11.0,110.0
696,27.0,30.0,101.0,61.0,54.0,16.0,149.0,102.0,11.0,124.0
697,37.0,36.0,98.0,66.0,54.0,14.0,118.0,102.0,3.0,124.0
698,37.0,36.0,98.0,66.0,51.0,14.0,118.0,202.0,3.0,142.0
699,32.0,41.0,104.0,53.0,51.0,13.0,147.0,202.0,3.0,142.0
700,32.0,41.0,104.0,53.0,70.0,13.0,147.0,202.0,3.0,140.0
701,33.0,46.0,159.0,25.0,70.0,14.0,110.0,202.0,2.0,140.0
702,33.0,46.0,159.0,25.0,98.0,14.0,110.0,118.0,2.0,103.0
703,42.0,53.0,146.0,23.0,98.0,29.0,126.0,118.0,2.0,103.0
704,42.0,53.0,146.0,23.0,128.0,29.0,126.0,118.0,2.0,102.0
705,35.0,51.0,174.0,30.0,128.0,35.0,156.0,118.0,2.0,102.0
706,35.0,51.0,174.0,30.0,152.0,35.0,156.0,72.0,2.0,125.0
707,37.0,43.0,161.0,37.0,152.0,20.0,181.0,72.0,1.0,125.0
708,37.0,43.0,161.0,37.0,128.0,20.0,181.0,78.0,1.0,135.0
709,43.0,48.0,167.0,33.0,128.0,18.0,216.0,78.0,2.0,135.0
710,43.0,48.0,167.0,33.0,125.0,18.0,216.0,74.0,2.0,104.0
711,57.0,40.0,206.0,39.0,125.0,16.0,148.0,74.0,2.0,104.0
712,57.0,40.0,206.0,39.0,233.0,16.0,148.0,63.0,2.0,119.0
713,66.0,45.0,173.0,21.0,233.0,12.0,173.0,63.0,2.0,119.0
714,66.0,45.0,173.0,21.0,120.0,12.0,173.0,20.0,2.0,152.0
715,58.0,65.0,122.0,24.0,120.0,13.0,203.0,20.0,3.0,152.0
716,58.0,65.0,122.0,24.0,79.0,13.0,203.0,0.0,3.0,159.0
717,63.0,74.0,203.0,24.0,79.0,13.0,192.0,0.0,3.0,159.0
718,63.0,74.0,203.0,24.0,11.0,13.0,192.0,0.0,3.0,125.0
719,75.0,86.0,243.0,22.0,11.0,7.0,199.0,0.0,1.0,125.0
720,75.0,86.0,243.0,22.0,17.0,7.0,199.0,19.0,1.0,138.0
721,83.0,96.0,261.0,34.0,17.0,10.0,207.0,19.0,0.0,138.0
722,83.0,96.0,261.0,34.0,25.0,10.0,207.0,37.0,0.0,166.0
723,72.0,157.0,556.0,61.0,25.0,7.0,166.0,37.0,1.0,166.0
724,72.0,157.0,556.0,61.0,14.0,7.0,166.0,37.0,1.0,141.0
725,45.0,126.0,571.0,77.0,14.0,6.0,121.0,37.0,1.0,141.0
726,45.0,126.0,571.0,77.0,14.0,6.0,121.0,0.0,1.0,155.0
727,73.0,152.0,273.0,99.0,14.0,11.0,119.0,0.0,0.0,155.0
728,73.0,152.0,273.0,99.0,0.0,11.0,119.0,29.0,0.0,118.0
729,79.0,134.0,281.0,100.0,0.0,0.0,233.0,29.0,3.0,118.0
730,79.0,134.0,281.0,100.0,4.0,0.0,233.0,24.0,3.0,130.0
731,77.0,175.0,208.0,101.0,4.0,2.0,26.0,24.0,6.0,130.0
732,77.0,175.0,208.0,101.0,34.0,2.0,26.0,24.0,6.0,257.0
733,131.0,183.0,294.0,127.0,34.0,13.0,21.0,24.0,5.0,257.0
734,131.0,183.0,294.0,127.0,39.0,13.0,21.0,0.0,5.0,187.0
735,161.0,229.0,338.0,176.0,39.0,10.0,21.0,0.0,6.0,187.0
736,161.0,229.0,338.0,176.0,39.0,10.0,21.0,0.0,6.0,177.0
737,155.0,189.0,197.0,196.0,39.0,9.0,23.0,0.0,12.0,177.0
738,155.0,189.0,197.0,196.0,0.0,9.0,23.0,0.0,12.0,132.0
739,132.0,189.0,216.0,199.0,0.0,9.0,26.0,0.0,0.0,132.0
740,132.0,189.0,216.0,199.0,0.0,9.0,26.0,0.0,0.0,119.0
741,103.0,129.0,321.0,130.0,0.0,12.0,36.0,0.0,3.0,119.0
742,103.0,129.0,321.0,130.0,11.0,12.0,36.0,0.0,3.0,225.0
743,120.0,146.0,461.0,118.0,11.0,11.0,52.0,0.0,2.0,225.0
744,120.0,146.0,461.0,118.0,11.0,11.0,52.0,0.0,2.0,211.0
745,159.0,114.0,363.0,122.0,11.0,21.0,87.0,0.0,1.0,211.0
746,159.0,114.0,363.0,122.0,0.0,21.0,87.0,0.0,1.0,205.0
747,183.0,37.0,300.0,68.0,0.0,21.0,62.0,0.0,2.0,205.0
748,183.0,37.0,300.0,68.0,15.0,21.0,62.0,0.0,2.0,174.0
749,171.0,23.0,293.0,46.0,15.0,0.0,62.0,0.0,2.0,174.0
750,171.0,23.0,293.0,46.0,29.0,0.0,62.0,0.0,2.0,138.0
751,128.0,21.0,248.0,3.0,29.0,8.0,32.0,0.0,1.0,138.0
752,128.0,21.0,248.0,3.0,19.0,8.0,32.0,0.0,1.0,65.0
753,101.0,25.0,167.0,4.0,19.0,8.0,32.0,0.0,1.0,65.0
754,101.0,25.0,167.0,4.0,7.0,8.0,32.0,10.0,1.0,49.0
755,62.0,35.0,207.0,4.0,7.0,7.0,11.0,10.0,1.0,49.0
756,62.0,35.0,207.0,4.0,26.0,7.0,11.0,10.0,1.0,52.0
757,53.0,52.0,189.0,1.0,26.0,7.0,13.0,10.0,3.0,52.0
758,53.0,52.0,189.0,1.0,62.0,7.0,13.0,0.0,3.0,42.0
759,59.0,72.0,143.0,5.0,62.0,6.0,13.0,0.0,3.0,42.0
760,59.0,72.0,143.0,5.0,53.0,6.0,13.0,7.0,3.0,40.0
761,46.0,65.0,86.0,9.0,53.0,5.0,13.0,7.0,2.0,40.0
762,46.0,65.0,86.0,9.0,40.0,5.0,13.0,22.0,2.0,44.0
763,40.0,60.0,85.0,17.0,40.0,3.0,19.0,22.0,3.0,44.0
764,40.0,60.0,85.0,17.0,62.0,3.0,19.0,22.0,3.0,51.0
765,47.0,56.0,74.0,24.0,62.0,7.0,32.0,22.0,3.0,51.0
766,47.0,56.0,74.0,24.0,19.0,7.0,32.0,3.0,3.0,60.0
767,55.0,70.0,77.0,39.0,19.0,9.0,51.0,3.0,3.0,60.0
768,55.0,70.0,77.0,39.0,29.0,9.0,51.0,3.0,3.0,64.0
769,55.0,84.0,93.0,41.0,29.0,8.0,64.0,3.0,1.0,64.0
770,55.0,84.0,93.0,41.0,36.0,8.0,64.0,12.0,1.0,65.0
771,71.0,103.0,91.0,38.0,36.0,18.0,52.0,12.0,2.0,65.0
772,71.0,103.0,91.0,38.0,37.0,18.0,52.0,42.0,2.0,67.0
773,85.0,74.0,81.0,31.0,37.0,26.0,42.0,42.0,2.0,67.0
774,85.0,74.0,81.0,31.0,31.0,26.0,42.0,42.0,2.0,76.0
775,92.0,70.0,65.0,29.0,31.0,29.0,39.0,42.0,1.0,76.0
776,92.0,70.0,65.0,29.0,20.0,29.0,39.0,25.0,1.0,87.0
777,88.0,82.0,59.0,31.0,20.0,36.0,45.0,25.0,1.0,87.0
778,88.0,82.0,59.0,31.0,33.0,36.0,45.0,23.0,1.0,100.0
779,83.0,89.0,77.0,32.0,33.0,28.0,64.0,23.0,2.0,100.0
780,83.0,89.0,77.0,32.0,0.0,28.0,64.0,25.0,2.0,99.0
781,92.0,16.0,61.0,18.0,0.0,30.0,59.0,25.0,2.0,99.0
782,92.0,16.0,61.0,18.0,0.0,30.0,59.0,36.0,2.0,92.0
783,97.0,26.0,63.0,15.0,0.0,27.0,74.0,36.0,2.0,92.0
784,97.0,26.0,63.0,15.0,0.0,27.0,74.0,74.0,2.0,89.0
785,107.0,43.0,100.0,14.0,0.0,22.0,94.0,74.0,1.0,89.0
786,107.0,43.0,100.0,14.0,9.0,22.0,94.0,88.0,1.0,99.0
787,102.0,43.0,128.0,12.0,9.0,21.0,174.0,88.0,2.0,99.0
788,102.0,43.0,128.0,12.0,12.0,21.0,174.0,88.0,2.0,106.0
789,92.0,30.0,96.0,19.0,12.0,25.0,123.0,88.0,2.0,106.0
790,92.0,30.0,96.0,19.0,15.0,25.0,123.0,28.0,2.0,131.0
791,82.0,31.0,76.0,16.0,15.0,18.0,116.0,28.0,1.0,131.0
792,82.0,31.0,76.0,16.0,9.0,18.0,116.0,24.0,1.0,124.0
793,81.0,39.0,80.0,14.0,9.0,19.0,143.0,24.0,2.0,124.0
794,81.0,39.0,80.0,14.0,5.0,19.0,143.0,14.0,2.0,116.0
795,78.0,46.0,100.0,18.0,5.0,24.0,174.0,14.0,3.0,116.0
796,78.0,46.0,100.0,18.0,11.0,24.0,174.0,17.0,3.0,123.0
797,89.0,39.0,95.0,30.0,11.0,31.0,184.0,17.0,1.0,123.0
798,89.0,39.0,95.0,30.0,12.0,31.0,184.0,30.0,1.0,131.0
799,84.0,39.0,58.0,31.0,12.0,31.0,220.0,30.0,4.0,131.0
800,84.0,39.0,58.0,31.0,11.0,31.0,220.0,30.0,4.0,132.0
801,82.0,49.0,69.0,24.0,11.0,37.0,201.0,30.0,4.0,132.0
802,82.0,49.0,69.0,24.0,10.0,37.0,201.0,4.0,4.0,150.0
803,99.0,41.0,56.0,21.0,10.0,49.0,180.0,4.0,4.0,150.0
804,99.0,41.0,56.0,21.0,15.0,49.0,180.0,4.0,4.0,176.0
805,100.0,34.0,51.0,13.0,15.0,59.0,251.0,4.0,2.0,176.0
806,100.0,34.0,51.0,13.0,13.0,59.0,251.0,0.0,2.0,116.0
807,125.0,35.0,86.0,11.0,13.0,65.0,246.0,0.0,2.0,116.0
808,125.0,35.0,86.0,11.0,12.0,65.0,246.0,0.0,2.0,110.0
809,126.0,42.0,106.0,16.0,12.0,50.0,259.0,0.0,4.0,110.0
810,126.0,42.0,106.0,16.0,15.0,50.0,259.0,0.0,4.0,121.0
811,87.0,61.0,73.0,20.0,15.0,35.0,234.0,0.0,5.0,121.0
812,87.0,61.0,73.0,20.0,13.0,35.0,234.0,0.0,5.0,105.0
813,73.0,58.0,109.0,23.0,13.0,40.0,217.0,0.0,7.0,105.0
814,73.0,58.0,109.0,23.0,0.0,40.0,217.0,19.0,7.0,98.0
815,100.0,61.0,209.0,56.0,0.0,44.0,266.0,19.0,2.0,98.0
816,100.0,61.0,209.0,56.0,0.0,44.0,266.0,19.0,2.0,73.0
817,131.0,71.0,175.0,61.0,0.0,47.0,184.0,19.0,3.0,73.0
818,131.0,71.0,175.0,61.0,0.0,47.0,184.0,0.0,3.0,83.0
819,124.0,51.0,155.0,72.0,0.0,40.0,256.0,0.0,4.0,83.0
820,124.0,51.0,155.0,72.0,0.0,40.0,256.0,0.0,4.0,66.0
821,107.0,36.0,189.0,62.0,0.0,47.0,255.0,0.0,4.0,66.0
822,107.0,36.0,189.0,62.0,0.0,47.0,255.0,0.0,4.0,66.0
823,126.0,33.0,226.0,43.0,0.0,22.0,328.0,0.0,0.0,66.0
824,126.0,33.0,226.0,43.0,0.0,22.0,328.0,0.0,0.0,44.0
825,140.0,23.0,222.0,80.0,0.0,7.0,321.0,0.0,0.0,44.0
826,140.0,23.0,222.0,80.0,0.0,7.0,321.0,0.0,0.0,42.0
827,146.0,25.0,221.0,96.0,0.0,10.0,307.0,0.0,3.0,42.0
828,146.0,25.0,221.0,96.0,0.0,10.0,307.0,0.0,3.0,66.0
829,193.0,20.0,197.0,83.0,0.0,16.0,371.0,0.0,3.0,66.0
830,193.0,20.0,197.0,83.0,0.0,16.0,371.0,0.0,3.0,69.0
831,154.0,17.0,270.0,77.0,0.0,14.0,432.0,0.0,5.0,69.0
832,154.0,17.0,270.0,77.0,0.0,14.0,432.0,0.0,5.0,59.0
833,137.0,27.0,335.0,98.0,0.0,8.0,327.0,0.0,5.0,59.0
834,137.0,27.0,335.0,98.0,0.0,8.0,327.0,0.0,5.0,55.0
835,119.0,31.0,225.0,121.0,0.0,9.0,208.0,0.0,2.0,55.0
836,119.0,31.0,225.0,121.0,0.0,9.0,208.0,0.0,2.0,56.0
837,120.0,29.0,254.0,101.0,0.0,9.0,429.0,0.0,1.0,56.0
838,120.0,29.0,254.0,101.0,0.0,9.0,429.0,0.0,1.0,86.0
839,141.0,31.0,315.0,79.0,0.0,6.0,429.0,0.0,1.0,86.0
840,141.0,31.0,315.0,79.0,0.0,6.0,429.0,0.0,1.0,97.0
841,135.0,31.0,177.0,21.0,0.0,4.0,111.0,0.0,1.0,97.0
842,135.0,31.0,177.0,21.0,3.0,4.0,111.0,0.0,1.0,71.0
843,154.0,29.0,126.0,26.0,3.0,1.0,135.0,0.0,1.0,71.0
844,154.0,29.0,126.0,26.0,3.0,1.0,135.0,2.0,1.0,131.0
845,154.0,29.0,190.0,32.0,3.0,1.0,143.0,2.0,8.0,131.0
846,154.0,29.0,190.0,32.0,0.0,1.0,143.0,2.0,8.0,94.0
847,96.0,7.0,204.0,50.0,0.0,1.0,107.0,2.0,11.0,94.0
848,96.0,7.0,204.0,50.0,1.0,1.0,107.0,0.0,11.0,67.0
849,51.0,10.0,120.0,60.0,1.0,3.0,104.0,0.0,9.0,67.0
850,51.0,10.0,120.0,60.0,25.0,3.0,104.0,9.0,9.0,86.0
851,14.0,15.0,68.0,77.0,25.0,2.0,19.0,9.0,10.0,86.0
852,14.0,15.0,68.0,77.0,18.0,2.0,19.0,16.0,10.0,78.0
853,16.0,21.0,56.0,58.0,18.0,1.0,29.0,16.0,10.0,78.0
854,16.0,21.0,56.0,58.0,14.0,1.0,29.0,29.0,10.0,80.0
855,24.0,24.0,35.0,34.0,14.0,1.0,43.0,29.0,7.0,80.0
856,24.0,24.0,35.0,34.0,12.0,1.0,43.0,0.0,7.0,81.0
857,36.0,30.0,29.0,25.0,12.0,1.0,45.0,0.0,5.0,81.0
858,36.0,30.0,29.0,25.0,16.0,1.0,45.0,0.0,5.0,67.0
859,46.0,28.0,32.0,25.0,16.0,1.0,57.0,0.0,2.0,67.0
860,46.0,28.0,32.0,25.0,11.0,1.0,57.0,13.0,2.0,68.0
861,60.0,27.0,30.0,41.0,11.0,1.0,87.0,13.0,1.0,68.0
862,60.0,27.0,30.0,41.0,13.0,1.0,87.0,25.0,1.0,85.0
863,66.0,28.0,32.0,50.0,13.0,2.0,95.0,25.0,1.0,85.0
864,66.0,28.0,32.0,50.0,10.0,2.0,95.0,25.0,1.0,83.0
865,65.0,43.0,36.0,52.0,10.0,1.0,94.0,25.0,2.0,83.0
866,65.0,43.0,36.0,52.0,22.0,1.0,94.0,15.0,2.0,98.0
867,65.0,40.0,37.0,51.0,22.0,2.0,121.0,15.0,2.0,98.0
868,65.0,40.0,37.0,51.0,18.0,2.0,121.0,21.0,2.0,108.0
869,56.0,44.0,15.0,49.0,18.0,3.0,129.0,21.0,3.0,108.0
870,56.0,44.0,15.0,49.0,16.0,3.0,129.0,22.0,3.0,103.0
871,60.0,56.0,14.0,40.0,16.0,4.0,114.0,22.0,5.0,103.0
872,60.0,56.0,14.0,40.0,21.0,4.0,114.0,22.0,5.0,114.0
873,77.0,52.0,15.0,28.0,21.0,5.0,122.0,22.0,4.0,114.0
874,78.0,58.0,17.0,6.0,26.0,5.0,134.0,13.0,3.0,128.0
875,78.0,58.0,17.0,6.0,26.0,5.0,134.0,13.0,3.0,128.0
876,83.0,71.0,15.0,10.0,20.0,4.0,172.0,32.0,6.0,153.0
877,83.0,71.0,15.0,10.0,20.0,4.0,172.0,32.0,6.0,153.0
878,82.0,66.0,14.0,12.0,10.0,8.0,192.0,31.0,5.0,139.0
879,82.0,66.0,14.0,12.0,10.0,8.0,192.0,31.0,5.0,139.0
880,91.0,86.0,13.0,11.0,18.0,12.0,217.0,32.0,1.0,138.0
881,91.0,86.0,13.0,11.0,18.0,12.0,217.0,32.0,1.0,138.0
882,112.0,95.0,14.0,13.0,25.0,13.0,238.0,30.0,2.0,147.0
883,112.0,95.0,14.0,13.0,25.0,13.0,238.0,30.0,2.0,147.0
884,114.0,36.0,17.0,13.0,30.0,13.0,294.0,18.0,3.0,117.0
885,114.0,36.0,17.0,13.0,30.0,13.0,294.0,18.0,3.0,117.0
886,105.0,65.0,17.0,11.0,38.0,17.0,258.0,12.0,5.0,130.0
887,105.0,65.0,17.0,11.0,38.0,17.0,258.0,12.0,5.0,130.0
888,102.0,64.0,18.0,14.0,38.0,28.0,211.0,21.0,5.0,134.0
889,102.0,64.0,18.0,14.0,38.0,28.0,211.0,21.0,5.0,134.0
890,84.0,65.0,31.0,41.0,44.0,33.0,194.0,21.0,2.0,171.0
891,84.0,65.0,31.0,41.0,44.0,33.0,194.0,21.0,2.0,171.0
892,102.0,51.0,41.0,32.0,47.0,34.0,198.0,15.0,2.0,183.0
893,102.0,51.0,41.0,32.0,47.0,34.0,198.0,15.0,2.0,183.0
894,118.0,40.0,53.0,24.0,73.0,37.0,181.0,15.0,4.0,191.0
895,118.0,40.0,53.0,24.0,73.0,37.0,181.0,15.0,4.0,191.0
896,93.0,20.0,57.0,30.0,92.0,41.0,100.0,9.0,4.0,191.0
897,93.0,20.0,57.0,30.0,92.0,41.0,100.0,9.0,4.0,191.0
898,105.0,14.0,67.0,37.0,97.0,41.0,55.0,14.0,4.0,189.0
899,105.0,14.0,67.0,37.0,97.0,41.0,55.0,14.0,4.0,189.0
900,115.0,26.0,68.0,32.0,111.0,51.0,26.0,28.0,8.0,188.0
901,115.0,26.0,68.0,32.0,111.0,51.0,26.0,28.0,8.0,188.0
902,108.0,33.0,52.0,25.0,75.0,54.0,24.0,31.0,13.0,163.0
903,108.0,33.0,52.0,25.0,75.0,54.0,24.0,31.0,13.0,163.0
904,103.0,49.0,43.0,21.0,68.0,41.0,12.0,27.0,1.0,171.0
905,103.0,49.0,43.0,21.0,68.0,41.0,12.0,27.0,1.0,171.0
906,114.0,68.0,86.0,13.0,28.0,18.0,14.0,40.0,1.0,124.0
907,114.0,68.0,86.0,13.0,28.0,18.0,14.0,40.0,1.0,124.0
908,136.0,65.0,105.0,11.0,34.0,11.0,21.0,33.0,1.0,148.0
909,136.0,65.0,105.0,11.0,34.0,11.0,21.0,33.0,1.0,148.0
910,125.0,73.0,131.0,12.0,33.0,11.0,35.0,19.0,2.0,159.0
911,125.0,73.0,131.0,12.0,33.0,11.0,35.0,19.0,2.0,159.0
912,115.0,80.0,153.0,29.0,29.0,11.0,50.0,3.0,3.0,130.0
913,115.0,80.0,153.0,29.0,29.0,11.0,50.0,3.0,3.0,130.0
914,117.0,73.0,175.0,37.0,40.0,12.0,42.0,13.0,3.0,110.0
915,117.0,73.0,175.0,37.0,40.0,12.0,42.0,13.0,3.0,110.0
916,112.0,53.0,145.0,41.0,35.0,14.0,33.0,13.0,1.0,114.0
917,112.0,53.0,145.0,41.0,35.0,14.0,33.0,13.0,1.0,114.0
918,121.0,57.0,128.0,60.0,48.0,13.0,62.0,0.0,2.0,116.0
919,121.0,57.0,128.0,60.0,48.0,13.0,62.0,0.0,2.0,116.0
920,152.0,68.0,144.0,71.0,55.0,12.0,77.0,0.0,0.0,105.0
921,152.0,68.0,144.0,71.0,55.0,12.0,77.0,0.0,0.0,105.0
922,178.0,68.0,187.0,125.0,20.0,4.0,52.0,2.0,0.0,86.0
923,178.0,68.0,187.0,125.0,20.0,4.0,52.0,2.0,0.0,86.0
924,143.0,73.0,226.0,92.0,20.0,6.0,56.0,32.0,4.0,110.0
925,143.0,73.0,226.0,92.0,20.0,6.0,56.0,32.0,4.0,110.0
926,58.0,96.0,229.0,115.0,0.0,16.0,77.0,56.0,1.0,101.0
927,58.0,96.0,229.0,115.0,0.0,16.0,77.0,56.0,1.0,101.0
928,61.0,94.0,267.0,135.0,0.0,3.0,85.0,56.0,1.0,77.0
929,61.0,94.0,267.0,135.0,0.0,3.0,85.0,56.0,1.0,77.0
930,14.0,162.0,280.0,182.0,0.0,4.0,101.0,0.0,1.0,59.0
931,14.0,162.0,280.0,182.0,0.0,4.0,101.0,0.0,1.0,59.0
932,8.0,162.0,320.0,224.0,0.0,7.0,99.0,0.0,3.0,59.0
933,8.0,162.0,320.0,224.0,0.0,7.0,99.0,0.0,3.0,59.0
934,18.0,109.0,464.0,218.0,0.0,12.0,98.0,0.0,5.0,50.0
935,18.0,109.0,464.0,218.0,0.0,12.0,98.0,0.0,5.0,50.0
936,21.0,114.0,290.0,194.0,0.0,8.0,106.0,0.0,4.0,65.0
937,21.0,114.0,290.0,194.0,0.0,8.0,106.0,0.0,4.0,65.0
938,31.0,121.0,280.0,154.0,0.0,6.0,141.0,0.0,4.0,48.0
939,31.0,121.0,280.0,154.0,0.0,6.0,141.0,0.0,4.0,48.0
940,19.0,121.0,444.0,160.0,0.0,10.0,129.0,17.0,7.0,48.0
941,19.0,121.0,444.0,160.0,0.0,10.0,129.0,17.0,7.0,48.0
942,9.0,34.0,448.0,115.0,13.0,4.0,154.0,22.0,14.0,28.0
943,9.0,34.0,448.0,115.0,13.0,4.0,154.0,22.0,14.0,28.0
944,10.0,55.0,452.0,56.0,13.0,4.0,176.0,22.0,27.0,42.0
945,10.0,55.0,452.0,56.0,13.0,4.0,176.0,22.0,27.0,42.0
946,18.0,55.0,477.0,52.0,0.0,4.0,215.0,5.0,2.0,41.0
947,18.0,55.0,477.0,52.0,0.0,4.0,215.0,5.0,2.0,41.0
948,45.0,32.0,446.0,44.0,5.0,5.0,187.0,10.0,4.0,46.0
949,45.0,32.0,446.0,44.0,5.0,5.0,187.0,10.0,4.0,46.0
950,40.0,35.0,383.0,34.0,8.0,9.0,177.0,12.0,8.0,48.0
951,40.0,35.0,383.0,34.0,8.0,9.0,177.0,12.0,8.0,48.0
952,33.0,25.0,262.0,37.0,8.0,11.0,199.0,13.0,6.0,45.0
953,33.0,25.0,262.0,37.0,8.0,11.0,199.0,13.0,6.0,45.0
954,23.0,21.0,178.0,25.0,12.0,10.0,218.0,10.0,3.0,41.0
955,23.0,21.0,178.0,25.0,12.0,10.0,218.0,10.0,3.0,41.0
956,14.0,24.0,111.0,29.0,13.0,11.0,251.0,0.0,1.0,51.0
957,14.0,24.0,111.0,29.0,13.0,11.0,251.0,0.0,1.0,51.0
958,15.0,37.0,119.0,32.0,13.0,8.0,160.0,0.0,2.0,64.0
959,15.0,37.0,119.0,32.0,13.0,8.0,160.0,0.0,2.0,64.0
960,14.0,62.0,137.0,32.0,16.0,7.0,201.0,12.0,2.0,81.0
961,14.0,62.0,137.0,32.0,16.0,7.0,201.0,12.0,2.0,81.0
962,17.0,74.0,137.0,30.0,26.0,6.0,114.0,11.0,3.0,84.0
963,17.0,74.0,137.0,30.0,26.0,6.0,114.0,11.0,3.0,84.0
964,25.0,97.0,134.0,18.0,33.0,9.0,122.0,18.0,3.0,87.0
965,25.0,97.0,134.0,18.0,33.0,9.0,122.0,18.0,3.0,87.0
966,26.0,74.0,132.0,11.0,49.0,8.0,82.0,25.0,1.0,79.0
967,26.0,74.0,132.0,11.0,49.0,8.0,82.0,25.0,1.0,79.0
968,30.0,63.0,155.0,5.0,30.0,4.0,115.0,40.0,4.0,82.0
969,30.0,63.0,155.0,5.0,30.0,4.0,115.0,40.0,4.0,82.0
970,38.0,83.0,181.0,6.0,25.0,4.0,145.0,0.0,4.0,85.0
971,38.0,83.0,181.0,6.0,25.0,4.0,145.0,0.0,4.0,85.0
972,35.0,110.0,188.0,5.0,23.0,8.0,154.0,4.0,5.0,90.0
973,35.0,110.0,188.0,5.0,23.0,8.0,154.0,4.0,5.0,90.0
974,32.0,83.0,191.0,6.0,32.0,8.0,180.0,15.0,4.0,74.0
975,32.0,83.0,191.0,6.0,32.0,8.0,180.0,15.0,4.0,74.0
976,38.0,27.0,171.0,6.0,32.0,3.0,183.0,17.0,2.0,69.0
977,38.0,27.0,171.0,6.0,32.0,3.0,183.0,17.0,2.0,69.0
978,38.0,39.0,167.0,7.0,29.0,5.0,194.0,22.0,2.0,65.0
979,38.0,39.0,167.0,7.0,29.0,5.0,194.0,22.0,2.0,65.0
980,38.0,24.0,169.0,15.0,31.0,6.0,222.0,27.0,2.0,66.0
981,38.0,24.0,169.0,15.0,31.0,6.0,222.0,27.0,2.0,66.0
982,65.0,23.0,200.0,20.0,29.0,7.0,184.0,45.0,4.0,83.0
983,65.0,23.0,200.0,20.0,29.0,7.0,184.0,45.0,4.0,83.0
984,74.0,30.0,274.0,26.0,28.0,8.0,172.0,57.0,5.0,89.0
985,74.0,30.0,274.0,26.0,28.0,8.0,172.0,57.0,5.0,89.0
986,77.0,29.0,250.0,13.0,41.0,6.0,217.0,48.0,7.0,85.0
987,77.0,29.0,250.0,13.0,41.0,6.0,217.0,48.0,7.0,85.0
988,90.0,22.0,245.0,11.0,60.0,8.0,246.0,26.0,8.0,81.0
989,90.0,22.0,245.0,11.0,60.0,8.0,246.0,26.0,8.0,81.0
990,82.0,17.0,274.0,14.0,51.0,10.0,209.0,45.0,7.0,67.0
991,82.0,17.0,274.0,14.0,51.0,10.0,209.0,45.0,7.0,67.0
992,70.0,21.0,290.0,21.0,31.0,10.0,159.0,64.0,4.0,65.0
993,70.0,21.0,290.0,21.0,31.0,10.0,159.0,64.0,4.0,65.0
994,54.0,38.0,341.0,15.0,21.0,13.0,150.0,46.0,4.0,48.0
995,54.0,38.0,341.0,15.0,21.0,13.0,150.0,46.0,4.0,48.0
996,57.0,76.0,421.0,13.0,32.0,12.0,157.0,20.0,3.0,54.0
997,57.0,76.0,421.0,13.0,32.0,12.0,157.0,20.0,3.0,54.0
998,61.0,83.0,412.0,16.0,23.0,10.0,143.0,9.0,1.0,65.0
999,61.0,83.0,412.0,16.0,23.0,10.0,143.0,9.0,1.0,65.0
