,three_body_x,three_body_y,three_body_z
0,3.784121559699011,-0.010090093969204524,0.027558481777392674
1,3.800736314949808,0.05300839303492054,-0.2158560662963872
2,3.7223578991188186,-0.1689036310034889,-0.06563111172913162
3,3.807175167100609,0.07677601812610992,0.17173091553009
4,3.874472524300769,0.04829605250481848,0.07064241835764554
5,3.77999902420864,0.06449116115248707,-0.09020649998475766
6,3.8344125297047205,0.08663259471224988,-0.11638762722731905
7,3.78679548181483,0.12879033238960938,-0.10443718766919954
8,3.748585701534712,-0.06988781720192391,0.08391731164040263
9,3.800936733370231,0.006427988392928706,-0.02136471330262988
10,3.803613230930169,-0.044939196091529375,0.17967351385464195
11,3.8834903011825657,0.09285960258214256,0.011832957409706848
12,3.702129954895526,-0.09120492259814278,0.13419839101372172
13,3.9414190693919267,0.18732794521446527,-0.14898599371527863
14,3.9110206109062338,0.2555591483449372,-0.150297342480688
15,3.9017169849837505,-0.07212685180565986,-0.062216255221844464
16,3.8066934572193984,0.0792508529180837,0.1840060904064752
17,3.9376464244624434,0.18663104068741132,-0.05336338377200196
18,3.7606996695821606,0.16214410561034268,-0.10589937759976871
19,3.7413799387364484,0.0636696005534573,0.006416429074306233
20,3.9324374677852427,-0.049274033325900975,-0.009190005774443911
21,3.7218941091238666,-0.035458124827147684,-0.09180721351943771
22,3.775167575838016,-0.008290723719463482,-0.0564596919569185
23,3.7753507119822216,0.052606830922532294,0.017302938963106838
24,3.8019807683724243,-0.10453267984596845,0.026200367989547287
25,3.78369139204893,-0.051465510903979196,0.04949792336159581
26,3.879374504919909,0.08452110811548583,-0.1009239628898734
27,3.69599286988217,-0.042378055111837946,0.1531127510251315
28,3.8402559488041623,0.13139437191548273,0.0009711642352466603
29,3.6990493492134098,-0.15344248191142426,-0.020906834012823367
30,3.8798147151137936,0.04529874591041869,-0.05879230818873933
31,3.787336762678665,0.1741249079802973,-0.07054908075918863
32,3.8731615728625797,-0.08110191205781433,0.04869206935298525
33,3.891323597405292,0.035997352666208154,0.07094893563023387
34,3.7134506177983533,0.06622212727087552,0.012180546320036203
35,3.8822066208008263,0.14026510511899443,-0.03792488152384312
36,3.854004096466164,0.22226621128372695,0.09963448488177479
37,3.7937192028438997,0.16076003874853786,-0.1043855112834903
38,3.939775972087589,0.02267083603201686,0.04745823374081953
39,3.8502736837140397,-0.0016469053675163617,-0.042738269201305
40,3.769305320546795,0.08442335891659004,-0.10976806977627673
41,3.8737438728233173,0.1824309704627919,0.07490388960203193
42,3.873365222907463,0.09360310072138828,-0.08638476768301007
43,3.8656687343654923,-0.08615298367251881,-0.12423434737919403
44,3.8079404384888185,0.24923619187246063,0.019231388404517435
45,3.871123938903329,0.060351183003391755,0.13986257461780116
46,3.8327081952436117,0.06585991087682595,-0.02735664912882943
47,3.837000962482941,0.02772906727583401,0.0023617075626504286
48,3.872151141688577,-0.05216176807325721,-0.01385894297239445
49,3.6191091944883396,0.1700865616850232,-0.02017282647540359
50,3.9247691154806885,-0.051240320922995804,0.17125186894481415
51,3.8992278230106554,0.21541821496497923,0.07657070896070833
52,3.792723903786615,-0.12646560331589873,0.0780482510939932
53,3.874100485121537,-0.028116257184354614,0.12153327303897506
54,3.741782272431476,0.07134045202549613,-0.0075434896743780365
55,3.9198852675580453,0.19894644634309244,-0.17096391821917778
56,3.994623152956215,-0.16044034611842456,0.04105755104667579
57,3.9210829155665707,0.10186892792829008,-0.08629517953032664
58,3.8216683537356526,0.01170089576795929,0.02559017743043593
59,3.6967399039027997,0.014215774856475343,0.03222069547942041
60,3.6733029281730363,0.08933877267930043,0.01939040004313861
61,3.8767177011512732,-0.05174251795622239,-0.0062115954493858
62,4.066548172880587,0.0825788360635673,0.10492357366022209
63,3.894760436307675,0.20435363524186909,0.16083034695576653
64,3.9069170588208677,0.0597492110673813,-0.021341983268296616
65,3.881988823909245,0.05716247393495685,-0.12168931055403237
66,3.813860526357295,0.11892494894244626,0.007093237859749076
67,3.7867622250358655,0.026412156512032707,0.027746193854513282
68,3.7601060618245707,0.1788350721372107,-0.11396567850951317
69,3.7909075812218522,0.14328476904571372,-1.8777914623042513e-06
70,3.8690526525229285,0.06975332620080475,0.18585522225563392
71,3.78762889289459,0.09150777511292799,0.023981668774892564
72,3.7595022478672036,0.033705348603847066,-0.029093142580861778
73,3.704855035316776,0.041730209861622666,-0.04373043837703815
74,3.8079857211096697,0.14541152985577413,0.18697110125837269
75,3.7235620847193873,0.023949389182561513,0.052116493080377906
76,3.8031843432844363,-0.1454611924573388,-0.24266630450225699
77,3.8325112619920234,0.021052641522366175,-0.14720798285886014
78,3.7943238095979535,0.1021146695035304,-0.10737283720451266
79,3.6441465136354583,0.2114046002416771,0.07541903092496655
80,3.7834756418283693,0.10466054045828872,0.00013939295412377422
81,3.685085235766098,-0.03308379822310726,-0.07010361721586852
82,3.937712568282208,0.040288974853784965,-0.035837178868362636
83,3.7969426559057635,0.04221002265562544,-0.04141389195026818
84,3.70097550473217,0.015198042537938466,-0.20273192186995606
85,3.99549906165336,-0.004535205601497033,-0.1684947596722182
86,4.030700453774736,0.12706160926502008,-0.12678819886555856
87,3.770576198497828,-0.03939812341051572,-0.09307339062666793
88,3.863687996561866,0.09640676992763283,0.06420967964763843
89,3.9030384884013145,-0.05413418214883873,-0.014490076874471555
90,3.7624695064229874,0.016138299971464327,0.030449899804004338
91,3.915308574367499,0.014450706048993893,0.01896089459578815
92,3.9119233876290354,-0.002939288292120028,-0.12034376353111143
93,3.9184036312674255,0.15354747817565156,-0.007405175654610788
94,3.825339893127911,0.02595876354078796,0.053179282122032705
95,3.8655025382795274,-0.03952605447553804,0.11966335952530421
96,3.8619330005280275,-0.07179709825444808,0.10278341350279446
97,3.9093983422158582,0.05211386158801354,-0.039326200450268384
98,3.9508503895267757,0.11408994875123471,-0.20416881864912986
99,3.9692105943821243,0.1557377273278771,0.10330779774335763
100,3.926658041703763,-0.1165094736716892,-0.11443906753980021
101,3.8469835995959794,0.1664853761090451,0.09850768721857384
102,3.8930979178335896,0.12716545610892618,0.04775554364066913
103,3.806809830029054,0.24773318307667594,-0.1213007086975624
104,3.994181328492323,0.013027137608774428,0.006918770363155963
105,3.9707823988424606,-0.09172158873529834,0.025712448988187593
106,3.7957828303951278,-0.19773440788627442,-0.11010120318257453
107,3.848115204097155,0.048504284581310286,0.16057032764893941
108,3.9034587260326337,0.018265010870478902,-0.10601040399555116
109,3.744020659040613,0.10747141639292762,-0.05032410740171696
110,3.6494987214938672,0.05507849094057161,0.09274688329465425
111,3.8548910517030963,0.05134064884333716,-0.10575483631194148
112,3.829158529461588,0.05299058770463555,-0.24827366670128126
113,3.9047984145377237,0.026586812452276128,0.020822302427459912
114,3.6421628187622708,0.19919188298215748,0.10258417444032962
115,3.637524269161775,0.17096417850158516,-0.09383834388036255
116,3.9459226240148775,0.08019830407436168,0.051019042558020214
117,3.999702765475757,-0.00898074748433663,0.09228742184783507
118,3.8854894565775506,0.06790612225102083,-0.052182422421145104
119,3.768598576293602,-0.1096573822535109,-0.07944023446696091
120,3.8758321057538523,0.07628271040772874,-0.00581002622500943
121,3.6755525065268992,0.022033664611749527,-0.01233212044825278
122,3.906414288126735,0.02380414713805705,-0.12582017046605296
123,3.870743807325767,0.14416331892692671,0.22399939102340533
124,3.803404915015581,0.20690800125049022,0.012636508367430086
125,3.8539448859487546,0.11136382207141257,0.059908823029304205
126,4.013350428719831,0.2018324071519702,-0.031223594848887426
127,3.820495500564717,0.020376996286572885,-0.13948548003205774
128,3.915907973447458,-0.06943838931753363,0.1247169605664032
129,3.9140447669808878,0.14003742601462915,-0.07166654644086469
130,3.897041879258385,-0.03908429615188711,-0.08315881934488507
131,4.025361084739212,0.11538404249059044,0.008659048727948952
132,4.07595017134184,0.08520664267788573,-0.08442990278802837
133,3.937405935422202,0.10264013521260223,0.04756832176585401
134,3.91429817646742,0.017606395034593186,-0.025303310043307
135,3.8534652182041746,-0.09245636840077415,0.1548934712693879
136,3.8714948233765405,0.2564920968752451,0.033436922116444716
137,3.8248678468338695,0.06672708826873185,0.14569899954481544
138,3.7615760823849955,-0.03877823336141182,-0.09720493415367636
139,3.7279340125741385,0.08330830013675725,-0.10328436606677426
140,3.7668078153194204,-0.02893256367454903,-0.042148383842700754
141,3.7109624344742884,0.13017923189812017,0.014954501835708116
142,3.847131467156191,0.20023452621019555,-0.041564922981459404
143,3.9250937951397784,0.008106760469134569,0.2329466881448261
144,3.829737786609088,0.02542247450104542,0.09641087745164376
145,3.7566336747054523,0.1390915492756609,-0.13879649421427953
146,3.813796910551181,-0.020170781881110288,-0.09724570932253607
147,3.7375295683370218,-0.05728084366707736,-0.09187222992985389
148,3.9283964859299476,0.02969294548445465,-0.059156533530447246
149,3.6387611645915703,0.08831252131214504,-0.05378515524069254
150,3.7724188210383858,0.09975537638623735,-0.12098795297822443
151,3.9310980030251703,-0.04926721316628207,-0.0027251220377838784
152,3.964769597096416,0.0552165776392335,0.030887252078533947
153,4.036975679851093,-0.04335015594922562,0.0028732035734844842
154,3.7326225544457703,0.013488088762591076,0.00080642803381453
155,3.688108016741603,0.09878049469800695,0.008299406471558744
156,3.6372582160748665,-0.10784747719126792,0.012394877276142378
157,3.8996847128330443,0.19568168410036982,0.037460083060865554
158,3.9155737397028885,0.11088045582853198,-0.03284649460874805
159,3.682011781984016,0.006946055913534713,0.022708659580032084
160,3.9857064212707516,0.05016712756170183,0.004721095640515873
161,3.813704719737811,0.0778549368773436,0.022179962155341463
162,3.6728866700506555,0.13496397262347612,-0.012681137017894698
163,3.759191030579307,-0.08747515352036223,-0.0007817003439077081
164,3.9084845932543155,-0.14703940324015835,0.04998600207021856
165,3.8161756156892177,0.028511776002537518,-0.01988356990330324
166,3.635478356019266,-0.07477518883599235,-0.02080114957151994
167,3.708704633624181,-0.13278772001446015,-0.1481102699398402
168,3.901113523005027,-0.03474691308059546,0.05068067462144156
169,3.775029499765671,-0.01079622097811974,0.07073085969153263
170,3.909366508802913,0.11026492423031921,-0.08017765946058786
171,3.8530424022029486,0.07115443158563538,-0.11169389136210704
172,3.9057991346674314,0.025366400911745787,0.01136882011926265
173,3.731535853668829,0.06698482236871882,0.06072275375304557
174,3.7121460025519286,0.14501016507466344,0.08972685989582359
175,3.8131033053113508,0.04494993232909789,-0.02656335022370837
176,3.882027590129821,-0.16110247614615678,0.0910392033481277
177,3.922313147404137,0.16847014421085924,-0.02244215332847956
178,3.8597713451770113,0.12473183752028075,-0.11055999030764344
179,3.804672029466789,-0.035061232568733204,-0.04717652272545927
180,3.708826764380102,0.03612998986235273,0.014226932416789392
181,3.7037782048459174,0.1287303721825211,0.1340752375031971
182,3.9113937116011592,0.05119788392148758,0.21286147799722463
183,3.825078059770893,0.1086029357970963,0.041744252615054454
184,3.9372572197270146,0.08854725024641458,-0.035019831841933746
185,3.967244072667099,-0.06357950773299664,0.003083608535566135
186,3.791247726443035,-0.09516557029348466,-0.14654416967271705
187,3.8927647544389554,0.12159225467804552,0.0638122370334585
188,3.9363459251452544,-0.1294984677912444,0.15650626550853622
189,3.8769099981880566,0.23152542884364205,-0.097332073694741
190,3.831139313017266,0.13088083771016676,-0.029554595673481315
191,3.9115848100922204,-0.05035967937851935,-0.10407253037835829
192,3.8487007334715386,-0.09250744126398222,0.06907861556708854
193,3.9248808522091605,0.11539624350822597,-0.026913385325484956
194,3.7550283988120565,-0.0549028982347936,0.11626756675257631
195,3.6407322646585616,-0.06106897794858255,-0.14078306064213006
196,3.710539173425451,0.09449748210303707,0.018153525400617255
197,4.074316479911035,-0.0697602170226522,0.07250580709114397
198,4.0536846029903835,0.08837384952816442,0.023787847224847114
199,3.765037871292424,0.11563927781002087,-0.07707046696211821
200,4.1296267079161355,0.160979242990867,-0.03653015623350482
201,3.693822940801099,0.04980626359350181,-0.00784929543558751
202,3.8034346353787347,0.09959516220245129,0.02654580564683577
203,3.706590608695467,-0.1034884347384678,-0.14179840609680133
204,3.8995252031237846,-0.06231747939808171,0.013304787361795918
205,3.9906389271031992,-0.07146331118580879,-0.08731909013056904
206,3.8361191659624936,-0.02520704590880215,-0.08380561206178533
207,3.668784868423649,0.014315218901234668,0.01762564753385706
208,4.0135910110842925,0.04210798654407174,0.07356685773692133
209,3.75070980562945,0.3019763759222763,0.0914545154937026
210,3.825547628094834,0.09741779027107977,0.04202550173101203
211,4.021882497442166,0.1255383188957906,0.047059612087910235
212,3.7214946676787815,0.11762534852591958,-0.0413791176941911
213,3.9640749060788623,-0.09266513152514314,-0.18666930064158446
214,3.8407006916817834,0.10520224548839847,-0.15269772401297366
215,3.7143535329046258,0.0032891363769953427,-0.04523768934289797
216,3.872065380626585,0.04396437202467159,0.09228995388952632
217,3.934490667369879,0.09372931128742645,-0.07157342511602434
218,3.808713763410747,0.18396195118346956,-0.08855568683376544
219,3.919813674138541,0.09771760899136701,-0.15197060364345988
220,3.984868428307365,-0.07267053049713096,0.015707703434197525
221,3.910030129469364,0.1762223338969547,-0.14225578093765046
222,3.873869681882709,0.19528131419512457,0.015908072180573392
223,3.8934907811107893,0.03967033718306409,0.016853871080767437
224,3.74185741476443,0.09412229785021875,-0.05315248907983281
225,3.9636513652128738,-0.10045263089801681,-0.0443038057821582
226,3.81418881607146,0.3217237643051155,-0.07348233265119163
227,3.749848463683346,-0.04750075188228154,-0.19018924365587217
228,3.7412816027662212,-0.024102923059956337,0.030353504229148443
229,3.8914575857167057,0.04380851888079308,0.10789802834212783
230,3.926644342617807,0.019949293076909874,0.10625255603381281
231,3.610332593392317,0.175652201254583,-0.15448841818794767
232,3.807886016336321,0.13125948227397988,0.044473343845705476
233,3.826316208097017,-0.0663502063317308,0.1647440337756557
234,3.771583999781706,0.08854121190509132,0.17991024854505241
235,3.7917632702492425,-0.02554148376051551,-0.08843748660093302
236,3.703860798948513,0.030316566569039548,0.08011996812136883
237,3.8316180262662245,0.07307290570506188,0.031018904612644504
238,3.803029643708534,0.2926291848318447,-0.11414468242897308
239,3.682216234173062,-0.06996059492463111,0.08503314835871499
240,3.988172671235218,0.0037421253079784333,-0.014017710924500668
241,3.8468132503602614,0.08513944755501435,-0.1159880840662449
242,3.8447536106669555,0.13599283604986287,-0.06597747910204871
243,3.8152709024635936,0.04036049807650557,-0.10313575095142796
244,3.8051899913286094,0.005065923761122748,-0.12365726473404855
245,3.831976430406408,-0.04682038689139698,-0.08457035009682697
246,3.8005376398001722,0.11587244079042905,-0.08164806435766554
247,3.9424614168411365,-0.01173892090063542,-0.0339119976232776
248,3.8775523068486057,0.13325385849558477,0.04016931554988984
249,3.8259279472838177,-0.0029925556298216055,0.04140462002077693
250,3.999998691422052,-0.005580055662525486,0.012180290581660091
251,3.9482866055453347,0.10693345176510194,-0.028874039795773295
252,3.8188298668892298,-0.14089804350847365,0.1720819134202459
253,3.6555951563006284,0.13357294048217855,0.22285711264357455
254,4.010756120057871,-0.016724166440965256,0.13834190520406242
255,3.8135651887494872,0.03495393779083895,0.03276901462641595
256,3.731842471515229,-0.018236929308032147,-0.058781368262749906
257,3.721788443741952,-0.053452412206832174,0.03019940747302521
258,3.8252922823212447,-0.05945329895966198,0.0441144537026797
259,3.86050079119381,-0.0022539975802592094,-0.08810126584224273
260,3.9343637844007517,-0.08120798380989866,0.10557107610703348
261,3.7444593594684785,-0.009919105067085564,-0.12184942175319316
262,3.7487507205665556,0.02040855772917463,0.018509265086921533
263,4.025132811495944,0.11865431463728643,-0.10542042311148621
264,3.8245063823926597,0.08781922352747593,0.08115809326053125
265,3.812930404932064,-0.009366829490387855,0.09217997301602254
266,3.8528668184541104,0.10279058493292373,-0.1808719466994435
267,3.7932829490170206,0.10637961996136278,0.021338509450376276
268,3.7673828999471737,0.011433810326409194,0.24389253499269412
269,3.8780975101782333,0.1503885540252573,0.005766803315592719
270,3.8490509932149473,0.08531250983702544,0.05482270503864192
271,3.9383317425855204,0.13113621899392403,-0.063568495650417
272,3.681192667472109,0.09294658693237032,-0.14147358973740545
273,3.757424572545469,0.01987915079358546,0.14226947326112058
274,3.8566358357853936,0.06724451660460264,0.11181573902046925
275,3.8062211687093512,0.07116618213769724,-0.10434453275936817
276,3.864918968077002,0.03369916373254363,0.005067701603165297
277,3.7943141467921366,0.06111379671451048,-0.0948579007333532
278,3.890343155260132,0.291032632348527,0.13699923870853467
279,3.854622389164466,0.029200286071718033,-0.042154968508289224
280,3.8062921726216294,0.09459979483147973,-0.02369892404450182
281,4.021206039290001,-0.04060394927478193,0.18481394567690201
282,3.9445457580809133,-0.01212805353616838,0.0402991716053648
283,3.794911354396282,-0.011529003452484678,0.021708531594395824
284,3.7699315211411863,-0.0660650167633336,0.05633153468041471
285,3.8584359653718523,0.07704192996793549,0.23444322368648424
286,3.799782061090035,0.1620593352223426,0.16503876233919185
287,3.7222723169038523,0.06703315609924733,0.11209388046100502
288,3.901679506940897,0.021919201849556945,-0.004623559039480384
289,3.7165889841908184,0.04515994609552934,0.08128355734097047
290,3.833266084585228,0.08668949835035683,-0.09417113220210128
291,3.9427254124335946,0.033582315308649385,0.059545990410000894
292,3.9093478630709377,0.1466899438865474,0.22619126472039774
293,3.892442035191762,-0.06108649818749865,0.01991586325477872
294,3.842168213078624,0.08903350451779904,-0.08222883703150924
295,3.696050043042272,0.07600282851026818,0.1017160556382521
296,3.8322465285751806,-0.0727753470288782,-0.06687247992369277
297,3.8897564822313817,0.2149323980755019,-0.1121055188077431
298,3.7566531925052913,0.12239866090163659,0.0705423763447057
299,3.7654712281742553,0.03037195926376287,-0.08476510748647267
300,3.8956376424428574,0.0320146698048806,0.17575717785473766
301,3.9447255529400174,-0.1917571870030587,0.21049157034306096
302,3.820227874630037,0.2533985221669006,0.1208955588713923
303,3.714827099641102,0.005895126642197469,0.1440293141027252
304,3.7814918385969087,0.1544891969440254,-0.09569865562744623
305,3.8044028464237374,0.011169757492693243,0.13256799513357057
306,3.932451909335646,0.079588838108123,-0.01911340496246463
307,3.9760680733634994,0.0021457194803198576,0.1370350479617147
308,3.8316768127914695,0.23169527130520431,0.07495464204315304
309,3.8048913242276017,0.029151653474799703,-0.09910924641006412
310,3.722229480703885,0.04388092497168007,0.0019357701493998077
311,3.860107562295358,0.07581588090721333,-0.026955610168199418
312,3.9451887431155304,0.0134531201640374,0.09522240218124692
313,3.8456903425058213,0.21528796731348512,0.06506618195131092
314,3.8695279626892978,0.08371333722005142,-0.13761533324133496
315,3.9431724831779698,0.22412224394751745,-0.055404562947657304
316,3.893056341452364,-0.12547003214410998,-0.007999872338676361
317,3.93299353626088,-0.11866977216426575,-0.029178795290694937
318,3.9241117722960395,0.05263358282472234,-0.20056293761129618
319,3.6583046690071797,0.03554811713619254,-0.18210435742575706
320,3.791070286357363,0.0386535215959228,0.07870956201971194
321,3.862687796648352,0.13319277048204353,-0.02274468895411681
322,3.838905933958189,0.01676899994508107,-0.07308438213704026
323,3.8413130496592207,0.08732650694999503,-0.08533562228299008
324,3.814635454600998,0.020296891851487503,-0.024330212687594846
325,3.688546767612253,-0.24938293142009685,-0.08288779790352167
326,3.9653770212664927,0.29413850512984974,0.16627427707287026
327,3.8232512866534147,-0.02745646547639225,-0.025414530657972906
328,3.87196383920033,0.13847802781742363,-0.09578070360541754
329,3.8548894343769446,0.16337976480350458,0.04115329938861214
330,3.8605529408480916,0.051566401578079436,0.19744482841543476
331,3.8981259433285698,0.04182607835674454,0.0928917101281145
332,3.8622624100294534,-0.024207031919718937,-0.1411386624791255
333,3.7355906185909875,0.1372153253985935,-0.09476377054855724
334,3.8768355837550885,0.06483386309165834,0.06755174115470891
335,3.697272299159243,-0.1404711320190206,-0.012459330642262853
336,3.820513844878223,-0.012071246459019268,-0.019204935172501103
337,3.8303445472316415,0.06984271666300018,0.17705248290366474
338,3.8390572679038457,-0.1120589740142516,0.10579574696606736
339,3.748731352908241,-0.06552392703770235,-0.0924149668383285
340,3.6017745047193466,0.030438389388436606,-0.03363308018624283
341,3.8046722115019374,0.1322052916828535,0.07451579066936599
342,3.8642638287791438,0.06819393426156903,0.06773768931127971
343,3.8189067748210364,0.08696688542497073,0.18993553018594223
344,3.81308408844249,0.0022550518866178842,0.06591039995660458
345,3.721310304651466,0.0525102418391192,0.03891353403954189
346,3.8287032461850865,0.06594944757399483,0.0465951594895717
347,3.9321665663964014,-0.007968901478675329,0.05607122393425773
348,3.9810395274064616,0.08416708189659236,0.11832662341571276
349,3.91262757637471,-0.11842501531918867,-0.07536398133758829
350,3.687730232217618,0.069871829545989,0.038868718681990364
351,3.865832431405665,-0.04230429746043312,-0.01813729430463075
352,3.814129810361005,0.03390444581512524,-0.13346010867658334
353,3.772005182479504,0.033313164477323534,-0.0778020730142512
354,3.8411866217273665,0.1312634610706237,0.12899700632451
355,3.8935141794077035,-0.08322534348185526,-0.06599348281849743
356,3.8126686893311788,0.03281440057109478,0.03708053967934984
357,4.022657274153907,0.033709840284272485,0.0668470544997787
358,3.992100267283069,-0.07169660577838716,0.06938624319050345
359,3.8472872531031244,0.04062501951210529,0.1442364379483666
360,3.920851259840422,0.0887210568896601,-0.14302690175419597
361,3.8829313164950987,-0.03737179081605863,-0.09459462008219942
362,3.970420801381618,-0.00331462885568104,-0.2076060801663649
363,3.792834341258677,0.13300297396042235,0.026426341750335636
364,3.723902149114205,0.116116127085944,0.10011579200019508
365,3.789437376345958,0.22187728789316521,-0.14416114237373998
366,3.825002604681524,0.1177338544958027,0.05391108476303025
367,3.7746202705299563,-0.01994823073750212,0.2138942119964034
368,3.7748922138819108,0.21351398392121446,-0.07459433006426323
369,3.683856921930601,0.007129942771794372,0.14480090568977202
370,3.7534079188663583,0.1421665665327095,0.01147727211709842
371,3.9401314318181706,0.06577164078420324,-0.042328228061007174
372,3.851347687786528,0.08513437807761441,0.02126608073441183
373,3.811846418115601,-0.11411817584021583,-0.09568073645658279
374,3.745944960018551,0.03262442798106353,-0.005303410863680049
375,3.834117000667209,0.04234472204810087,-0.13738568161974782
376,3.9939161161733647,-0.10274432119591412,0.1397787431100842
377,3.9114121714761234,0.11504685827992697,-0.05221604093411552
378,3.827769823457582,0.021836619222811077,0.0030125740418922757
379,3.8579934167885583,0.10383393631590603,-0.10699479696838393
380,3.9095295926370635,0.1293383719878185,-0.10628715722107818
381,3.7475287557930064,0.28625327841639986,0.061835087465233474
382,3.7822601916914285,-0.06051995357095142,-0.07518097871442339
383,3.9672926438640763,0.045633303269768784,0.036438378624163346
384,3.708179838099943,-0.012105254251454388,0.0025565538859075687
385,3.7017098827721253,0.07044233509052224,-0.09838697735401584
386,3.84524272584363,0.08478616513952689,0.21453243759003288
387,3.8868798428908646,0.0859266028055948,0.07191911870078323
388,3.8033638358669606,-0.09418885259669779,-0.049480070411729055
389,3.893465479456581,-0.04587727425261209,-0.041788021089012896
390,3.8736221359601513,0.01075232327583444,-0.021922566169239557
391,3.879378371776602,0.09610885745508152,0.12081819254337484
392,3.803632045440064,0.09062691037547049,-0.011948708677375144
393,3.675993606122787,-0.09500813822088597,-0.2365430135258753
394,3.6951168399563326,0.038144382252031345,-0.013720141874018056
395,4.0841592607571275,0.14606282877780577,-0.149106479016679
396,3.951148696471361,-0.006356079292521272,0.010044013026274237
397,3.775339354176814,0.05589299207383005,0.10036453302280407
398,3.8548901324868,-0.028907117648734652,-0.04767961422394951
399,3.8833697320094958,-0.004856609029750096,-0.1477267428983546
400,3.868974133454632,0.03310471018795304,-0.13035278028326774
401,3.895346033067793,-0.12563588065754364,0.24366923726970402
402,3.8106994674758825,0.03937381836517596,0.03797157299885552
403,4.042566746794685,0.11864441291124272,-0.08713278299188117
404,4.047269564433803,0.07420459162554371,0.0071090191253394015
405,3.7796393381855378,0.11929751213219913,-0.09509794960074498
406,3.6838476134115483,-0.01801272468486221,0.05766576271004551
407,3.798053703031398,0.02982806777127848,0.06620458451564047
408,3.772477927331541,0.3383105467503514,-0.1453996334044075
409,3.7224187096123007,0.021590392163738432,0.24445162292170625
410,3.771847652676576,0.15600616234219464,-0.0019628683890680738
411,3.862612176374077,-0.013767116559912564,-0.045837038436753345
412,3.7158370022410048,0.009717364153696555,0.13131763125525456
413,3.7550816415906074,0.23704779490713493,-0.08251755868863479
414,3.849791298292064,0.10722618781494786,-0.15418873126990412
415,3.7186938668657423,0.058372884346435436,0.039763127625475445
416,3.9281636503859256,-0.09180504327048797,0.22039143185719384
417,3.9299614497303668,-0.018767407741895524,0.13027807648926873
418,3.8668082425867456,0.27563505795136484,-0.11140983326740427
419,3.879925600206852,0.013198827994201072,0.0029256544735744923
420,3.906531999321993,0.1688823857297224,-0.0439516107531794
421,3.6310284848392667,0.005736654945866601,-0.020437327181211502
422,3.820547566922158,0.03887514709251511,-0.008646607118265422
423,3.6851153094644435,0.13240156036155357,0.02041588468354591
424,3.9837195823223426,-0.046980588472254774,0.07785205030554197
425,3.8906837113538777,0.018153868784021178,0.0487406370652365
426,4.00641727069508,0.1626564506220745,-0.04328797230186119
427,3.806948509922529,-0.007443312618254733,0.17262547282211163
428,3.756764091520153,-0.004196546322506302,0.13280477041635505
429,3.8707431024406866,0.13626449548930927,-0.1540831433486698
430,3.82473979598627,-0.008439999161252286,0.01786957577992335
431,3.8295605989623622,-0.039958816450933375,-0.0012610097293081106
432,3.7429688994236,-0.18400008182433422,-0.16177284285772692
433,3.7452135865019542,0.04378049750762903,0.046923796314603694
434,3.7363447597219186,0.05297073442998667,0.25575465550576154
435,3.8402610147916048,0.04579220761001581,0.03749458779479234
436,4.02299154635037,0.022089208955307936,0.008675926533044295
437,3.851815021378184,0.05888527744136469,0.13397233301869807
438,3.8322120367474253,-0.02784736832355047,-0.08374570625963002
439,3.8226366925342976,0.010960887846028826,-0.150075493120377
440,3.9950983898697716,-0.012725624533282402,-0.09546329474859415
441,3.72958264353103,-0.057434983193753765,-0.013756245670158554
442,3.914024365758243,-0.11929600185056602,0.09443260565665124
443,3.8088763004064536,0.12803934830337574,0.08786001542894026
444,3.9170989177188855,0.17500867555867294,-0.09234071208215555
445,3.8771679264394563,0.09864304742089658,0.05158722647530517
446,3.8735884616856433,0.030088918473843373,-0.19842165408206336
447,3.8089538191863395,0.08039770407911251,0.02528249401849274
448,3.6789744447667894,0.020980523953517585,-0.05314447604825328
449,3.8804453749543697,0.2784037243831723,0.008072550681296437
450,3.7769653627257522,-0.034302290109590274,0.08941107983642821
451,4.031886472714847,-0.14924860311451177,-0.11437511095302491
452,3.917250860838475,0.11910106024782052,0.18006732799837757
453,3.879854243798679,0.0063657528377249195,0.014296385662512751
454,3.7865213418003068,0.12886556255439924,0.07887061057068927
455,3.926923411118176,-0.07312476210582233,0.13230568486557334
456,3.745127337307694,0.041685662790555036,0.09023925372296339
457,3.929252434208634,0.06625632570674476,-0.024982045364058653
458,3.71245489760571,0.17238838551812427,-0.1467346311884919
459,4.018238624735509,-0.02661251000766162,-0.060561481064231384
460,3.773312173043961,-0.03703208783904898,0.025683851154789213
461,3.924006492821538,0.24456136148290913,-0.10774310711223108
462,3.8537948945821134,0.01243026979431841,0.14366481828893804
463,3.7531534337730372,0.04592711521605744,-0.0142935711347126
464,3.74299851194878,-0.03634938442494432,0.014081514247013949
465,4.017031977295424,0.06758936775802571,0.17329159198933297
466,3.7937135541097704,0.17113821342270075,-0.04566898428586502
467,3.7513048510524665,0.05373440304873036,-0.02729847631177836
468,3.8965622082957814,0.11666886961773965,0.06393859258210112
469,3.9106245156101624,-0.04973755294098799,0.127988340105856
470,3.8654504644684233,0.16914916542790429,0.0440570988830766
471,3.8748798853086224,0.07864788371068643,0.03211251353488192
472,3.8790306010174156,0.10015710602131002,-0.0665382527553611
473,3.827953586089626,0.014315107908581717,-0.11146301284325395
474,3.8794581273494706,-0.028902851784459317,0.01855037658247771
475,3.781402658303644,0.14968202557393318,0.1302014096871482
476,3.9389615490498695,0.06030391072104675,0.07295823930041491
477,3.8654183313433506,0.2130884806223198,0.05917591225163591
478,3.9466068894658215,-0.112082897909492,0.0548280604572996
479,3.8064053657096055,0.026911646336223952,0.008139384833809996
480,3.867349616998556,0.13137780557497533,0.09617684277272877
481,3.839238805430982,0.01744147934809212,0.10051517173018064
482,3.8646848223430417,0.042297061224424296,-0.24358638970291993
483,3.7185381065327068,0.1766162570660393,-0.004924944805856627
484,3.8251360535250196,0.08373856438135471,-0.0622209507584989
485,3.728334952285098,-0.037654677338486646,-0.06669913342951665
486,3.693529820346987,0.1513744437219091,-0.00022954253361730378
487,3.772500620345354,0.07460135207275669,-0.07084449085881024
488,3.992276384510218,0.1891174817163045,0.03881580075044132
489,3.858381195668888,-0.04699889284913953,-0.08073404134502993
490,3.753673968975144,0.06588183149508889,-0.22459643465546075
491,3.5970269659506577,-0.005603986248981015,-0.04470184138809453
492,3.8752617225532386,-0.019803596161337998,0.06400419185772249
493,3.8849518960588187,0.21884962638011082,-0.17611257939469008
494,3.866826005434713,-0.003508147953992749,0.05566268417017439
495,3.6046860805394987,0.04620949882321955,-0.019354648706580626
496,3.8221388534806455,-0.054068942300154986,-0.17295654121542453
497,3.8252291000911,5.79367529600569e-05,0.005580031902776012
498,3.901498618926073,0.019042273456863774,0.03850585851503387
499,3.7816589720473774,0.12138078092073237,0.0011717982476784586
500,3.890927578588258,0.1287091738161717,0.10468928606961861
501,3.8369759186764565,0.03423729297199238,-0.03367495024122321
502,3.8134943978965525,0.025729020006882184,0.045215370491211423
503,3.6090798166339773,0.049408964398097575,0.11977190711450669
504,4.01074886819964,-0.08671903793802599,-0.07051173470507725
505,3.8656943810913598,-0.1246330109534668,-0.07435846152089105
506,3.8352437480553796,0.029984175295895588,-0.07834986508678253
507,3.8128574025881807,0.10957758910267607,0.0457824893307492
508,3.93183631211023,-0.03673289983506876,-0.009899977894737712
509,3.7219890443879398,0.029416238908343793,0.06714726530094146
510,3.772512106830198,0.004941048075637958,-0.04062312044482855
511,3.702972221187899,-0.10088181081899356,-0.14005645348458648
512,3.8006627928112495,0.21207490224463468,0.03240252028548079
513,4.053997463444507,0.043487943475882355,-0.07743017596211262
514,3.9465781157044386,0.015894733188426345,-0.05160438663234488
515,3.945290710136829,0.20630340280644657,0.0606992241974085
516,3.9533151723778635,0.1928475787001135,-0.004868861564083962
517,3.8604034399318485,-0.08995802887604346,0.023618694227796173
518,3.8269578899786065,-0.15925427966270128,-0.0672615232867308
519,3.8593893732401425,0.11682886637146211,0.011436822325160875
520,3.9068447696091444,0.05647733704165737,0.0017848857899004198
521,3.7988342670208364,0.06277993736989954,-0.07775932552790911
522,4.0294452120787305,-0.10007786339220565,-0.060443885360331066
523,3.9042721223991093,-0.06911463843730753,0.11110349124235337
524,3.8325680439312264,0.10446958927565464,0.009326987465390419
525,3.9558928661910726,0.17231239503772722,0.14210666958304893
526,3.8913413603202613,0.108098802937975,-0.16738622849247922
527,3.7903897160948175,-0.18874598536205292,-0.18517328607852254
528,3.601339057260761,-0.00549035103016457,-0.061815672808183064
529,3.8541044497311123,0.00037143349474391685,0.07881598550047865
530,3.965672936910399,-0.019095579636636446,-0.15508612621957618
531,3.578139153033785,-0.09251683956834725,0.018959337775545995
532,3.8708627513119516,0.02139514324198631,0.018476704639720672
533,3.9660580275398223,0.22273480228291542,-0.05462805638969263
534,3.71349147577038,-0.05395244501600723,0.011473510276586543
535,3.813785867792304,0.04927247252415911,0.15491063348267142
536,3.7743414455251036,0.15439368794692557,0.013736751386747167
537,3.817307602425558,0.0258046033380447,0.026451417080016606
538,4.038307899373982,0.07307608756623722,-0.02797019474625443
539,3.888061872704175,0.03968902459765375,-0.007676114237289675
540,3.8214505840051305,-0.002480192492868828,-0.0851761279648345
541,3.834823671980682,0.05731639566815039,0.02584858762465065
542,3.7438153618800265,0.05936236193316452,0.1474707375740256
543,3.839742055560547,0.0540539696916019,0.18707896270249658
544,3.8704361087514587,0.22622446654441522,-0.28166395458328486
545,3.881669114212207,0.1385069325511349,-0.14942071977277832
546,3.8903513711446367,-0.0524156157757636,-0.11469919300162197
547,3.945819789245614,0.26361382419532153,0.11300205059573698
548,3.8247467383725593,0.08189541357300054,-0.008980339138559373
549,3.688896863253369,-0.1724259386205644,0.07384109954166519
550,3.8127491145695322,0.040743546187380936,-0.058251270406288615
551,3.9402884808717875,0.03061351279613899,0.1607379222397076
552,3.832748464082361,-0.06622058698659639,-0.010733543341782633
553,3.833656394912098,-0.02630083215662759,-0.0018730117685291034
554,3.8082956062439832,0.08316655618694298,-0.041671410474210045
555,3.9941352352768673,-0.03726795596276946,0.015079808145232493
556,3.8749954752408944,-0.00743173654630979,-0.07235784063423392
557,3.7409510932252426,0.024794201079243065,-0.04075597384446363
558,3.9180403520417957,0.0008921969720202955,0.011476008312112986
559,3.8125785923984705,0.028267532835208473,-0.1990051250793901
560,3.759826996918994,0.14716627710796673,0.008841431246663239
561,3.8449233201390425,0.25991693284231854,0.07562756580927207
562,3.852184020227782,-0.09654683272018941,-0.04288365998278019
563,4.012129137911565,0.11399264827008271,-0.004478426736474063
564,3.883598207164876,0.11007794725955197,0.0017968519048191418
565,4.004640986612221,-0.0005385611133000012,-0.01123795903366015
566,3.8114981685111347,0.09626421740679722,0.21230413281878505
567,3.709619359730527,0.009769249334540882,-0.14900688319559283
568,3.792088312526339,0.054927371068534715,-0.004409104505420837
569,3.914854778537042,0.04261813820223751,-0.009073594820052891
570,3.868084887682184,0.07924645175820555,0.07495097554546366
571,3.8258398946100307,0.12689137349416063,0.08229571672581007
572,4.0262261630125025,-0.01501654767060532,-0.0012854145516960726
573,3.8802482980799855,0.04362250647498771,0.00029570159110762546
574,3.7536349475228317,0.2417951862247865,-0.29102983719085085
575,3.653727237332936,0.05985418460652829,0.05678960147284075
576,3.9398711797954165,0.13718412741969768,-0.03462318711164847
577,3.9664098981989104,-0.007498931794929824,0.042035608889379454
578,3.9035752050206334,0.1395430080324527,0.04768122411671961
579,3.9258880346542258,0.2672929971008435,0.1620721871375155
580,3.997942299355847,0.004101656770453717,0.12426324655195453
581,3.737282522792116,0.0523964319941019,0.05706581398764128
582,4.220143065066808,0.07747973884861226,0.04064646103926239
583,3.9524052564249392,0.12808201115004947,-0.03146595311291129
584,3.8780707606453473,0.09211494938689577,0.02197690757775004
585,3.9499336847663766,0.059988971256452736,0.019647165567564608
586,3.9097390492967743,0.03830591096510705,-0.012568441036591677
587,3.675115957527142,0.02448958137871833,-0.010477236659190425
588,3.7063744258591815,0.17159112493065728,-0.0037293900042280493
589,3.9571381219162607,-0.09582196474334523,0.20161269972217563
590,3.9074975185381504,-0.12072361420665623,0.1706091003942819
591,3.8162443662999093,0.03083431699541466,-0.05261857110588458
592,3.8689177143253874,0.01614200132493447,-0.18031477234393253
593,3.921904814934671,0.07606045643540271,-0.11159764146222584
594,3.762989813942652,-0.035636944017423115,-0.10431753012353061
595,3.8963613783694915,0.15821224291303376,-0.12299208472779113
596,3.894879323951268,-0.037610491148995985,0.11769838908959934
597,3.976558201688269,0.19787386011291108,0.04186101102675445
598,3.8911733237205346,0.1163203059477161,-0.0659547731728072
599,3.795323407899711,0.15775806766162126,-0.032200309196880515
600,3.6893172775016,-0.13693514566244122,0.0049668614932014
601,3.7827096786277044,0.0745565377552696,-0.005977847246012478
602,3.773418329678603,0.05299918574698103,-0.14894046043930403
603,3.5943307519927985,0.1048686354800888,-0.023542119946306693
604,3.965383151002505,0.15589940152096646,0.0466629140418912
605,3.872167539440266,0.020897753318894742,0.08794362850436829
606,3.9053804858182333,0.2643135879723425,0.11420646809031505
607,3.754183900597092,0.055692513802198904,-0.21260708460654065
608,3.775967940377119,0.025295224866718917,0.20918360115248535
609,3.854247842763564,0.2420393838803531,-0.09049599820962483
610,3.7800955988200857,0.11823877431952176,-0.02576181062361579
611,3.8210652084453445,0.09460196507334584,0.1303790985090406
612,3.809555735440729,0.11365498479233273,0.1001725839880358
613,3.7589331157149295,0.11935390059012957,0.12406687568592188
614,3.8475377641060455,0.0717622166377476,-0.12825579207744062
615,3.9299408797699757,0.06347186671266584,-0.06111051884498064
616,3.9186617591163087,-0.023208413413218255,-0.008683444373800864
617,3.8510756532134987,-0.05182077498183529,-0.10051521300496856
618,3.786913224168218,-0.11083813755171282,0.14128972028319295
619,3.869354655887283,-0.10045634524314795,0.04150071017913433
620,3.907722055824584,0.0036090068661559227,-0.05734469309730671
621,3.7085307209808467,0.24357279277692095,0.0004481842569995431
622,3.8807637254342455,-0.10547682177835505,0.14153344381611246
623,3.852499415970651,0.04938726609940713,-0.08968324967553559
624,3.830325696730156,0.03247537974988478,0.06090240772919667
625,3.858647273077207,0.11680156770166708,0.058571521092309654
626,3.8449372060883147,0.005575309269706084,-0.05683162639072026
627,3.9130606121405265,-0.041093044063474325,-0.030790144124750174
628,3.9657668920763913,0.09242351643385421,-0.0060011608345270665
629,3.741965647620475,-0.06534712139546925,-0.17217844737932134
630,3.700461073136671,-0.06574896903799748,-0.03065241100727791
631,3.8535627534427634,0.11196175553544252,0.020919010261699972
632,3.6357652277866017,0.032382000760591494,-0.06015119107220565
633,3.6849324451719037,0.09825758419022726,0.045422871914137165
634,3.801306918170265,-0.06555596498812422,0.07570346827830333
635,3.765046463259195,0.12077913232011805,0.08184075585361855
636,3.7562260700881382,0.13946651721188758,0.04129685010744399
637,3.789301054390109,0.028695932752406797,-0.19158306778458026
638,3.7652360551169926,0.04805700664837981,0.032993987467872805
639,3.774040811298019,0.07743602312797086,0.06620419215807434
640,3.950261471348344,-0.0038660554205137837,0.05494918860637643
641,3.7569584238912213,0.053292207175122425,-0.22542331795657758
642,3.6141261981560637,0.30722669379942025,-0.06071404717608846
643,3.7188812220821794,-0.054073396307471815,-0.027544259304017795
644,3.8522261589085995,0.17368523737013283,-0.006091530540629429
645,3.74806453114683,0.4106592225531692,0.20575456988708832
646,3.9276072223506504,-0.1026536463299626,0.03186849530386809
647,3.9548312768262313,-0.039390772057995495,-0.12958948921308164
648,3.937547248830741,0.11294733861984219,-0.05385898777787068
649,3.7399989668808735,0.014218816504518193,-0.05210057212336731
650,3.8515325511445733,0.16992996428915597,-0.047378612747142945
651,3.805696522992827,-0.01039925022627216,0.13713307163275476
652,3.804416721377415,0.15140039084106718,-0.024136625413001406
653,3.721020574604487,0.12153451035802862,-0.03108417272280078
654,3.72243080269889,0.23906236462310687,-0.17226898701017293
655,3.8220443539765205,0.061524509564377716,-0.008384279967581757
656,3.845462163466915,0.09680320317933246,-0.034617283662912376
657,3.8802078474999058,-0.050013285535030406,-0.05508994362174427
658,3.8876571599086827,-0.08701135646550467,-0.07433744202517957
659,3.637476477591845,0.1276413773168059,0.0971412595602689
660,3.846799611110421,0.08115103182985461,0.052122347496892166
661,3.734211071409753,0.005396314130879536,0.019788661129089582
662,3.8410075016968905,-0.18345824761132015,0.03482347041607944
663,3.8131776979860437,0.18875713120638982,-0.00223094949215722
664,3.964920006073095,0.11429046889129219,-0.18691952192902686
665,3.7882518870002957,0.0763867980019408,0.03451102238582898
666,3.844278652598269,0.01457451349365723,-0.10203981382447341
667,3.7625602760866914,-0.011118977142939322,-0.025487067437078476
668,3.7957208237411653,-0.23892464375920283,-0.1624257747181762
669,4.032423562609327,-0.1493043196173022,-0.07578125434702505
670,3.7518783142617083,0.03759634290772944,0.06750516769383388
671,4.007114486819932,0.12854903582231778,-0.06191809047838112
672,3.8433160418632597,0.04550215274279101,-0.13896114592066666
673,3.9690438987559196,-0.00583391973782979,-0.043883080499621564
674,3.761386778346427,0.11676007853596937,0.10312780551024565
675,3.7994987637824553,0.3370572092840967,0.11019546358598603
676,3.833585613482542,-0.1128222617273617,0.2941997588572817
677,3.7442860660480295,-0.014672164277686285,0.09093602038793391
678,3.7537804647958075,-0.13427613017859505,0.019437912476184687
679,3.8095770423262203,0.1256175459529984,0.13264151167696317
680,3.675377400591744,0.04641147501243991,-0.027530806935207586
681,4.033568178790725,0.180650278994877,0.03713382758175544
682,3.9629513706398947,0.2209935574681019,0.11140983663331634
683,3.81791471410331,0.25257157167653316,0.09171477188615651
684,3.9200803987534276,0.210848780245968,0.08166030377234837
685,3.8475318390114284,-0.13402717105778453,-0.12063701677380101
686,3.786190589094256,0.03612342506899228,-0.07660170851420134
687,3.8192764286207903,0.10049770427813545,-0.07661346075323669
688,3.7304723311975034,0.04282005552390895,-0.09532870238271118
689,4.032848024799659,0.19041980625622512,-0.1445659225964061
690,3.7080892155362184,-0.13117119618135564,-0.06166143306963156
691,3.971547230222742,0.01770742121030769,-0.04904561579330683
692,3.877727438214823,0.11427324500416103,-0.05291662089913666
693,3.738095561544846,0.16122602665937386,0.0310181514517541
694,3.9786586737036633,0.21560732117259787,-0.04567470038313017
695,3.68255341254053,-0.08489159882246283,0.1594936150474937
696,3.8693777166892938,-0.23754465523441795,-0.026814783692177876
697,3.9031924840632435,0.08618295335829582,-0.20545890277970683
698,3.867504037462159,0.1752966866882413,-0.0364858977718174
699,3.79666198867347,0.054302870084721316,-0.09213652800678573
700,3.9736198094138127,-0.022798527936299003,0.06807005702019041
701,3.827665519543181,-0.04067860561243256,-0.0480648543408152
702,3.8828210455608354,0.02476684575311576,-0.04196275436600033
703,3.860263232131012,0.15662073582325656,0.01731728712180734
704,3.719716034301676,0.09013381764769626,-0.0588818088468267
705,3.9133931904813,0.06849103215762986,-0.011368315217847827
706,3.790001621733748,0.06120722486386015,0.01472236019270202
707,3.6846325268792355,-0.007087059871862041,0.09967674225673451
708,3.8625851136447116,0.10977212168852685,-0.055111280059471385
709,3.826003046371804,-0.061862351662286784,-0.07177715132249127
710,3.7597663209862953,0.1828486727259803,-0.2811235596772191
711,3.9020311461754753,0.06415692063016787,-0.11213481212108244
712,3.9275959250949835,-0.029343417486378677,0.019028646889093268
713,3.838449223037194,-0.05772397371445955,-0.004451271697418384
714,3.8423587069404554,0.024809510783190027,-0.0034861730354865013
715,3.9741925206530406,0.021359079417207834,0.038919974758677776
716,3.7329406857867147,0.30221186138843076,-0.10153660398238284
717,3.888690993574616,-0.14031998877868668,-0.04339326550389422
718,3.831106027431966,-0.04073281071253857,0.11606781456932042
719,3.7090368432701886,0.14458453785455716,-0.08606574551302952
720,3.763310790697786,0.1975472934529081,-0.016093563866963007
721,3.9510800489126776,-0.048553083864498574,-0.029584071247987967
722,3.8987727966421755,0.13697083040233327,-0.029212286841666643
723,3.8883237831610726,0.06455766116102077,0.12914307116642107
724,3.9054293739030297,0.10407058168359493,-0.11232012218541164
725,3.8620950223069936,0.09096679022223274,-0.1231100891010635
726,3.7735207853200867,-0.1215785110829608,0.003432758970237393
727,3.565262965823837,-0.03543254506481152,-0.18458008249227215
728,3.610411571310789,0.009461427368063921,0.05796527185917615
729,3.7395239837517256,0.007564838865529423,0.054983571445025026
730,3.784271648757091,0.30273742720468155,0.056097013867848926
731,3.9452774732987663,0.19737120350084725,-0.16935745537488456
732,3.729796934057495,0.03240449695761197,0.1410573148580107
733,3.8127564399788065,-0.12292658922255051,0.12134425392755535
734,3.898397095683852,-0.05004116745477246,0.0997402248807876
735,3.839744789443249,-0.1445042032507351,0.13835275874670735
736,3.8969246235705333,0.1666521883273433,-0.0030985171954618505
737,3.978802437542352,-0.053844058178382455,0.03462579442691728
738,3.9664948130050015,0.1598169723746052,-0.019843127423364464
739,3.829376779180089,0.03230329725440419,-0.05398382718974823
740,3.8285532746218776,-0.023899607885465128,-0.1495118271683893
741,3.8161165173048057,0.08256050644625464,0.021318877570572686
742,3.8421818400399754,0.1237623414896401,-0.016374282526150002
743,3.808084693161641,-0.025319909166384776,-0.22465580288018816
744,3.7807998613495086,0.06638616711616309,0.2461589296609289
745,3.8987677096658073,0.17443542574609341,-0.035859583551071335
746,3.9572475868252446,0.04765890403654965,-0.06001516306320525
747,3.8072289713598018,0.1703664920612423,-0.13354624621082298
748,3.8442188969959585,0.0386986684873846,-0.04612011129647222
749,3.921340575081873,0.00521967360667059,0.05995311223646746
750,3.7822674727458154,-0.1328815932392333,-0.03844591961628261
751,3.9450964612898543,0.09035300224598608,-0.049995964064977395
752,3.718765679953644,0.12421210183750792,-0.019541978082260783
753,3.6535967590340475,0.1156324034272676,-0.02313848161292699
754,3.883933533114707,0.17614770862696544,-0.20745156643079543
755,3.9528020663331236,-0.014456895349826283,0.023117755745241653
756,3.9267944389796883,-0.06873532198371521,-0.0597988675589214
757,3.9480292414026765,0.16798124279333515,0.006645074912348259
758,3.8603010111891005,-0.023935134456390762,-0.00415671813205182
759,3.8040924452621003,0.16112139140329593,0.09535645761153991
760,3.80047980993072,0.12518027420275066,-0.04067144794445255
761,3.6816471422993624,0.06625375242210384,-0.0595266312018872
762,3.6099878061007233,0.04453071178097927,0.0013466167809694294
763,3.8231500566492684,0.06548365833223066,-0.06797689370461407
764,3.891412677382153,0.14366231958478823,-0.005366445800160434
765,3.84107943003297,0.01283620723753514,0.16535291922887854
766,3.9050602259883482,0.06040583837033775,-0.07739400160419425
767,4.004634644526123,0.09752914363950689,0.04366025490544986
768,3.8844508380813814,-0.05290655384074424,-0.06441740866486999
769,3.632242449734658,-0.22715198553028618,-0.025143306839998027
770,3.894546469374812,0.2560360943696062,0.07542510273982389
771,3.8070020685995583,0.1323090427391955,-0.04121734877282011
772,3.979681911555033,-0.0033158518273133236,0.014523272556535238
773,3.752344154013192,-0.006723130886316993,-0.0024992938921373758
774,3.813956942203519,0.0693158601137486,-0.07183478708201496
775,3.652867173860554,-0.0664380879107527,-0.03093983577577075
776,3.8763698126945973,0.0828357867472582,0.13926218893395326
777,3.741753243057908,0.1546379880090252,-0.1500450046633805
778,3.74288007294219,-0.05116523659164789,0.008500323606733633
779,3.8454910719459456,0.10571399505920344,-0.21436821325660638
780,3.771781940173705,-0.03323151497273726,0.06874852991194025
781,3.770267370936285,-0.02566837579735528,0.011948586047190167
782,3.9418555119476104,-0.026492699025038,0.04701606184234639
783,4.003746484416591,0.10505923268768382,0.03698372871333615
784,3.9575665120054464,-0.019469313455485644,0.13780029973820931
785,3.7883227051720314,0.06379848907125703,0.12752185884558884
786,3.790602282325457,0.17078376407043394,-0.07196412298513803
787,3.8721995946318457,0.0005372067156911367,0.005029656243394073
788,3.8617600073958056,0.2231264699042058,0.14403565927010076
789,3.872070539351432,0.022821817047803422,-0.03370002163611204
790,3.6912501484809814,-0.02908333792673238,-0.01718470805048003
791,3.9488114646607433,0.019198662822406523,-0.05544256552851784
792,3.6394908144372926,0.10941691993954455,-0.10813880214468707
793,3.8286370529253104,0.08240154239725837,-0.06582105448167323
794,3.8864758208835783,0.060792882915800615,0.1256089771937824
795,3.899291959808916,0.13139134665943944,0.05760010636796965
796,3.772489114586224,0.08300977345808332,-0.1733702361660747
797,3.7312638843149957,0.0442880045913733,0.09417317926356722
798,3.789415680342943,0.0184284787692025,0.10711072768002994
799,3.6829308802157823,0.16179097796996017,0.152182572560952
800,3.8503986822285987,-0.027729809878126878,-0.10239457750145316
801,4.131306110367023,0.08805070670210571,0.03784439396523051
802,3.81582013012963,0.040842729312414054,0.1028862769361608
803,3.8248482778729582,0.15103965915085213,0.06408529384332924
804,3.916742329102046,0.03832848136155982,-0.020102019673916657
805,3.8890936115365227,0.03636939388111514,0.025446847361368038
806,3.972260326782511,0.09597362765890174,-0.06061546769196274
807,3.932988312379047,0.0936937130269187,-0.13523071675667225
808,3.616734753941528,0.12484577416719339,0.08605216482579409
809,3.82220481545591,-0.011466648425212646,-0.1539454774592909
810,3.8300038975202724,-0.0028243080855833227,0.06429128715827709
811,3.8316136575578312,0.19363051549997293,0.08715591427485055
812,3.9492987980959495,-0.11373995921971733,-0.26246922090501507
813,3.7978301632965348,0.1514863927155192,-0.07102937346022783
814,3.9460510853598136,0.034387010341838276,-0.018091245018800797
815,3.696986732575963,-0.12557346241720588,0.03856701587977702
816,3.8688735574609274,0.06646223691025,0.03815047378598963
817,4.00271505336756,-0.08477097069477607,0.0682590867292416
818,3.8756866458945094,0.014029893101896805,0.0245891292346984
819,3.708215149919475,0.04601899724571385,0.1116387449432434
820,3.741046523479516,0.08137540463425372,0.16309967970971484
821,3.8017508506949316,0.014143695228434248,-0.02672516278553219
822,3.96226237304021,0.19455181863209414,-0.006793804024613931
823,3.9973562289152156,-0.03456051161106035,0.03212546465907421
824,3.804277058439375,0.10877218931653468,-0.14949516815090488
825,3.6893265579963,0.06752205828164416,0.1120531561766368
826,3.879986319567049,0.043822651687075734,-0.014150131133058921
827,3.6412571498062807,0.11459114993843256,0.12557556653050916
828,3.920942912376932,0.07995191596599308,-0.19406394160116552
829,3.7758071806463067,0.10057234917578467,0.1589128792795623
830,3.5775566621852173,-0.0015913189066325273,-0.11039849316415935
831,3.834691544512342,0.014797414382033164,-0.11880011926133932
832,3.856692644847871,0.018423921508265634,-0.1572919128852392
833,3.849876260336,0.1765692296279154,0.05483755846312969
834,3.7390274963047743,0.09229488490457993,0.06436761967451705
835,4.005720836922217,0.11658021888586947,-0.08144990165045363
836,3.96408248556768,-0.11096860648687437,-0.04455029358097527
837,3.7055278972881482,0.18776621737120264,-0.01927137315006424
838,3.7519976331829157,-0.15617262968490211,0.045042236236203494
839,3.8839154887586465,0.016956595623407865,-0.09197761907624619
840,3.878735276400878,-0.07507379278478116,-0.11158812614580989
841,3.8956307227907696,0.001531034297777699,-0.029971544899040293
842,3.6382238032981213,0.0013369888504440805,-0.05285975205271515
843,3.9181600663393605,0.06859124025184954,0.09866496478168968
844,3.841055051808046,0.004357492983421661,0.23594437956020045
845,3.7045579056637994,0.08409427536639684,-0.09024277375224361
846,3.866362718001526,0.07063885438284817,0.01403709252305872
847,3.771090555157265,-0.09739355954183485,0.016453645511905913
848,3.9059564625493675,-0.13796900068415516,-0.09088211807159424
849,3.8764079102026523,0.13013905471827816,-0.013947809309455161
850,3.820806224681664,-0.009301445235604729,0.053143061977790174
851,3.7669045751957415,0.07389418739652422,0.06089268350555821
852,3.86940821693535,-0.08286503867748407,0.0025931362464415987
853,3.878032719134144,0.06753342177596977,0.07858646073302569
854,3.826887683472748,0.10301174587797252,-0.011983106965829974
855,3.9316874822694374,-0.05450610269017705,-0.0944634519649725
856,3.8487149302102135,0.03853954308865927,-0.13270386047740976
857,3.7511072455380967,-0.12225972200075022,0.18454132535917844
858,3.8895781273354,-0.1319909803694491,-0.09207345164875824
859,3.8697023825670027,0.05802721998320196,0.13466572935792132
860,3.8230780967430715,0.10537948117868526,0.1463323605597827
861,3.8918761358551994,-0.15361681144000702,0.11622039285836652
862,3.9477053402751574,-0.0722213465283689,0.189771214912502
863,3.9167421005726273,-0.058821817260188404,0.1348481874286892
864,3.7411572782088043,0.057769496228797915,-0.06998265925338108
865,3.806779920543172,0.023939293684816614,0.02121609791090112
866,3.9509791575049347,0.0402791467688801,-0.1453820424897385
867,3.848488554132423,-0.12277871426891204,0.16378318587193735
868,3.7779163940386606,0.2921950824977132,-0.08841423112650604
869,3.638483184661912,0.023752579397300015,0.09083585667525815
870,3.9268478301653666,0.05352703619254518,-0.11809884385521728
871,3.9141569208297042,0.04356360457953089,-0.0626365843121318
872,3.8738129967088364,0.05170601703310889,-0.03884265001726228
873,3.863458891188791,0.23791605957046677,-0.026649185139617587
874,3.8624430080714682,0.07810441502598903,0.096598260761191
875,3.8077327007883826,0.04974836109413618,-0.22307641880630802
876,3.7129246094612296,0.007780020152804594,0.09284131652295392
877,3.809037509646916,-0.07458243052887975,-0.027478317109537537
878,3.929145132318386,0.11371362628742206,0.10310710720439382
879,3.7618260014239517,0.1756293949421842,0.06011767852443692
880,3.8443353083419933,0.09044327842838239,-0.14529314339248264
881,3.8302336673859343,-0.10178685595237116,-0.01733986038215771
882,3.672390194394893,0.13986777007064144,-0.02927813346517045
883,3.9351045697518106,0.25117892967617284,0.08207180476529645
884,3.841202075262634,0.013888324485015577,0.1226088399069212
885,4.011063761264849,-0.0751577687681341,-0.07222976791081659
886,3.9744402143583826,0.08777232121605144,0.06465486752458295
887,3.7288299657292,-0.001717741821843581,0.050242109740249556
888,3.821758844108153,0.16729985146157483,-0.003621646455575191
889,3.7607448568995343,0.11863314627000948,0.01426098680706526
890,3.919123255025701,0.1689933103141433,0.10479910789264937
891,3.8048883305051944,0.0030041811702752816,0.0957774526898812
892,4.10776687785302,-0.059847415111686085,-0.020469938202948186
893,3.8916983149390205,0.02393566155036012,-0.05812570500464301
894,3.7808572618230394,0.11742309012340141,-0.16608909519184512
895,3.9085751794627552,0.05327790353311899,-0.18164981055145332
896,3.7568674703319225,0.018299316677966804,-0.1349346026374198
897,3.7151047627936995,0.017484546936444176,-0.048309296778594614
898,3.77437100152564,0.028780083794005297,-0.1032050043491306
899,3.8722308198938684,0.03751799951232335,-0.12205516217617192
900,3.7814509750543124,-0.004708418914004878,0.10970999087823496
901,4.053134167657073,0.1254401220694292,-0.06910154394906375
902,3.8060244413057167,-0.0311746900304632,-0.08092705686021373
903,3.7997460572436306,0.059247617261502336,-0.03534242044482294
904,3.875223731232216,-0.03666734379317275,-0.06987360834210225
905,3.9129519716179453,-0.04318487755249715,0.04306164185323061
906,3.8773430923210763,0.1830504305757207,0.2381052970052313
907,3.656308467060029,0.14255736405974412,0.01784241036319794
908,3.736384947067962,0.07120721655473498,-0.016721566183216394
909,3.7979662370979868,0.05810005095878247,-0.03053511569249519
910,3.9047321739047254,0.038039519927685214,0.06900364260767831
911,3.937559533328669,0.04076644610780975,0.02444704800894176
912,3.9238091583338197,0.13539686702762038,0.047943491680144154
913,3.8185747494880538,-0.02536351106050875,-0.10493125337755234
914,3.921002067609107,-0.0022220123714836865,0.11500981464890703
915,3.9637170958533985,0.09316272968638739,-0.19933851467570604
916,3.958757943722105,0.05956089820118738,-0.026418002215797716
917,3.81630812883736,-0.05018838228574344,-0.09801652059887288
918,3.7381729547478524,-0.029592894383154093,-0.002685168957756972
919,3.790613841590975,0.12841269723277413,-0.20334160855868366
920,3.7649331394215277,0.11748536366619339,-0.1665262892132027
921,3.9557336617762138,-0.007431833626505416,-0.03620043851859039
922,3.835986869667418,-0.0541470691174234,0.16584150846117407
923,4.0302292136477025,-0.041631299589982164,-0.0847891537938959
924,3.828122324676475,-0.028348351744179275,0.006513233669478651
925,3.858155089445734,0.14508388464662783,0.06764137440459564
926,3.9441644897258414,0.24357160106492576,0.08791015825146344
927,3.8155993903781886,0.2236672839005757,0.026529160908841165
928,3.729389486682437,0.15849805735913133,-0.02893615438323296
929,3.671758727352363,0.07274397299624194,0.1259143305161003
930,3.5663533149480813,0.1425552878718415,-0.061703795738247774
931,3.712400747824311,0.1583455897453071,-0.0857044250481037
932,3.7634746761245585,-0.06362225204047608,0.06360513942115754
933,3.7198374819133395,-0.009251186099616095,0.008343614590891198
934,3.680127861929046,-0.15242740492182216,-0.019770458474835204
935,3.9293541022909793,0.09137200072756267,-0.05860370177364288
936,3.922575531550739,0.11592330557742553,-0.1417878791113648
937,3.7555689367407203,-0.03458817955809545,-0.02858285484261285
938,3.771450616033427,0.039698924577292426,-0.05970782313568517
939,3.7812671414914774,0.053230731332862165,-0.06721011067265138
940,3.844327804376628,0.06452790585170222,-0.00935112224065747
941,3.812002118199749,0.20522462758954427,-0.08820844295003788
942,3.7899498129309523,0.06883404281226237,0.2566322761133074
943,3.759786239188848,0.01853557094176104,-0.15951745254243235
944,3.840905445752212,0.029637313078045843,0.07975349104315528
945,3.76515935834042,-0.07414418304066844,-0.06079080207741484
946,3.8513526604961985,0.03305106150910385,0.08434079160250921
947,3.9629689396509096,0.14337730456437633,0.09178082238898003
948,3.983719015658354,-0.08337720361798942,0.1258753002344227
949,3.7603810054511198,-0.027911423797762437,-0.015085123513740232
950,3.9067593895114308,-0.08656871940980329,-0.06311276145656251
951,3.90344037784841,0.10393298319092764,0.018387367724321865
952,3.8941319739776636,0.049842611802962,0.04793674816101731
953,3.9954095719474094,0.011547450960996374,-0.10968604035876495
954,3.7832898963072865,0.07365761507517325,-0.042991237255535455
955,3.988543225576341,0.016218514930491916,0.1590544607035086
956,3.949206115864914,-0.07134895968237603,-0.1501229566015152
957,3.8170696725894038,0.12075512823303058,0.00398725477015473
958,3.9835737592612186,0.14822648233083582,0.0047733666790314
959,3.725802921876383,-0.04610117516927396,0.12360873685578838
960,3.8244525891227688,0.19659108316470766,-0.002292032620861125
961,3.8376010034997865,-0.07436384512462935,-0.16360366702931095
962,3.695569644424062,0.12875707663194813,0.18929433057664002
963,3.937986035645693,0.0749810273753071,-0.004958027409770853
964,3.8053559543784266,0.06625824997620165,-0.0367239526787933
965,3.8145673446337125,-0.00012948271616320534,0.02322914269911938
966,3.9231617041969162,-0.03690157886905352,0.09339611455511986
967,3.8686951142410018,0.042181542228233275,-0.06259877393896134
968,3.982108547721657,0.11883864747187475,-0.08842810046637417
969,4.04473478621025,0.33426615512696367,0.01378462551552277
970,3.796865263607249,0.026489925154440794,-0.08540555752689884
971,3.8087098444393623,0.03636778854833182,0.10458360890451267
972,3.873318881843702,0.14082802684045956,-0.03566433368209595
973,3.817056582244635,0.12584159556324642,0.026757496752042604
974,3.8576877823488642,0.12915605146198345,-0.10158487258487486
975,4.008612870413693,-0.21642782665219293,-0.12127903517197812
976,3.9903174295796404,-0.11383111334222637,-0.2164668226553082
977,3.669653934595357,0.021418988117898934,0.03472486477158668
978,3.9494712721764387,-0.04154264317204013,0.0544658937292766
979,3.8800003614466583,0.10213290720617181,-0.0033646720194613396
980,3.839253684400737,0.12905800448314428,0.12103415356892076
981,3.8663668964047946,-0.06708249343668457,-0.014882665818645922
982,3.6694842810959183,0.054194130967123576,-0.1621260121854517
983,3.825815681588924,0.008060527770879622,-0.012972106739957526
984,3.6712985105979388,0.14968956889303048,0.05453710733440227
985,3.9015165993873313,-0.08988416493575757,-0.10681700635513572
986,3.764895218248059,-0.06751405506491634,0.008830242088435877
987,3.9252941476314955,0.13106703167213393,0.005565862988783109
988,3.871524925004609,-0.025011552510968767,-0.06887442727016978
989,3.7383565197326973,0.1283227958495898,0.04352940383800805
990,3.7327549302377725,-0.146471020710991,0.0011509023537640281
991,3.7608410219250854,-0.11665871943433967,0.07144422684065553
992,3.7973650640085603,0.21378888909438457,-0.1315245472554161
993,3.9404629225012666,-0.01313146178205269,-0.10217256583859058
994,3.6187184629572955,0.07464065749351587,0.03954480037270307
995,3.798488171765315,0.09724057067015224,-0.12910360664029083
996,4.028003503055014,0.2042765516412807,0.009169837910738365
997,3.753083438587152,-0.04816791694069649,-0.11838749536682883
998,3.8638942281316906,0.17362187534024157,0.04956612509133689
999,3.6883179369346744,0.1391497529420317,0.032219379520861055
