,electricity-fueltype-nyiso-nuclear,electricity-fueltype-nyiso-wind,electricity-fueltype-nyiso-hydro,electricity-fueltype-nyiso-other_fossil_fuels,electricity-fueltype-nyiso-dual_fuel,electricity-fueltype-nyiso-natural_gas,electricity-fueltype-nyiso-other_renewables
0,3276.0,106.0,3409.0,3.0,3618.0,2722.0,265.0
1,3277.0,109.0,3401.0,3.0,3575.0,2778.0,266.0
2,3277.0,111.0,3414.0,3.0,3593.0,2815.0,268.0
3,3277.0,111.0,3414.0,3.0,3593.0,2815.0,268.0
4,3277.0,111.0,3414.0,3.0,3593.0,2815.0,268.0
5,3277.0,111.0,3437.0,3.0,3592.0,2867.0,265.0
6,3277.0,111.0,3437.0,3.0,3592.0,2867.0,265.0
7,3281.0,116.0,3409.0,3.0,3630.0,2923.0,260.0
8,3277.0,112.0,3411.0,3.0,3629.0,2961.0,259.0
9,3276.0,113.0,3415.0,3.0,3611.0,2952.0,262.0
10,3277.0,107.0,3427.0,3.0,3637.0,2990.0,270.0
11,3277.0,107.0,3427.0,3.0,3637.0,2990.0,270.0
12,3278.0,104.0,3386.0,3.0,3612.0,3058.0,264.0
13,3280.0,111.0,3385.0,3.0,3609.0,3051.0,263.0
14,3278.0,109.0,3434.0,3.0,3606.0,3062.0,267.0
15,3278.0,109.0,3434.0,3.0,3606.0,3062.0,267.0
16,3278.0,109.0,3369.0,3.0,3615.0,3083.0,262.0
17,3278.0,108.0,3395.0,3.0,3582.0,3080.0,270.0
18,3277.0,112.0,3402.0,3.0,3612.0,3074.0,271.0
19,3277.0,112.0,3402.0,3.0,3612.0,3074.0,271.0
20,3279.0,121.0,3421.0,3.0,3650.0,3083.0,270.0
21,3279.0,121.0,3421.0,3.0,3650.0,3083.0,270.0
22,3278.0,121.0,3381.0,3.0,3677.0,3080.0,280.0
23,3280.0,128.0,3433.0,3.0,3731.0,3079.0,278.0
24,3278.0,134.0,3439.0,3.0,3727.0,3121.0,276.0
25,3278.0,134.0,3439.0,3.0,3727.0,3121.0,276.0
26,3278.0,146.0,3481.0,3.0,3807.0,3250.0,277.0
27,3278.0,148.0,3476.0,3.0,3769.0,3282.0,272.0
28,3276.0,145.0,3511.0,3.0,3784.0,3321.0,277.0
29,3279.0,152.0,3536.0,3.0,3796.0,3339.0,281.0
30,3277.0,155.0,3544.0,3.0,3798.0,3347.0,273.0
31,3277.0,155.0,3544.0,3.0,3798.0,3347.0,273.0
32,3277.0,155.0,3544.0,3.0,3798.0,3347.0,273.0
33,3276.0,167.0,3501.0,3.0,3785.0,3353.0,271.0
34,3280.0,167.0,3534.0,3.0,3769.0,3378.0,270.0
35,3279.0,173.0,3490.0,3.0,3785.0,3391.0,262.0
36,3280.0,175.0,3461.0,3.0,3794.0,3384.0,276.0
37,3277.0,187.0,3419.0,3.0,3798.0,3358.0,274.0
38,3279.0,192.0,3453.0,3.0,3793.0,3345.0,276.0
39,3279.0,192.0,3453.0,3.0,3793.0,3345.0,276.0
40,3279.0,192.0,3453.0,3.0,3793.0,3345.0,276.0
41,3280.0,181.0,3484.0,3.0,3834.0,3423.0,280.0
42,3279.0,176.0,3493.0,3.0,3870.0,3479.0,280.0
43,3276.0,181.0,3495.0,3.0,3956.0,3504.0,276.0
44,3276.0,182.0,3503.0,3.0,4014.0,3526.0,275.0
45,3276.0,182.0,3503.0,3.0,4014.0,3526.0,275.0
46,3276.0,186.0,3534.0,3.0,4041.0,3537.0,274.0
47,3277.0,186.0,3536.0,3.0,4010.0,3544.0,270.0
48,3277.0,186.0,3536.0,3.0,4010.0,3544.0,270.0
49,3276.0,179.0,3541.0,3.0,4033.0,3588.0,275.0
50,3277.0,179.0,3561.0,3.0,4118.0,3617.0,280.0
51,3277.0,179.0,3561.0,3.0,4118.0,3617.0,280.0
52,3276.0,188.0,3530.0,3.0,3978.0,3622.0,278.0
53,3276.0,190.0,3518.0,3.0,3946.0,3624.0,276.0
54,3276.0,190.0,3518.0,3.0,3946.0,3624.0,276.0
55,3276.0,198.0,3553.0,3.0,4042.0,3625.0,274.0
56,3276.0,200.0,3533.0,3.0,4114.0,3625.0,268.0
57,3276.0,200.0,3533.0,3.0,4114.0,3625.0,268.0
58,3275.0,207.0,3544.0,3.0,4140.0,3628.0,271.0
59,3275.0,207.0,3544.0,3.0,4140.0,3628.0,271.0
60,3275.0,216.0,3536.0,3.0,4094.0,3641.0,264.0
61,3275.0,220.0,3508.0,3.0,4053.0,3610.0,273.0
62,3275.0,220.0,3508.0,3.0,4053.0,3610.0,273.0
63,3275.0,220.0,3508.0,3.0,4053.0,3610.0,273.0
64,3275.0,214.0,3537.0,3.0,4142.0,3655.0,269.0
65,3276.0,211.0,3553.0,3.0,4183.0,3667.0,269.0
66,3275.0,217.0,3535.0,3.0,4186.0,3664.0,266.0
67,3277.0,223.0,3535.0,3.0,4176.0,3646.0,263.0
68,3276.0,216.0,3544.0,3.0,4167.0,3635.0,263.0
69,3274.0,218.0,3541.0,3.0,4222.0,3636.0,266.0
70,3273.0,229.0,3557.0,3.0,4263.0,3644.0,270.0
71,3273.0,229.0,3557.0,3.0,4263.0,3644.0,270.0
72,3275.0,231.0,3578.0,3.0,4263.0,3653.0,267.0
73,3275.0,231.0,3578.0,3.0,4263.0,3653.0,267.0
74,3277.0,229.0,3534.0,3.0,4262.0,3634.0,269.0
75,3275.0,229.0,3581.0,3.0,4242.0,3654.0,270.0
76,3273.0,230.0,3533.0,3.0,4232.0,3687.0,266.0
77,3273.0,234.0,3506.0,3.0,4231.0,3697.0,264.0
78,3273.0,238.0,3555.0,3.0,4238.0,3701.0,262.0
79,3273.0,238.0,3555.0,3.0,4238.0,3701.0,262.0
80,3274.0,233.0,3694.0,3.0,4271.0,3716.0,262.0
81,3274.0,233.0,3694.0,3.0,4271.0,3716.0,262.0
82,3274.0,226.0,3765.0,3.0,4274.0,3715.0,263.0
83,3272.0,232.0,3780.0,3.0,4291.0,3727.0,264.0
84,3272.0,232.0,3780.0,3.0,4291.0,3727.0,264.0
85,3273.0,231.0,3693.0,3.0,4470.0,3769.0,261.0
86,3274.0,220.0,3640.0,3.0,4427.0,3770.0,262.0
87,3273.0,198.0,3680.0,3.0,4425.0,3773.0,258.0
88,3273.0,198.0,3680.0,3.0,4425.0,3773.0,258.0
89,3273.0,183.0,3676.0,3.0,4462.0,3808.0,258.0
90,3274.0,177.0,3712.0,3.0,4488.0,3807.0,254.0
91,3274.0,177.0,3712.0,3.0,4488.0,3807.0,254.0
92,3272.0,179.0,3716.0,3.0,4488.0,3830.0,256.0
93,3273.0,175.0,3714.0,3.0,4500.0,3830.0,254.0
94,3272.0,166.0,3713.0,3.0,4513.0,3825.0,257.0
95,3272.0,166.0,3716.0,3.0,4514.0,3782.0,257.0
96,3272.0,166.0,3716.0,3.0,4514.0,3782.0,257.0
97,3272.0,166.0,3716.0,3.0,4514.0,3782.0,257.0
98,3272.0,158.0,3701.0,3.0,4520.0,3763.0,249.0
99,3272.0,158.0,3701.0,3.0,4520.0,3763.0,249.0
100,3270.0,158.0,3695.0,3.0,4542.0,3811.0,250.0
101,3271.0,163.0,3698.0,3.0,4569.0,3830.0,249.0
102,3271.0,163.0,3698.0,3.0,4569.0,3830.0,249.0
103,3272.0,186.0,3650.0,3.0,4522.0,3793.0,245.0
104,3271.0,197.0,3652.0,3.0,4486.0,3772.0,242.0
105,3271.0,203.0,3652.0,3.0,4470.0,3762.0,245.0
106,3270.0,212.0,3653.0,3.0,4423.0,3759.0,245.0
107,3270.0,222.0,3647.0,3.0,4379.0,3713.0,244.0
108,3270.0,223.0,3644.0,3.0,4345.0,3708.0,249.0
109,3270.0,231.0,3694.0,3.0,4338.0,3709.0,249.0
110,3270.0,231.0,3694.0,3.0,4338.0,3709.0,249.0
111,3269.0,234.0,3622.0,3.0,4324.0,3681.0,249.0
112,3269.0,227.0,3577.0,3.0,4323.0,3673.0,248.0
113,3271.0,227.0,3567.0,3.0,4324.0,3659.0,246.0
114,3270.0,232.0,3560.0,3.0,4333.0,3660.0,247.0
115,3270.0,238.0,3542.0,3.0,4344.0,3640.0,245.0
116,3270.0,238.0,3542.0,3.0,4344.0,3640.0,245.0
117,3268.0,248.0,3604.0,3.0,4361.0,3610.0,243.0
118,3268.0,248.0,3604.0,3.0,4361.0,3610.0,243.0
119,3269.0,257.0,3656.0,3.0,4326.0,3621.0,248.0
120,3272.0,266.0,3630.0,3.0,4269.0,3628.0,246.0
121,3272.0,266.0,3630.0,3.0,4269.0,3628.0,246.0
122,3269.0,273.0,3628.0,3.0,4213.0,3577.0,242.0
123,3269.0,273.0,3628.0,3.0,4213.0,3577.0,242.0
124,3268.0,285.0,3590.0,3.0,4180.0,3550.0,245.0
125,3268.0,285.0,3590.0,3.0,4180.0,3550.0,245.0
126,3267.0,298.0,3602.0,3.0,4167.0,3548.0,245.0
127,3267.0,298.0,3602.0,3.0,4167.0,3548.0,245.0
128,3270.0,301.0,3525.0,3.0,4132.0,3436.0,247.0
129,3269.0,305.0,3564.0,3.0,4092.0,3324.0,244.0
130,3268.0,309.0,3666.0,3.0,4106.0,3213.0,242.0
131,3267.0,304.0,3691.0,3.0,4143.0,3120.0,245.0
132,3268.0,302.0,3706.0,3.0,4137.0,3011.0,247.0
133,3267.0,303.0,3640.0,3.0,4049.0,2898.0,245.0
134,3267.0,294.0,3530.0,3.0,3894.0,2879.0,244.0
135,3267.0,294.0,3530.0,3.0,3894.0,2879.0,244.0
136,3269.0,288.0,3624.0,3.0,3879.0,2563.0,244.0
137,3269.0,288.0,3624.0,3.0,3879.0,2563.0,244.0
138,3267.0,275.0,3689.0,3.0,3901.0,2498.0,247.0
139,3266.0,270.0,3630.0,3.0,3853.0,2507.0,248.0
140,3268.0,269.0,3568.0,3.0,3846.0,2490.0,247.0
141,3268.0,265.0,3540.0,3.0,3816.0,2446.0,244.0
142,3268.0,265.0,3540.0,3.0,3816.0,2446.0,244.0
143,3268.0,271.0,3613.0,3.0,3667.0,2245.0,242.0
144,3267.0,269.0,3640.0,3.0,3584.0,2232.0,244.0
145,3266.0,266.0,3531.0,3.0,3489.0,2197.0,244.0
146,3266.0,266.0,3481.0,3.0,3344.0,2151.0,247.0
147,3266.0,269.0,3498.0,3.0,3296.0,2107.0,241.0
148,3270.0,269.0,3536.0,3.0,3273.0,2107.0,242.0
149,3271.0,266.0,3611.0,3.0,3229.0,2114.0,243.0
150,3270.0,261.0,3610.0,3.0,3201.0,2102.0,242.0
151,3271.0,251.0,3596.0,3.0,3178.0,2096.0,246.0
152,3271.0,251.0,3596.0,3.0,3178.0,2096.0,246.0
153,3271.0,251.0,3596.0,3.0,3178.0,2096.0,246.0
154,3271.0,251.0,3596.0,3.0,3178.0,2096.0,246.0
155,3271.0,191.0,3487.0,3.0,3030.0,2080.0,249.0
156,3271.0,189.0,3382.0,3.0,2969.0,2054.0,246.0
157,3270.0,187.0,3324.0,3.0,2929.0,1964.0,249.0
158,3267.0,177.0,3278.0,3.0,2956.0,1950.0,251.0
159,3262.0,170.0,3197.0,3.0,2949.0,1955.0,250.0
160,3262.0,170.0,3197.0,3.0,2949.0,1955.0,250.0
161,3262.0,160.0,3291.0,3.0,2912.0,1971.0,246.0
162,3262.0,160.0,3291.0,3.0,2912.0,1971.0,246.0
163,3266.0,159.0,3202.0,3.0,2881.0,1971.0,246.0
164,3264.0,154.0,3142.0,3.0,2884.0,1967.0,247.0
165,3265.0,151.0,3064.0,3.0,2857.0,1961.0,249.0
166,3265.0,151.0,3064.0,3.0,2857.0,1961.0,249.0
167,3265.0,147.0,2623.0,3.0,2853.0,1712.0,249.0
168,3264.0,141.0,2494.0,3.0,2851.0,1629.0,247.0
169,3264.0,136.0,2565.0,3.0,2833.0,1565.0,245.0
170,3262.0,135.0,2539.0,3.0,2762.0,1545.0,247.0
171,3262.0,135.0,2539.0,3.0,2762.0,1545.0,247.0
172,3265.0,132.0,2502.0,3.0,2689.0,1546.0,246.0
173,3264.0,137.0,2475.0,3.0,2644.0,1545.0,244.0
174,3264.0,137.0,2475.0,3.0,2644.0,1545.0,244.0
175,3263.0,135.0,2379.0,3.0,2540.0,1546.0,246.0
176,3263.0,135.0,2379.0,3.0,2540.0,1546.0,246.0
177,3264.0,127.0,2389.0,3.0,2469.0,1545.0,250.0
178,3264.0,123.0,2384.0,3.0,2450.0,1546.0,249.0
179,3264.0,119.0,2403.0,3.0,2481.0,1562.0,248.0
180,3264.0,119.0,2403.0,3.0,2481.0,1562.0,248.0
181,3266.0,122.0,2473.0,3.0,2498.0,1541.0,250.0
182,3265.0,123.0,2497.0,3.0,2506.0,1542.0,249.0
183,3265.0,123.0,2497.0,3.0,2506.0,1542.0,249.0
184,3264.0,122.0,2518.0,3.0,2504.0,1544.0,243.0
185,3264.0,122.0,2518.0,3.0,2504.0,1544.0,243.0
186,3265.0,124.0,2437.0,3.0,2505.0,1545.0,247.0
187,3265.0,124.0,2437.0,3.0,2505.0,1545.0,247.0
188,3264.0,124.0,2412.0,3.0,2502.0,1543.0,241.0
189,3266.0,126.0,2396.0,3.0,2483.0,1541.0,242.0
190,3264.0,125.0,2406.0,3.0,2457.0,1542.0,243.0
191,3264.0,126.0,2440.0,3.0,2426.0,1543.0,244.0
192,3265.0,130.0,2502.0,3.0,2423.0,1542.0,244.0
193,3264.0,131.0,2472.0,3.0,2424.0,1545.0,242.0
194,3262.0,134.0,2453.0,3.0,2424.0,1544.0,245.0
195,3263.0,136.0,2401.0,3.0,2424.0,1544.0,243.0
196,3260.0,139.0,2370.0,3.0,2423.0,1545.0,239.0
197,3260.0,139.0,2370.0,3.0,2423.0,1545.0,239.0
198,3263.0,141.0,2344.0,3.0,2392.0,1543.0,244.0
199,3263.0,141.0,2344.0,3.0,2392.0,1543.0,244.0
200,3262.0,144.0,2295.0,3.0,2373.0,1544.0,246.0
201,3262.0,144.0,2295.0,3.0,2373.0,1544.0,246.0
202,3263.0,146.0,2317.0,3.0,2234.0,1541.0,242.0
203,3263.0,146.0,2317.0,3.0,2234.0,1541.0,242.0
204,3261.0,144.0,2243.0,3.0,2142.0,1543.0,242.0
205,3261.0,144.0,2243.0,3.0,2142.0,1543.0,242.0
206,3263.0,147.0,2223.0,3.0,2142.0,1543.0,240.0
207,3264.0,148.0,2230.0,3.0,2152.0,1543.0,243.0
208,3261.0,148.0,2246.0,3.0,2148.0,1543.0,244.0
209,3263.0,148.0,2200.0,3.0,2142.0,1541.0,240.0
210,3264.0,146.0,2104.0,3.0,2143.0,1542.0,242.0
211,3262.0,142.0,2137.0,3.0,2145.0,1543.0,243.0
212,3262.0,142.0,2137.0,3.0,2145.0,1543.0,243.0
213,3264.0,136.0,2149.0,3.0,2136.0,1545.0,241.0
214,3264.0,134.0,2186.0,3.0,2105.0,1570.0,244.0
215,3266.0,131.0,2287.0,3.0,2117.0,1572.0,242.0
216,3266.0,131.0,2339.0,3.0,2118.0,1569.0,242.0
217,3265.0,130.0,2406.0,3.0,2116.0,1569.0,244.0
218,3266.0,128.0,2381.0,3.0,2128.0,1568.0,242.0
219,3266.0,128.0,2381.0,3.0,2128.0,1568.0,242.0
220,3266.0,128.0,2381.0,3.0,2128.0,1568.0,242.0
221,3266.0,135.0,2368.0,3.0,2138.0,1573.0,237.0
222,3266.0,135.0,2368.0,3.0,2138.0,1573.0,237.0
223,3264.0,144.0,2380.0,3.0,2125.0,1572.0,232.0
224,3265.0,144.0,2384.0,3.0,2125.0,1570.0,228.0
225,3266.0,146.0,2347.0,3.0,2124.0,1572.0,230.0
226,3266.0,143.0,2351.0,3.0,2146.0,1571.0,236.0
227,3265.0,138.0,2369.0,3.0,2203.0,1573.0,235.0
228,3264.0,135.0,2449.0,3.0,2236.0,1573.0,230.0
229,3265.0,132.0,2420.0,3.0,2244.0,1571.0,228.0
230,3264.0,126.0,2391.0,3.0,2235.0,1571.0,239.0
231,3266.0,123.0,2334.0,3.0,2245.0,1572.0,236.0
232,3264.0,122.0,2364.0,3.0,2265.0,1574.0,232.0
233,3265.0,125.0,2378.0,3.0,2282.0,1573.0,239.0
234,3265.0,125.0,2378.0,3.0,2282.0,1573.0,239.0
235,3265.0,125.0,2378.0,3.0,2282.0,1573.0,239.0
236,3266.0,124.0,2366.0,3.0,2283.0,1573.0,232.0
237,3266.0,123.0,2428.0,3.0,2230.0,1571.0,235.0
238,3268.0,121.0,2525.0,3.0,2229.0,1572.0,242.0
239,3267.0,122.0,2713.0,3.0,2378.0,1598.0,237.0
240,3266.0,121.0,2781.0,3.0,2489.0,1609.0,241.0
241,3266.0,121.0,2781.0,3.0,2489.0,1609.0,241.0
242,3265.0,118.0,2813.0,3.0,2480.0,1571.0,238.0
243,3265.0,118.0,2813.0,3.0,2480.0,1571.0,238.0
244,3267.0,125.0,2877.0,3.0,2426.0,1572.0,240.0
245,3267.0,125.0,2877.0,3.0,2426.0,1572.0,240.0
246,3266.0,140.0,2910.0,3.0,2387.0,1572.0,237.0
247,3268.0,146.0,2908.0,3.0,2395.0,1573.0,240.0
248,3268.0,146.0,2922.0,3.0,2434.0,1575.0,238.0
249,3267.0,140.0,2909.0,3.0,2442.0,1594.0,241.0
250,3266.0,139.0,2861.0,3.0,2444.0,1648.0,242.0
251,3270.0,146.0,2915.0,3.0,2396.0,1732.0,240.0
252,3268.0,144.0,2913.0,3.0,2449.0,1735.0,242.0
253,3268.0,144.0,2913.0,3.0,2449.0,1735.0,242.0
254,3270.0,141.0,2971.0,3.0,2506.0,1715.0,235.0
255,3270.0,141.0,2971.0,3.0,2506.0,1715.0,235.0
256,3269.0,114.0,2984.0,3.0,2502.0,1744.0,234.0
257,3270.0,107.0,2970.0,3.0,2543.0,1742.0,236.0
258,3267.0,103.0,3021.0,3.0,2572.0,1764.0,238.0
259,3268.0,101.0,3055.0,3.0,2579.0,1755.0,239.0
260,3268.0,101.0,3055.0,3.0,2579.0,1755.0,239.0
261,3269.0,105.0,3013.0,3.0,2611.0,1787.0,240.0
262,3268.0,102.0,3012.0,3.0,2630.0,1752.0,240.0
263,3268.0,102.0,3012.0,3.0,2630.0,1752.0,240.0
264,3267.0,95.0,3050.0,3.0,2584.0,1706.0,240.0
265,3267.0,95.0,3050.0,3.0,2584.0,1706.0,240.0
266,3267.0,95.0,3050.0,3.0,2584.0,1706.0,240.0
267,3267.0,87.0,3154.0,3.0,2611.0,1703.0,246.0
268,3265.0,86.0,3121.0,3.0,2610.0,1750.0,247.0
269,3266.0,80.0,3104.0,3.0,2629.0,1779.0,239.0
270,3266.0,77.0,3122.0,3.0,2671.0,1791.0,244.0
271,3267.0,69.0,3120.0,3.0,2681.0,1802.0,245.0
272,3266.0,62.0,3104.0,3.0,2683.0,1805.0,247.0
273,3265.0,55.0,3110.0,3.0,2695.0,1800.0,247.0
274,3266.0,54.0,3142.0,3.0,2695.0,1764.0,246.0
275,3266.0,54.0,3142.0,3.0,2695.0,1764.0,246.0
276,3265.0,58.0,3294.0,3.0,2818.0,1760.0,250.0
277,3265.0,58.0,3294.0,3.0,2818.0,1760.0,250.0
278,3267.0,73.0,3287.0,3.0,2874.0,1770.0,240.0
279,3267.0,74.0,3300.0,3.0,2906.0,1792.0,248.0
280,3267.0,74.0,3300.0,3.0,2906.0,1792.0,248.0
281,3268.0,74.0,3288.0,3.0,2900.0,1782.0,256.0
282,3269.0,73.0,3279.0,3.0,2871.0,1772.0,259.0
283,3268.0,75.0,3286.0,3.0,2881.0,1772.0,255.0
284,3270.0,77.0,3297.0,3.0,2879.0,1772.0,252.0
285,3266.0,81.0,3333.0,3.0,2896.0,1760.0,257.0
286,3267.0,86.0,3321.0,3.0,2929.0,1765.0,258.0
287,3270.0,88.0,3262.0,3.0,2900.0,1785.0,258.0
288,3267.0,92.0,3235.0,3.0,2904.0,1786.0,262.0
289,3267.0,92.0,3235.0,3.0,2904.0,1786.0,262.0
290,3265.0,96.0,3229.0,3.0,2892.0,1755.0,264.0
291,3265.0,96.0,3229.0,3.0,2892.0,1755.0,264.0
292,3266.0,121.0,3218.0,3.0,2846.0,1706.0,264.0
293,3266.0,121.0,3218.0,3.0,2846.0,1706.0,264.0
294,3266.0,121.0,3218.0,3.0,2846.0,1706.0,264.0
295,3264.0,137.0,3224.0,3.0,2913.0,1773.0,262.0
296,3264.0,138.0,3224.0,3.0,2928.0,1769.0,259.0
297,3264.0,143.0,3213.0,3.0,2940.0,1771.0,260.0
298,3265.0,145.0,3227.0,3.0,2943.0,1776.0,262.0
299,3264.0,146.0,3233.0,3.0,2937.0,1792.0,262.0
300,3266.0,145.0,3226.0,3.0,2896.0,1780.0,258.0
301,3266.0,139.0,3228.0,3.0,2933.0,1767.0,258.0
302,3266.0,139.0,3228.0,3.0,2933.0,1767.0,258.0
303,3267.0,117.0,3226.0,3.0,2943.0,1807.0,259.0
304,3269.0,114.0,3222.0,3.0,2961.0,1811.0,258.0
305,3269.0,114.0,3222.0,3.0,2961.0,1811.0,258.0
306,3269.0,114.0,3222.0,3.0,2961.0,1811.0,258.0
307,3266.0,102.0,2905.0,3.0,3178.0,2032.0,256.0
308,3265.0,94.0,2766.0,3.0,3352.0,2080.0,267.0
309,3265.0,94.0,2766.0,3.0,3352.0,2080.0,267.0
310,3265.0,81.0,2815.0,3.0,3323.0,2082.0,258.0
311,3265.0,77.0,2914.0,3.0,3225.0,2038.0,260.0
312,3265.0,77.0,2914.0,3.0,3225.0,2038.0,260.0
313,3265.0,77.0,2914.0,3.0,3225.0,2038.0,260.0
314,3265.0,77.0,2914.0,3.0,3225.0,2038.0,260.0
315,3266.0,84.0,3246.0,3.0,2992.0,1924.0,269.0
316,3264.0,81.0,3244.0,3.0,3086.0,1965.0,268.0
317,3264.0,81.0,3244.0,3.0,3086.0,1965.0,268.0
318,3265.0,72.0,3121.0,3.0,3170.0,2118.0,265.0
319,3264.0,62.0,3131.0,3.0,3174.0,2129.0,263.0
320,3263.0,58.0,3209.0,3.0,3155.0,2235.0,255.0
321,3263.0,58.0,3209.0,3.0,3155.0,2235.0,255.0
322,3262.0,47.0,3167.0,3.0,3186.0,2406.0,268.0
323,3265.0,46.0,3229.0,3.0,3148.0,2436.0,268.0
324,3264.0,47.0,3310.0,3.0,3126.0,2477.0,264.0
325,3262.0,41.0,3285.0,3.0,3112.0,2491.0,262.0
326,3263.0,38.0,3275.0,3.0,3115.0,2454.0,265.0
327,3263.0,38.0,3271.0,3.0,3102.0,2480.0,266.0
328,3262.0,38.0,3294.0,3.0,3119.0,2523.0,266.0
329,3261.0,40.0,3278.0,3.0,3141.0,2489.0,265.0
330,3261.0,37.0,3295.0,3.0,3157.0,2471.0,270.0
331,3261.0,37.0,3295.0,3.0,3157.0,2471.0,270.0
332,3262.0,37.0,3273.0,3.0,3128.0,2453.0,271.0
333,3262.0,37.0,3273.0,3.0,3128.0,2453.0,271.0
334,3262.0,46.0,3282.0,3.0,3102.0,2492.0,262.0
335,3262.0,46.0,3300.0,3.0,3195.0,2525.0,268.0
336,3264.0,48.0,3316.0,3.0,3233.0,2575.0,267.0
337,3264.0,48.0,3316.0,3.0,3233.0,2575.0,267.0
338,3261.0,46.0,3293.0,3.0,3205.0,2692.0,261.0
339,3261.0,45.0,3306.0,3.0,3210.0,2691.0,260.0
340,3261.0,45.0,3306.0,3.0,3210.0,2691.0,260.0
341,3261.0,45.0,3306.0,3.0,3210.0,2691.0,260.0
342,3261.0,45.0,3306.0,3.0,3210.0,2691.0,260.0
343,3260.0,44.0,3366.0,3.0,3273.0,2677.0,265.0
344,3260.0,45.0,3357.0,3.0,3266.0,2744.0,263.0
345,3260.0,45.0,3357.0,3.0,3266.0,2744.0,263.0
346,3259.0,39.0,3291.0,3.0,3263.0,2953.0,257.0
347,3259.0,39.0,3291.0,3.0,3263.0,2953.0,257.0
348,3257.0,24.0,3235.0,3.0,3251.0,3010.0,261.0
349,3258.0,22.0,3292.0,3.0,3259.0,3038.0,261.0
350,3258.0,22.0,3292.0,3.0,3259.0,3038.0,261.0
351,3257.0,29.0,3358.0,3.0,3314.0,3101.0,266.0
352,3257.0,23.0,3298.0,3.0,3322.0,3183.0,261.0
353,3256.0,20.0,3298.0,3.0,3366.0,3227.0,265.0
354,3256.0,20.0,3298.0,3.0,3366.0,3227.0,265.0
355,3256.0,21.0,3330.0,3.0,3420.0,3243.0,257.0
356,3253.0,18.0,3423.0,3.0,3444.0,3195.0,256.0
357,3253.0,18.0,3423.0,3.0,3444.0,3195.0,256.0
358,3254.0,15.0,3492.0,3.0,3509.0,3243.0,264.0
359,3252.0,14.0,3451.0,3.0,3545.0,3237.0,264.0
360,3252.0,14.0,3451.0,3.0,3545.0,3237.0,264.0
361,3252.0,11.0,3489.0,3.0,3610.0,3186.0,260.0
362,3253.0,11.0,3466.0,3.0,3608.0,3173.0,257.0
363,3253.0,11.0,3466.0,3.0,3608.0,3173.0,257.0
364,3254.0,13.0,3467.0,3.0,3679.0,3138.0,259.0
365,3252.0,13.0,3447.0,3.0,3685.0,3172.0,257.0
366,3254.0,14.0,3455.0,3.0,3679.0,3196.0,251.0
367,3252.0,14.0,3461.0,3.0,3716.0,3232.0,256.0
368,3251.0,15.0,3483.0,3.0,3732.0,3276.0,257.0
369,3252.0,15.0,3522.0,3.0,3743.0,3300.0,254.0
370,3252.0,15.0,3522.0,3.0,3743.0,3300.0,254.0
371,3257.0,20.0,3542.0,3.0,3808.0,3229.0,254.0
372,3253.0,19.0,3525.0,3.0,3785.0,3239.0,252.0
373,3254.0,17.0,3546.0,3.0,3785.0,3235.0,255.0
374,3255.0,18.0,3615.0,3.0,3780.0,3229.0,252.0
375,3255.0,18.0,3615.0,3.0,3780.0,3229.0,252.0
376,3253.0,23.0,3631.0,3.0,3813.0,3249.0,247.0
377,3253.0,30.0,3628.0,3.0,3855.0,3278.0,243.0
378,3253.0,30.0,3628.0,3.0,3855.0,3278.0,243.0
379,3255.0,32.0,3626.0,3.0,3897.0,3413.0,244.0
380,3255.0,32.0,3626.0,3.0,3897.0,3413.0,244.0
381,3255.0,32.0,3626.0,3.0,3897.0,3413.0,244.0
382,3248.0,43.0,3504.0,3.0,3839.0,3494.0,241.0
383,3249.0,44.0,3517.0,3.0,3810.0,3463.0,240.0
384,3250.0,45.0,3558.0,3.0,3760.0,3415.0,236.0
385,3249.0,39.0,3576.0,3.0,3789.0,3385.0,233.0
386,3250.0,33.0,3613.0,3.0,3846.0,3417.0,232.0
387,3250.0,30.0,3610.0,3.0,3865.0,3477.0,234.0
388,3250.0,27.0,3554.0,3.0,3809.0,3529.0,235.0
389,3249.0,26.0,3528.0,3.0,3747.0,3537.0,237.0
390,3248.0,30.0,3479.0,3.0,3729.0,3510.0,234.0
391,3248.0,30.0,3479.0,3.0,3729.0,3510.0,234.0
392,3248.0,30.0,3479.0,3.0,3729.0,3510.0,234.0
393,3251.0,38.0,3436.0,3.0,3716.0,3448.0,235.0
394,3250.0,37.0,3445.0,3.0,3734.0,3446.0,237.0
395,3248.0,32.0,3476.0,3.0,3798.0,3462.0,238.0
396,3248.0,26.0,3487.0,3.0,3809.0,3509.0,234.0
397,3251.0,28.0,3492.0,3.0,3797.0,3525.0,231.0
398,3249.0,31.0,3445.0,3.0,3773.0,3555.0,230.0
399,3250.0,38.0,3445.0,3.0,3761.0,3579.0,235.0
400,3250.0,38.0,3445.0,3.0,3761.0,3579.0,235.0
401,3249.0,53.0,3426.0,3.0,3689.0,3588.0,238.0
402,3249.0,56.0,3492.0,3.0,3689.0,3594.0,234.0
403,3250.0,58.0,3504.0,3.0,3705.0,3599.0,236.0
404,3250.0,58.0,3504.0,3.0,3705.0,3599.0,236.0
405,3249.0,66.0,3493.0,3.0,3710.0,3619.0,242.0
406,3250.0,68.0,3501.0,3.0,3763.0,3620.0,238.0
407,3249.0,71.0,3555.0,3.0,3880.0,3670.0,235.0
408,3249.0,73.0,3600.0,3.0,3941.0,3702.0,237.0
409,3250.0,82.0,3600.0,3.0,3960.0,3683.0,240.0
410,3251.0,88.0,3576.0,3.0,3922.0,3677.0,240.0
411,3251.0,90.0,3585.0,3.0,3920.0,3648.0,238.0
412,3252.0,91.0,3574.0,3.0,3921.0,3618.0,240.0
413,3252.0,91.0,3574.0,3.0,3921.0,3618.0,240.0
414,3254.0,93.0,3543.0,3.0,3925.0,3488.0,235.0
415,3254.0,93.0,3543.0,3.0,3925.0,3488.0,235.0
416,3253.0,104.0,3478.0,3.0,3861.0,3373.0,237.0
417,3253.0,108.0,3427.0,3.0,3806.0,3316.0,240.0
418,3254.0,111.0,3460.0,3.0,3727.0,3250.0,243.0
419,3253.0,117.0,3500.0,3.0,3787.0,3228.0,245.0
420,3253.0,117.0,3500.0,3.0,3787.0,3228.0,245.0
421,3254.0,108.0,3507.0,3.0,3846.0,3223.0,239.0
422,3255.0,111.0,3508.0,3.0,3858.0,3008.0,236.0
423,3254.0,115.0,3524.0,3.0,3855.0,2891.0,239.0
424,3253.0,114.0,3544.0,3.0,3803.0,2868.0,240.0
425,3256.0,121.0,3538.0,3.0,3680.0,2845.0,238.0
426,3254.0,123.0,3477.0,3.0,3663.0,2811.0,239.0
427,3254.0,123.0,3477.0,3.0,3663.0,2811.0,239.0
428,3254.0,123.0,3477.0,3.0,3663.0,2811.0,239.0
429,3254.0,129.0,3523.0,3.0,3539.0,2719.0,233.0
430,3256.0,135.0,3478.0,3.0,3487.0,2686.0,237.0
431,3256.0,142.0,3319.0,3.0,3377.0,2633.0,235.0
432,3256.0,142.0,3319.0,3.0,3377.0,2633.0,235.0
433,3255.0,153.0,3065.0,3.0,3350.0,2569.0,234.0
434,3253.0,156.0,3076.0,3.0,3339.0,2410.0,234.0
435,3253.0,156.0,3099.0,3.0,3339.0,2347.0,235.0
436,3255.0,158.0,3124.0,3.0,3336.0,2337.0,237.0
437,3254.0,158.0,3131.0,3.0,3320.0,2308.0,239.0
438,3253.0,160.0,3129.0,3.0,3300.0,2291.0,238.0
439,3255.0,171.0,3112.0,3.0,3288.0,2254.0,235.0
440,3255.0,171.0,3112.0,3.0,3288.0,2254.0,235.0
441,3255.0,203.0,3008.0,3.0,3188.0,2215.0,237.0
442,3255.0,203.0,3008.0,3.0,3188.0,2215.0,237.0
443,3255.0,203.0,3008.0,3.0,3188.0,2215.0,237.0
444,3256.0,229.0,2699.0,3.0,2997.0,2042.0,238.0
445,3253.0,235.0,2649.0,3.0,2970.0,2052.0,235.0
446,3255.0,241.0,2672.0,3.0,2972.0,2061.0,235.0
447,3255.0,241.0,2672.0,3.0,2972.0,2061.0,235.0
448,3256.0,267.0,2658.0,3.0,2960.0,2062.0,236.0
449,3254.0,283.0,2646.0,3.0,2950.0,2061.0,233.0
450,3255.0,293.0,2536.0,3.0,2939.0,2052.0,231.0
451,3255.0,300.0,2516.0,3.0,2926.0,1985.0,230.0
452,3255.0,318.0,2475.0,3.0,2941.0,1899.0,233.0
453,3256.0,351.0,2422.0,3.0,2888.0,1770.0,231.0
454,3256.0,351.0,2422.0,3.0,2888.0,1770.0,231.0
455,3256.0,373.0,2265.0,3.0,2854.0,1750.0,233.0
456,3255.0,380.0,2193.0,3.0,2860.0,1748.0,236.0
457,3256.0,383.0,2220.0,3.0,2857.0,1749.0,236.0
458,3257.0,395.0,2127.0,3.0,2827.0,1737.0,238.0
459,3257.0,395.0,2127.0,3.0,2827.0,1737.0,238.0
460,3253.0,431.0,2076.0,3.0,2749.0,1708.0,237.0
461,3255.0,445.0,2039.0,3.0,2716.0,1678.0,239.0
462,3255.0,456.0,2028.0,3.0,2700.0,1649.0,238.0
463,3255.0,456.0,2028.0,3.0,2700.0,1649.0,238.0
464,3257.0,479.0,2008.0,3.0,2669.0,1606.0,238.0
465,3256.0,470.0,2071.0,3.0,2647.0,1699.0,237.0
466,3256.0,470.0,2071.0,3.0,2647.0,1699.0,237.0
467,3258.0,508.0,2081.0,3.0,2647.0,1742.0,237.0
468,3258.0,523.0,2021.0,3.0,2657.0,1704.0,238.0
469,3258.0,523.0,2021.0,3.0,2657.0,1704.0,238.0
470,3257.0,530.0,1986.0,3.0,2685.0,1632.0,242.0
471,3257.0,530.0,1986.0,3.0,2685.0,1632.0,242.0
472,3257.0,567.0,2006.0,3.0,2613.0,1631.0,239.0
473,3258.0,571.0,1979.0,3.0,2600.0,1629.0,244.0
474,3257.0,575.0,1990.0,3.0,2573.0,1618.0,242.0
475,3256.0,567.0,2003.0,3.0,2557.0,1591.0,242.0
476,3256.0,568.0,1998.0,3.0,2536.0,1562.0,242.0
477,3259.0,579.0,2050.0,3.0,2543.0,1537.0,244.0
478,3256.0,589.0,2114.0,3.0,2566.0,1532.0,245.0
479,3256.0,600.0,2085.0,3.0,2572.0,1531.0,244.0
480,3257.0,609.0,2005.0,3.0,2560.0,1541.0,242.0
481,3257.0,609.0,2005.0,3.0,2560.0,1541.0,242.0
482,3260.0,632.0,1920.0,3.0,2544.0,1579.0,237.0
483,3259.0,660.0,1853.0,3.0,2559.0,1604.0,235.0
484,3259.0,660.0,1853.0,3.0,2559.0,1604.0,235.0
485,3259.0,660.0,1853.0,3.0,2559.0,1604.0,235.0
486,3259.0,660.0,1853.0,3.0,2559.0,1604.0,235.0
487,3258.0,645.0,1741.0,3.0,2612.0,1604.0,243.0
488,3256.0,641.0,1774.0,3.0,2602.0,1592.0,242.0
489,3257.0,648.0,1843.0,3.0,2571.0,1545.0,238.0
490,3260.0,646.0,1812.0,3.0,2584.0,1518.0,239.0
491,3260.0,646.0,1812.0,3.0,2584.0,1518.0,239.0
492,3260.0,649.0,1761.0,3.0,2588.0,1530.0,238.0
493,3256.0,640.0,1763.0,3.0,2590.0,1529.0,241.0
494,3256.0,640.0,1763.0,3.0,2590.0,1529.0,241.0
495,3259.0,663.0,1683.0,3.0,2586.0,1558.0,236.0
496,3257.0,679.0,1669.0,3.0,2590.0,1547.0,238.0
497,3261.0,688.0,1673.0,3.0,2589.0,1523.0,242.0
498,3259.0,677.0,1643.0,3.0,2586.0,1514.0,241.0
499,3259.0,677.0,1643.0,3.0,2586.0,1514.0,241.0
500,3259.0,677.0,1643.0,3.0,2586.0,1514.0,241.0
501,3259.0,677.0,1643.0,3.0,2586.0,1514.0,241.0
502,3261.0,677.0,1816.0,3.0,2620.0,1550.0,241.0
503,3259.0,667.0,1846.0,3.0,2621.0,1566.0,240.0
504,3262.0,662.0,1849.0,3.0,2553.0,1589.0,243.0
505,3262.0,662.0,1849.0,3.0,2553.0,1589.0,243.0
506,3260.0,675.0,1824.0,3.0,2565.0,1598.0,242.0
507,3261.0,681.0,1826.0,3.0,2549.0,1598.0,241.0
508,3259.0,681.0,1858.0,3.0,2543.0,1600.0,241.0
509,3263.0,666.0,1821.0,3.0,2541.0,1596.0,243.0
510,3262.0,655.0,1845.0,3.0,2549.0,1571.0,243.0
511,3261.0,664.0,1859.0,3.0,2568.0,1552.0,241.0
512,3262.0,674.0,1835.0,3.0,2587.0,1502.0,240.0
513,3260.0,661.0,1951.0,3.0,2617.0,1452.0,235.0
514,3261.0,653.0,1982.0,3.0,2625.0,1455.0,234.0
515,3261.0,653.0,1982.0,3.0,2625.0,1455.0,234.0
516,3261.0,653.0,1982.0,3.0,2625.0,1455.0,234.0
517,3262.0,653.0,1938.0,3.0,2634.0,1484.0,242.0
518,3262.0,655.0,1951.0,3.0,2637.0,1482.0,240.0
519,3263.0,667.0,1969.0,3.0,2641.0,1475.0,241.0
520,3262.0,692.0,1981.0,3.0,2644.0,1470.0,237.0
521,3262.0,692.0,1981.0,3.0,2644.0,1470.0,237.0
522,3261.0,687.0,1949.0,3.0,2603.0,1530.0,239.0
523,3261.0,687.0,1949.0,3.0,2603.0,1530.0,239.0
524,3265.0,685.0,2008.0,3.0,2626.0,1544.0,238.0
525,3262.0,686.0,2173.0,3.0,2695.0,1583.0,236.0
526,3264.0,685.0,2275.0,3.0,2803.0,1621.0,233.0
527,3262.0,690.0,2377.0,3.0,2780.0,1621.0,239.0
528,3264.0,688.0,2324.0,3.0,2760.0,1606.0,239.0
529,3264.0,688.0,2324.0,3.0,2760.0,1606.0,239.0
530,3264.0,688.0,2324.0,3.0,2760.0,1606.0,239.0
531,3264.0,648.0,2565.0,3.0,2705.0,1515.0,234.0
532,3262.0,635.0,2554.0,3.0,2700.0,1535.0,233.0
533,3262.0,604.0,2578.0,3.0,2695.0,1558.0,239.0
534,3264.0,587.0,2565.0,3.0,2692.0,1599.0,238.0
535,3264.0,587.0,2565.0,3.0,2692.0,1599.0,238.0
536,3263.0,544.0,2637.0,3.0,2697.0,1578.0,237.0
537,3263.0,530.0,2697.0,3.0,2710.0,1575.0,236.0
538,3263.0,530.0,2697.0,3.0,2710.0,1575.0,236.0
539,3263.0,503.0,2841.0,3.0,2681.0,1590.0,238.0
540,3263.0,512.0,2840.0,3.0,2725.0,1604.0,238.0
541,3263.0,512.0,2840.0,3.0,2725.0,1604.0,238.0
542,3262.0,554.0,2822.0,3.0,2774.0,1642.0,235.0
543,3262.0,554.0,2822.0,3.0,2774.0,1642.0,235.0
544,3262.0,609.0,2810.0,3.0,2804.0,1684.0,239.0
545,3262.0,624.0,2774.0,3.0,2802.0,1700.0,240.0
546,3261.0,618.0,2807.0,3.0,2821.0,1718.0,238.0
547,3264.0,608.0,2834.0,3.0,2858.0,1751.0,238.0
548,3261.0,600.0,2873.0,3.0,2894.0,1728.0,238.0
549,3261.0,599.0,2830.0,3.0,2971.0,1641.0,243.0
550,3261.0,599.0,2830.0,3.0,2971.0,1641.0,243.0
551,3261.0,599.0,2830.0,3.0,2971.0,1641.0,243.0
552,3260.0,580.0,2831.0,3.0,2973.0,1749.0,242.0
553,3260.0,566.0,2894.0,3.0,2987.0,1736.0,244.0
554,3258.0,559.0,2910.0,3.0,3050.0,1729.0,248.0
555,3260.0,540.0,2935.0,3.0,3101.0,1744.0,248.0
556,3259.0,513.0,2951.0,3.0,3151.0,1747.0,248.0
557,3259.0,513.0,2951.0,3.0,3151.0,1747.0,248.0
558,3261.0,485.0,2905.0,3.0,3183.0,1853.0,249.0
559,3261.0,485.0,2905.0,3.0,3183.0,1853.0,249.0
560,3260.0,467.0,2893.0,3.0,3225.0,1936.0,250.0
561,3259.0,461.0,2891.0,3.0,3129.0,1821.0,255.0
562,3258.0,462.0,2855.0,3.0,3038.0,1772.0,259.0
563,3260.0,461.0,2878.0,3.0,3015.0,1869.0,257.0
564,3257.0,468.0,2880.0,3.0,3016.0,1899.0,254.0
565,3257.0,468.0,2880.0,3.0,3016.0,1899.0,254.0
566,3257.0,468.0,2880.0,3.0,3016.0,1899.0,254.0
567,3258.0,456.0,2903.0,3.0,3108.0,1901.0,250.0
568,3259.0,451.0,2939.0,3.0,3138.0,1910.0,259.0
569,3256.0,434.0,2979.0,3.0,3155.0,1943.0,264.0
570,3256.0,434.0,2979.0,3.0,3155.0,1943.0,264.0
571,3257.0,405.0,3051.0,3.0,3191.0,2038.0,249.0
572,3257.0,384.0,3045.0,3.0,3230.0,2108.0,243.0
573,3257.0,361.0,3049.0,3.0,3302.0,2186.0,262.0
574,3259.0,349.0,3091.0,3.0,3352.0,2205.0,261.0
575,3258.0,344.0,3086.0,3.0,3420.0,2210.0,252.0
576,3258.0,344.0,3086.0,3.0,3420.0,2210.0,252.0
577,3258.0,351.0,3114.0,3.0,3472.0,2289.0,250.0
578,3258.0,351.0,3114.0,3.0,3472.0,2289.0,250.0
579,3260.0,376.0,3125.0,3.0,3504.0,2291.0,242.0
580,3259.0,383.0,3123.0,3.0,3534.0,2293.0,240.0
581,3259.0,405.0,3119.0,3.0,3543.0,2325.0,238.0
582,3258.0,438.0,3055.0,3.0,3530.0,2383.0,238.0
583,3258.0,438.0,3055.0,3.0,3530.0,2383.0,238.0
584,3258.0,472.0,3041.0,3.0,3670.0,2397.0,241.0
585,3258.0,480.0,3014.0,3.0,3695.0,2426.0,241.0
586,3258.0,480.0,3014.0,3.0,3695.0,2426.0,241.0
587,3258.0,502.0,3019.0,3.0,3715.0,2507.0,244.0
588,3257.0,516.0,2941.0,3.0,3699.0,2633.0,241.0
589,3257.0,526.0,2874.0,3.0,3670.0,2680.0,241.0
590,3256.0,516.0,2939.0,3.0,3637.0,2703.0,245.0
591,3256.0,516.0,2939.0,3.0,3637.0,2703.0,245.0
592,3257.0,506.0,2977.0,3.0,3702.0,2759.0,245.0
593,3258.0,518.0,2974.0,3.0,3642.0,2795.0,243.0
594,3258.0,518.0,2974.0,3.0,3642.0,2795.0,243.0
595,3258.0,518.0,2974.0,3.0,3642.0,2795.0,243.0
596,3257.0,517.0,2984.0,3.0,3640.0,2869.0,241.0
597,3257.0,517.0,2984.0,3.0,3640.0,2869.0,241.0
598,3257.0,502.0,3124.0,3.0,3729.0,2961.0,247.0
599,3255.0,500.0,3187.0,3.0,3715.0,3017.0,246.0
600,3256.0,513.0,3218.0,3.0,3722.0,3047.0,247.0
601,3254.0,522.0,3171.0,3.0,3755.0,3068.0,245.0
602,3254.0,516.0,3141.0,3.0,3775.0,3096.0,248.0
603,3253.0,519.0,3138.0,3.0,3783.0,3114.0,246.0
604,3253.0,519.0,3138.0,3.0,3783.0,3114.0,246.0
605,3253.0,516.0,3121.0,3.0,3825.0,3126.0,239.0
606,3253.0,516.0,3121.0,3.0,3825.0,3126.0,239.0
607,3253.0,516.0,3121.0,3.0,3825.0,3126.0,239.0
608,3255.0,515.0,3071.0,3.0,3728.0,3237.0,241.0
609,3255.0,515.0,3071.0,3.0,3728.0,3237.0,241.0
610,3254.0,540.0,2996.0,3.0,3702.0,3277.0,243.0
611,3254.0,536.0,3004.0,3.0,3708.0,3285.0,240.0
612,3254.0,536.0,3004.0,3.0,3708.0,3285.0,240.0
613,3254.0,519.0,3075.0,3.0,3787.0,3322.0,248.0
614,3252.0,523.0,3018.0,3.0,3778.0,3349.0,246.0
615,3252.0,523.0,3018.0,3.0,3778.0,3349.0,246.0
616,3252.0,541.0,3019.0,3.0,3703.0,3349.0,246.0
617,3250.0,556.0,3027.0,3.0,3700.0,3348.0,241.0
618,3252.0,583.0,3045.0,3.0,3711.0,3348.0,238.0
619,3252.0,602.0,2982.0,3.0,3693.0,3345.0,237.0
620,3250.0,583.0,2961.0,3.0,3720.0,3345.0,242.0
621,3250.0,583.0,2961.0,3.0,3720.0,3345.0,242.0
622,3250.0,556.0,3076.0,3.0,3673.0,3346.0,241.0
623,3250.0,566.0,3071.0,3.0,3719.0,3321.0,247.0
624,3250.0,566.0,3071.0,3.0,3719.0,3321.0,247.0
625,3250.0,566.0,3071.0,3.0,3719.0,3321.0,247.0
626,3252.0,608.0,3010.0,3.0,3797.0,3332.0,247.0
627,3252.0,608.0,3010.0,3.0,3797.0,3332.0,247.0
628,3247.0,623.0,2989.0,3.0,3771.0,3338.0,250.0
629,3247.0,621.0,2993.0,3.0,3717.0,3354.0,248.0
630,3248.0,637.0,2993.0,3.0,3686.0,3392.0,246.0
631,3248.0,637.0,2993.0,3.0,3686.0,3392.0,246.0
632,3247.0,660.0,2969.0,3.0,3636.0,3435.0,243.0
633,3248.0,657.0,2992.0,3.0,3639.0,3348.0,245.0
634,3249.0,634.0,3018.0,3.0,3634.0,3256.0,243.0
635,3249.0,634.0,3018.0,3.0,3634.0,3256.0,243.0
636,3247.0,607.0,3120.0,3.0,3652.0,3301.0,236.0
637,3247.0,574.0,3126.0,3.0,3656.0,3373.0,236.0
638,3247.0,528.0,3135.0,3.0,3658.0,3410.0,238.0
639,3249.0,504.0,3176.0,3.0,3659.0,3454.0,237.0
640,3249.0,504.0,3176.0,3.0,3659.0,3454.0,237.0
641,3248.0,476.0,3150.0,3.0,3786.0,3484.0,238.0
642,3250.0,441.0,3101.0,3.0,3818.0,3494.0,238.0
643,3249.0,421.0,3114.0,3.0,3832.0,3496.0,238.0
644,3248.0,416.0,3109.0,3.0,3880.0,3492.0,240.0
645,3248.0,416.0,3109.0,3.0,3880.0,3492.0,240.0
646,3248.0,406.0,3136.0,3.0,3881.0,3488.0,237.0
647,3249.0,402.0,3128.0,3.0,3921.0,3484.0,238.0
648,3249.0,402.0,3128.0,3.0,3921.0,3484.0,238.0
649,3247.0,373.0,3158.0,3.0,3973.0,3497.0,238.0
650,3247.0,373.0,3158.0,3.0,3973.0,3497.0,238.0
651,3247.0,373.0,3158.0,3.0,3973.0,3497.0,238.0
652,3249.0,328.0,3266.0,3.0,3988.0,3505.0,241.0
653,3251.0,332.0,3280.0,3.0,3996.0,3506.0,239.0
654,3250.0,335.0,3283.0,3.0,4014.0,3519.0,240.0
655,3251.0,346.0,3305.0,3.0,4019.0,3541.0,238.0
656,3251.0,356.0,3332.0,3.0,4006.0,3537.0,235.0
657,3251.0,373.0,3224.0,3.0,3854.0,3503.0,235.0
658,3250.0,394.0,3210.0,3.0,3771.0,3491.0,240.0
659,3248.0,422.0,3180.0,3.0,3761.0,3482.0,239.0
660,3249.0,433.0,3190.0,3.0,3775.0,3459.0,235.0
661,3250.0,449.0,3215.0,3.0,3784.0,3422.0,234.0
662,3248.0,458.0,3216.0,3.0,3783.0,3423.0,234.0
663,3244.0,465.0,3236.0,3.0,3785.0,3433.0,235.0
664,3246.0,479.0,3263.0,3.0,3776.0,3450.0,235.0
665,3246.0,479.0,3263.0,3.0,3776.0,3450.0,235.0
666,3246.0,479.0,3263.0,3.0,3776.0,3450.0,235.0
667,3246.0,479.0,3263.0,3.0,3776.0,3450.0,235.0
668,3247.0,480.0,3273.0,3.0,3827.0,3501.0,235.0
669,3247.0,478.0,3262.0,3.0,3824.0,3502.0,236.0
670,3245.0,457.0,3268.0,3.0,3811.0,3504.0,236.0
671,3246.0,445.0,3280.0,3.0,3799.0,3505.0,236.0
672,3248.0,434.0,3290.0,3.0,3793.0,3494.0,234.0
673,3247.0,438.0,3283.0,3.0,3775.0,3474.0,236.0
674,3247.0,440.0,3258.0,3.0,3774.0,3501.0,237.0
675,3247.0,440.0,3258.0,3.0,3774.0,3501.0,237.0
676,3248.0,455.0,3258.0,3.0,3794.0,3503.0,233.0
677,3251.0,447.0,3237.0,3.0,3796.0,3496.0,237.0
678,3246.0,449.0,3199.0,3.0,3784.0,3455.0,238.0
679,3246.0,449.0,3199.0,3.0,3784.0,3455.0,238.0
680,3249.0,418.0,3177.0,3.0,3793.0,3404.0,234.0
681,3246.0,414.0,3149.0,3.0,3798.0,3326.0,233.0
682,3246.0,414.0,3149.0,3.0,3798.0,3326.0,233.0
683,3246.0,414.0,3149.0,3.0,3798.0,3326.0,233.0
684,3247.0,413.0,3106.0,3.0,3781.0,3298.0,237.0
685,3248.0,425.0,3110.0,3.0,3788.0,3307.0,240.0
686,3248.0,434.0,3110.0,3.0,3791.0,3281.0,238.0
687,3247.0,443.0,3124.0,3.0,3795.0,3272.0,237.0
688,3248.0,453.0,3130.0,3.0,3789.0,3250.0,239.0
689,3248.0,453.0,3130.0,3.0,3789.0,3250.0,239.0
690,3249.0,468.0,3144.0,3.0,3786.0,3242.0,238.0
691,3249.0,468.0,3144.0,3.0,3786.0,3242.0,238.0
692,3249.0,467.0,3098.0,3.0,3780.0,3349.0,238.0
693,3247.0,463.0,3169.0,3.0,3774.0,3427.0,238.0
694,3249.0,463.0,3276.0,3.0,3787.0,3498.0,238.0
695,3247.0,467.0,3245.0,3.0,3807.0,3462.0,238.0
696,3247.0,467.0,3245.0,3.0,3807.0,3462.0,238.0
697,3246.0,505.0,3190.0,3.0,3780.0,3376.0,233.0
698,3246.0,505.0,3190.0,3.0,3780.0,3376.0,233.0
699,3249.0,544.0,3183.0,3.0,3773.0,3295.0,237.0
700,3249.0,536.0,3177.0,3.0,3769.0,3267.0,239.0
701,3250.0,519.0,3189.0,3.0,3760.0,3266.0,240.0
702,3248.0,497.0,3196.0,3.0,3757.0,3298.0,242.0
703,3248.0,507.0,3203.0,3.0,3747.0,3322.0,240.0
704,3250.0,526.0,3211.0,3.0,3719.0,3379.0,240.0
705,3248.0,545.0,3152.0,3.0,3704.0,3393.0,239.0
706,3248.0,545.0,3152.0,3.0,3704.0,3393.0,239.0
707,3248.0,549.0,3033.0,3.0,3673.0,3314.0,238.0
708,3248.0,549.0,3033.0,3.0,3673.0,3314.0,238.0
709,3250.0,544.0,2999.0,3.0,3669.0,3251.0,240.0
710,3250.0,557.0,2990.0,3.0,3661.0,3196.0,237.0
711,3251.0,568.0,3020.0,3.0,3652.0,3158.0,237.0
712,3250.0,582.0,3027.0,3.0,3642.0,3098.0,239.0
713,3250.0,582.0,3027.0,3.0,3642.0,3098.0,239.0
714,3253.0,600.0,3015.0,3.0,3635.0,2994.0,236.0
715,3253.0,602.0,3036.0,3.0,3630.0,3011.0,235.0
716,3254.0,607.0,2984.0,3.0,3595.0,3071.0,238.0
717,3253.0,616.0,2864.0,3.0,3486.0,3125.0,239.0
718,3253.0,616.0,2864.0,3.0,3486.0,3125.0,239.0
719,3253.0,616.0,2864.0,3.0,3486.0,3125.0,239.0
720,3254.0,606.0,2805.0,3.0,3406.0,3084.0,238.0
721,3256.0,605.0,2731.0,3.0,3393.0,3062.0,236.0
722,3256.0,605.0,2731.0,3.0,3393.0,3062.0,236.0
723,3253.0,606.0,2732.0,3.0,3382.0,2971.0,236.0
724,3254.0,604.0,2773.0,3.0,3376.0,2897.0,237.0
725,3252.0,602.0,2787.0,3.0,3376.0,2839.0,235.0
726,3254.0,594.0,2786.0,3.0,3379.0,2873.0,240.0
727,3254.0,592.0,2707.0,3.0,3383.0,2962.0,238.0
728,3253.0,590.0,2551.0,3.0,3353.0,3040.0,237.0
729,3251.0,593.0,2393.0,3.0,3296.0,3041.0,239.0
730,3251.0,593.0,2393.0,3.0,3296.0,3041.0,239.0
731,3250.0,596.0,2232.0,3.0,3281.0,2960.0,244.0
732,3250.0,596.0,2232.0,3.0,3281.0,2960.0,244.0
733,3248.0,574.0,2237.0,3.0,3247.0,2968.0,244.0
734,3250.0,556.0,2219.0,3.0,3238.0,2940.0,245.0
735,3250.0,556.0,2219.0,3.0,3238.0,2940.0,245.0
736,3249.0,517.0,2215.0,3.0,3239.0,2930.0,241.0
737,3250.0,513.0,2222.0,3.0,3238.0,2880.0,239.0
738,3248.0,511.0,2238.0,3.0,3231.0,2813.0,240.0
739,3248.0,521.0,2159.0,3.0,3268.0,2350.0,236.0
740,3249.0,517.0,2115.0,3.0,3274.0,2264.0,236.0
741,3249.0,515.0,2136.0,3.0,3308.0,2028.0,234.0
742,3249.0,525.0,2170.0,3.0,3286.0,1958.0,238.0
743,3249.0,533.0,2162.0,3.0,3273.0,1958.0,238.0
744,3249.0,533.0,2162.0,3.0,3273.0,1958.0,238.0
745,3249.0,573.0,2134.0,3.0,3271.0,1945.0,239.0
746,3249.0,573.0,2134.0,3.0,3271.0,1945.0,239.0
747,3250.0,590.0,2071.0,3.0,3229.0,1880.0,238.0
748,3252.0,573.0,2047.0,3.0,3216.0,1814.0,241.0
749,3247.0,550.0,2084.0,3.0,3207.0,1767.0,240.0
750,3248.0,550.0,2110.0,3.0,3233.0,1818.0,241.0
751,3248.0,550.0,2110.0,3.0,3233.0,1818.0,241.0
752,3248.0,550.0,2110.0,3.0,3233.0,1818.0,241.0
753,3249.0,616.0,2039.0,3.0,3190.0,1607.0,244.0
754,3250.0,632.0,2065.0,3.0,3144.0,1555.0,244.0
755,3251.0,629.0,2035.0,3.0,3138.0,1560.0,247.0
756,3249.0,640.0,1989.0,3.0,3200.0,1613.0,246.0
757,3249.0,640.0,1989.0,3.0,3200.0,1613.0,246.0
758,3250.0,664.0,1729.0,3.0,3251.0,1641.0,243.0
759,3250.0,664.0,1729.0,3.0,3251.0,1641.0,243.0
760,3249.0,650.0,1648.0,3.0,3324.0,1739.0,242.0
761,3251.0,641.0,1624.0,3.0,3325.0,1740.0,240.0
762,3252.0,629.0,1695.0,3.0,3252.0,1742.0,237.0
763,3250.0,615.0,1844.0,3.0,3204.0,1715.0,240.0
764,3251.0,599.0,1932.0,3.0,3205.0,1682.0,242.0
765,3251.0,594.0,2007.0,3.0,3207.0,1624.0,243.0
766,3251.0,594.0,2007.0,3.0,3207.0,1624.0,243.0
767,3252.0,623.0,2051.0,3.0,3095.0,1565.0,248.0
768,3252.0,623.0,2051.0,3.0,3095.0,1565.0,248.0
769,3252.0,657.0,2124.0,3.0,3058.0,1503.0,249.0
770,3252.0,657.0,2124.0,3.0,3058.0,1503.0,249.0
771,3252.0,657.0,2124.0,3.0,3058.0,1503.0,249.0
772,3252.0,628.0,2110.0,3.0,2973.0,1528.0,246.0
773,3253.0,592.0,2151.0,3.0,2992.0,1532.0,246.0
774,3253.0,575.0,2244.0,3.0,3068.0,1585.0,248.0
775,3253.0,575.0,2244.0,3.0,3068.0,1585.0,248.0
776,3253.0,550.0,2371.0,3.0,3096.0,1629.0,249.0
777,3253.0,550.0,2371.0,3.0,3096.0,1629.0,249.0
778,3254.0,522.0,2343.0,3.0,3092.0,1600.0,247.0
779,3253.0,493.0,2379.0,3.0,3086.0,1610.0,245.0
780,3253.0,460.0,2379.0,3.0,3087.0,1628.0,250.0
781,3252.0,446.0,2358.0,3.0,3086.0,1653.0,250.0
782,3254.0,446.0,2321.0,3.0,3086.0,1676.0,246.0
783,3253.0,456.0,2298.0,3.0,3087.0,1679.0,245.0
784,3253.0,456.0,2298.0,3.0,3087.0,1679.0,245.0
785,3252.0,479.0,2261.0,3.0,3085.0,1640.0,249.0
786,3252.0,479.0,2261.0,3.0,3085.0,1640.0,249.0
787,3252.0,479.0,2261.0,3.0,3085.0,1640.0,249.0
788,3254.0,456.0,2153.0,3.0,3081.0,1592.0,245.0
789,3254.0,456.0,2153.0,3.0,3081.0,1592.0,245.0
790,3252.0,440.0,2201.0,3.0,3081.0,1553.0,247.0
791,3253.0,442.0,2207.0,3.0,3077.0,1583.0,247.0
792,3253.0,459.0,2167.0,3.0,3076.0,1626.0,250.0
793,3252.0,472.0,2183.0,3.0,3076.0,1623.0,248.0
794,3252.0,472.0,2183.0,3.0,3076.0,1623.0,248.0
795,3252.0,472.0,2183.0,3.0,3076.0,1623.0,248.0
796,3254.0,556.0,2063.0,3.0,3075.0,1600.0,248.0
797,3255.0,519.0,2078.0,3.0,3071.0,1549.0,247.0
798,3254.0,466.0,2091.0,3.0,3055.0,1518.0,247.0
799,3254.0,466.0,2091.0,3.0,3055.0,1518.0,247.0
800,3254.0,466.0,2091.0,3.0,3055.0,1518.0,247.0
801,3254.0,435.0,2179.0,3.0,2989.0,1516.0,241.0
802,3255.0,446.0,2179.0,3.0,3014.0,1515.0,249.0
803,3255.0,461.0,2172.0,3.0,3024.0,1516.0,248.0
804,3254.0,462.0,2176.0,3.0,3037.0,1515.0,248.0
805,3254.0,462.0,2176.0,3.0,3037.0,1515.0,248.0
806,3254.0,468.0,2116.0,3.0,3098.0,1518.0,246.0
807,3254.0,478.0,2115.0,3.0,3126.0,1518.0,249.0
808,3254.0,478.0,2115.0,3.0,3126.0,1518.0,249.0
809,3254.0,478.0,2115.0,3.0,3126.0,1518.0,249.0
810,3251.0,516.0,2329.0,3.0,3119.0,1524.0,247.0
811,3251.0,543.0,2405.0,3.0,3136.0,1534.0,246.0
812,3252.0,570.0,2347.0,3.0,3169.0,1545.0,243.0
813,3253.0,577.0,2356.0,3.0,3167.0,1535.0,246.0
814,3251.0,609.0,2348.0,3.0,3189.0,1542.0,245.0
815,3253.0,658.0,2327.0,3.0,3131.0,1539.0,246.0
816,3252.0,678.0,2354.0,3.0,3072.0,1554.0,249.0
817,3252.0,666.0,2396.0,3.0,3051.0,1553.0,248.0
818,3252.0,666.0,2396.0,3.0,3051.0,1553.0,248.0
819,3252.0,646.0,2398.0,3.0,3074.0,1616.0,251.0
820,3252.0,646.0,2398.0,3.0,3074.0,1616.0,251.0
821,3254.0,600.0,2448.0,3.0,3057.0,1678.0,246.0
822,3252.0,556.0,2559.0,3.0,3061.0,1656.0,244.0
823,3253.0,525.0,2653.0,3.0,3108.0,1641.0,243.0
824,3253.0,525.0,2653.0,3.0,3108.0,1641.0,243.0
825,3252.0,531.0,2634.0,3.0,3315.0,1642.0,251.0
826,3253.0,513.0,2635.0,3.0,3346.0,1641.0,248.0
827,3253.0,513.0,2635.0,3.0,3346.0,1641.0,248.0
828,3253.0,535.0,2669.0,3.0,3347.0,1640.0,246.0
829,3255.0,508.0,2727.0,3.0,3355.0,1640.0,251.0
830,3252.0,494.0,2758.0,3.0,3366.0,1640.0,251.0
831,3252.0,494.0,2758.0,3.0,3366.0,1640.0,251.0
832,3253.0,498.0,2722.0,3.0,3370.0,1696.0,249.0
833,3253.0,498.0,2722.0,3.0,3370.0,1696.0,249.0
834,3252.0,505.0,2740.0,3.0,3416.0,1746.0,240.0
835,3252.0,505.0,2740.0,3.0,3416.0,1746.0,240.0
836,3253.0,520.0,2744.0,3.0,3423.0,1754.0,242.0
837,3252.0,521.0,2762.0,3.0,3407.0,1751.0,244.0
838,3252.0,521.0,2762.0,3.0,3407.0,1751.0,244.0
839,3252.0,538.0,2817.0,3.0,3524.0,1753.0,252.0
840,3253.0,537.0,2741.0,3.0,3581.0,1754.0,252.0
841,3252.0,509.0,2748.0,3.0,3595.0,1765.0,247.0
842,3252.0,509.0,2748.0,3.0,3595.0,1765.0,247.0
843,3252.0,481.0,2894.0,3.0,3631.0,1827.0,248.0
844,3254.0,460.0,2903.0,3.0,3632.0,1851.0,252.0
845,3252.0,431.0,2890.0,3.0,3680.0,1920.0,252.0
846,3252.0,431.0,2890.0,3.0,3680.0,1920.0,252.0
847,3253.0,389.0,2880.0,3.0,3721.0,2012.0,241.0
848,3254.0,408.0,2890.0,3.0,3727.0,2015.0,244.0
849,3254.0,408.0,2890.0,3.0,3727.0,2015.0,244.0
850,3253.0,462.0,2912.0,3.0,3780.0,2015.0,246.0
851,3254.0,447.0,2937.0,3.0,3804.0,2018.0,243.0
852,3253.0,394.0,3067.0,3.0,3818.0,2018.0,250.0
853,3253.0,394.0,3067.0,3.0,3818.0,2018.0,250.0
854,3253.0,394.0,3067.0,3.0,3818.0,2018.0,250.0
855,3255.0,378.0,3003.0,3.0,4079.0,2051.0,258.0
856,3253.0,395.0,2914.0,3.0,4045.0,2181.0,257.0
857,3253.0,423.0,2875.0,3.0,4047.0,2355.0,254.0
858,3253.0,425.0,2935.0,3.0,4041.0,2447.0,260.0
859,3251.0,432.0,3004.0,3.0,3961.0,2585.0,259.0
860,3251.0,432.0,3004.0,3.0,3961.0,2585.0,259.0
861,3253.0,451.0,3034.0,3.0,3841.0,2649.0,266.0
862,3253.0,451.0,3034.0,3.0,3841.0,2649.0,266.0
863,3254.0,474.0,3128.0,16.0,3827.0,2662.0,268.0
864,3254.0,547.0,3083.0,20.0,3851.0,2728.0,262.0
865,3254.0,547.0,3083.0,20.0,3851.0,2728.0,262.0
866,3253.0,558.0,2987.0,20.0,3854.0,2812.0,267.0
867,3254.0,537.0,3049.0,20.0,3867.0,2863.0,264.0
868,3257.0,496.0,3076.0,20.0,3904.0,2903.0,263.0
869,3255.0,424.0,3165.0,20.0,3958.0,2976.0,255.0
870,3255.0,365.0,3201.0,20.0,3967.0,3136.0,248.0
871,3253.0,348.0,3189.0,20.0,3940.0,3279.0,246.0
872,3255.0,352.0,3179.0,20.0,3941.0,3384.0,253.0
873,3255.0,399.0,3099.0,20.0,3950.0,3443.0,261.0
874,3255.0,399.0,3099.0,20.0,3950.0,3443.0,261.0
875,3255.0,399.0,3099.0,20.0,3950.0,3443.0,261.0
876,3253.0,513.0,3155.0,20.0,4017.0,3372.0,268.0
877,3254.0,541.0,3158.0,20.0,4024.0,3389.0,260.0
878,3253.0,609.0,3155.0,20.0,4062.0,3391.0,257.0
879,3257.0,718.0,3136.0,20.0,4065.0,3403.0,260.0
880,3257.0,718.0,3136.0,20.0,4065.0,3403.0,260.0
881,3253.0,1135.0,2986.0,20.0,4058.0,3350.0,270.0
882,3253.0,1161.0,3036.0,20.0,4083.0,3235.0,269.0
883,3253.0,1093.0,3081.0,20.0,4068.0,3157.0,273.0
884,3254.0,1057.0,3134.0,20.0,4053.0,3161.0,272.0
885,3253.0,1032.0,3191.0,20.0,4045.0,3189.0,268.0
886,3253.0,1032.0,3191.0,20.0,4045.0,3189.0,268.0
887,3253.0,1032.0,3191.0,20.0,4045.0,3189.0,268.0
888,3253.0,1019.0,3253.0,20.0,4044.0,3279.0,272.0
889,3253.0,999.0,3246.0,20.0,4073.0,3323.0,271.0
890,3252.0,1007.0,3248.0,20.0,4086.0,3387.0,271.0
891,3252.0,1036.0,3250.0,20.0,4110.0,3447.0,277.0
892,3254.0,1066.0,3248.0,20.0,4162.0,3440.0,273.0
893,3254.0,1066.0,3248.0,20.0,4162.0,3440.0,273.0
894,3251.0,1056.0,3175.0,20.0,4064.0,3243.0,276.0
895,3252.0,1053.0,3105.0,20.0,4046.0,3110.0,275.0
896,3252.0,1053.0,3105.0,20.0,4046.0,3110.0,275.0
897,3252.0,1052.0,3155.0,20.0,4072.0,3049.0,274.0
898,3252.0,1043.0,3191.0,20.0,4072.0,3028.0,274.0
899,3252.0,1043.0,3191.0,20.0,4072.0,3028.0,274.0
900,3253.0,1035.0,3246.0,20.0,4162.0,2992.0,274.0
901,3252.0,1026.0,3208.0,20.0,4172.0,3048.0,272.0
902,3252.0,1026.0,3208.0,20.0,4172.0,3048.0,272.0
903,3253.0,1030.0,3197.0,20.0,4155.0,3136.0,263.0
904,3253.0,1030.0,3197.0,20.0,4155.0,3136.0,263.0
905,3251.0,1071.0,3148.0,20.0,4120.0,3262.0,273.0
906,3250.0,1098.0,3141.0,20.0,4152.0,3396.0,269.0
907,3249.0,1092.0,3186.0,20.0,4173.0,3457.0,263.0
908,3251.0,1067.0,3208.0,20.0,4188.0,3445.0,263.0
909,3250.0,1087.0,3211.0,20.0,4202.0,3450.0,260.0
910,3249.0,1129.0,3183.0,20.0,4261.0,3464.0,263.0
911,3249.0,1159.0,3132.0,20.0,4264.0,3466.0,260.0
912,3249.0,1159.0,3132.0,20.0,4264.0,3466.0,260.0
913,3250.0,1201.0,3191.0,20.0,4244.0,3418.0,260.0
914,3250.0,1201.0,3191.0,20.0,4244.0,3418.0,260.0
915,3250.0,1201.0,3191.0,20.0,4244.0,3418.0,260.0
916,3249.0,1180.0,3206.0,20.0,4325.0,3436.0,258.0
917,3251.0,1209.0,3152.0,20.0,4337.0,3506.0,267.0
918,3251.0,1184.0,3219.0,20.0,4295.0,3598.0,263.0
919,3252.0,1160.0,3266.0,20.0,4313.0,3653.0,261.0
920,3250.0,1136.0,3275.0,20.0,4374.0,3699.0,265.0
921,3250.0,1136.0,3275.0,20.0,4374.0,3699.0,265.0
922,3249.0,1122.0,3319.0,20.0,4376.0,3778.0,265.0
923,3250.0,1194.0,3318.0,20.0,4404.0,3762.0,263.0
924,3250.0,1194.0,3318.0,20.0,4404.0,3762.0,263.0
925,3250.0,1155.0,3299.0,20.0,4419.0,3780.0,267.0
926,3250.0,1155.0,3299.0,20.0,4419.0,3780.0,267.0
927,3249.0,950.0,3452.0,19.0,4461.0,3792.0,266.0
928,3252.0,911.0,3464.0,19.0,4600.0,3795.0,267.0
929,3250.0,925.0,3531.0,20.0,4688.0,3771.0,261.0
930,3247.0,946.0,3349.0,24.0,4694.0,3672.0,254.0
931,3247.0,946.0,3349.0,24.0,4694.0,3672.0,254.0
932,3247.0,946.0,3349.0,24.0,4694.0,3672.0,254.0
933,3248.0,875.0,3350.0,24.0,4741.0,3525.0,256.0
934,3247.0,879.0,3344.0,24.0,4759.0,3577.0,260.0
935,3247.0,880.0,3323.0,24.0,4755.0,3597.0,262.0
936,3248.0,899.0,3326.0,24.0,4747.0,3613.0,260.0
937,3248.0,904.0,3352.0,25.0,4735.0,3616.0,258.0
938,3247.0,889.0,3341.0,25.0,4754.0,3638.0,258.0
939,3249.0,886.0,3352.0,25.0,4775.0,3672.0,257.0
940,3249.0,886.0,3352.0,25.0,4775.0,3672.0,257.0
941,3249.0,892.0,3342.0,25.0,4803.0,3713.0,256.0
942,3250.0,887.0,3337.0,25.0,4803.0,3749.0,257.0
943,3250.0,887.0,3337.0,25.0,4803.0,3749.0,257.0
944,3250.0,902.0,3374.0,25.0,4796.0,3783.0,253.0
945,3248.0,889.0,3358.0,25.0,4817.0,3797.0,250.0
946,3248.0,889.0,3358.0,25.0,4817.0,3797.0,250.0
947,3248.0,889.0,3358.0,25.0,4817.0,3797.0,250.0
948,3249.0,915.0,3397.0,25.0,4878.0,3793.0,252.0
949,3248.0,892.0,3380.0,25.0,4905.0,3804.0,253.0
950,3248.0,892.0,3380.0,25.0,4905.0,3804.0,253.0
951,3249.0,824.0,3453.0,25.0,4927.0,3840.0,248.0
952,3249.0,824.0,3453.0,25.0,4927.0,3840.0,248.0
953,3250.0,789.0,3491.0,25.0,4944.0,3849.0,243.0
954,3249.0,760.0,3461.0,25.0,4881.0,3843.0,242.0
955,3249.0,758.0,3477.0,25.0,4839.0,3842.0,247.0
956,3248.0,762.0,3431.0,25.0,4846.0,3855.0,252.0
957,3249.0,766.0,3372.0,25.0,4829.0,3850.0,251.0
958,3250.0,754.0,3357.0,25.0,4819.0,3854.0,250.0
959,3250.0,754.0,3357.0,25.0,4819.0,3854.0,250.0
960,3248.0,682.0,3334.0,26.0,4813.0,3849.0,245.0
961,3248.0,640.0,3348.0,26.0,4799.0,3849.0,246.0
962,3248.0,609.0,3360.0,25.0,4786.0,3844.0,245.0
963,3250.0,588.0,3358.0,26.0,4783.0,3847.0,243.0
964,3252.0,591.0,3317.0,22.0,4743.0,3837.0,240.0
965,3252.0,591.0,3317.0,22.0,4743.0,3837.0,240.0
966,3248.0,629.0,3334.0,20.0,4719.0,3798.0,245.0
967,3248.0,629.0,3334.0,20.0,4719.0,3798.0,245.0
968,3249.0,697.0,3325.0,20.0,4657.0,3785.0,239.0
969,3249.0,697.0,3325.0,20.0,4657.0,3785.0,239.0
970,3249.0,754.0,3300.0,20.0,4612.0,3681.0,242.0
971,3249.0,764.0,3304.0,20.0,4603.0,3664.0,240.0
972,3248.0,770.0,3334.0,20.0,4569.0,3671.0,242.0
973,3249.0,776.0,3395.0,20.0,4562.0,3673.0,237.0
974,3248.0,755.0,3441.0,20.0,4558.0,3684.0,238.0
975,3248.0,755.0,3441.0,20.0,4558.0,3684.0,238.0
976,3248.0,755.0,3441.0,20.0,4558.0,3684.0,238.0
977,3248.0,755.0,3441.0,20.0,4558.0,3684.0,238.0
978,3248.0,721.0,3487.0,3.0,4678.0,3828.0,245.0
979,3246.0,714.0,3574.0,3.0,4722.0,3856.0,244.0
980,3246.0,714.0,3574.0,3.0,4722.0,3856.0,244.0
981,3248.0,735.0,3440.0,3.0,4679.0,3868.0,248.0
982,3249.0,743.0,3415.0,3.0,4663.0,3848.0,244.0
983,3249.0,750.0,3381.0,3.0,4681.0,3773.0,244.0
984,3249.0,750.0,3381.0,3.0,4681.0,3773.0,244.0
985,3248.0,756.0,3344.0,3.0,4600.0,3719.0,246.0
986,3248.0,756.0,3344.0,3.0,4600.0,3719.0,246.0
987,3248.0,756.0,3344.0,3.0,4600.0,3719.0,246.0
988,3249.0,711.0,3285.0,3.0,4442.0,3708.0,245.0
989,3249.0,696.0,3284.0,3.0,4428.0,3728.0,244.0
990,3249.0,691.0,3323.0,3.0,4500.0,3767.0,244.0
991,3249.0,691.0,3311.0,3.0,4552.0,3768.0,247.0
992,3248.0,690.0,3277.0,3.0,4529.0,3727.0,249.0
993,3249.0,672.0,3221.0,3.0,4468.0,3725.0,248.0
994,3248.0,650.0,3210.0,3.0,4423.0,3735.0,246.0
995,3251.0,628.0,3192.0,3.0,4376.0,3729.0,251.0
996,3251.0,613.0,3183.0,3.0,4354.0,3696.0,250.0
997,3252.0,596.0,3164.0,3.0,4312.0,3666.0,247.0
998,3252.0,588.0,3155.0,3.0,4299.0,3601.0,242.0
999,3252.0,588.0,3155.0,3.0,4299.0,3601.0,242.0
