,qual,vlue,mtum
0,0.5833738619509532,0.0,0.0
1,-0.19442014253989726,0.2598119625547568,0.0
2,0.0,0.010824033684464496,0.0
3,-0.14583991664363083,0.0,0.0
4,-0.04861803243727536,0.0,-0.960854041656134
5,0.29264484548718883,0.6762697221285308,0.540155676175047
6,0.0,-0.15009238823093796,-0.6903286912081086
7,-0.5844026885490905,-0.1203606222066611,0.12912208230098088
8,0.583430588311451,0.4056520912900652,0.49107300436190826
9,0.09720534637125411,0.0,0.0
10,0.0,0.27034333768316543,0.5609311604093392
11,0.20410047645658125,0.0,0.0
12,0.0,0.0,0.46953786424008825
13,0.13604384519716461,0.0,-0.24455266079925764
14,0.08161742419954265,0.13514426671079605,0.0
15,0.2584112386356807,0.13512600520471096,0.0
16,0.0,0.0,0.24315138325459174
17,-0.27395690110409987,0.0,-0.3980423098646213
18,0.07869743124899742,0.13510774863512154,-0.3021413855384125
19,0.0,0.0,0.09184381370008765
20,0.6808142256922167,0.7427665016193075,0.3154297756813307
21,-0.09709209192543256,0.06749687829454842,0.0
22,0.0,0.0,-0.14298250311028937
23,0.09709209192543256,0.0,0.38824800424386297
24,0.0,0.2024633042179147,0.1401247112218229
25,0.3882741264078504,0.20242232112543945,-0.24523113156948995
26,0.0,0.0,0.10510642034766704
27,0.0,0.0,0.07006480997784337
28,0.291106692658083,0.0,0.0
29,0.0,0.0,-0.350373150986627
30,-0.09702614862394654,0.5409412374310918,-0.2102828311816296
31,0.1940428840860875,0.0,-0.14021312417789034
32,0.09700732412909474,0.0,0.49065994745944863
33,0.357875619251935,0.0,-0.016818641783267196
34,0.0,0.40315486074682383,0.15696299069212216
35,0.0,0.0,0.2101797044202769
36,0.4178443847395741,0.0,-0.35032405332913186
37,0.0,0.13479813998973356,-0.3504468232815583
38,-0.28985493399869,0.0,-0.35056967931357264
39,0.0,0.13477997189959012,0.0
40,0.09598133897537053,-0.006738567178032895,-0.288260336847479
41,0.004847297994992061,0.0,-0.062432284667401916
42,0.23942727559322918,0.4109695232994426,0.07014836381902256
43,-0.25784713297571926,0.0,0.0
44,0.20744615441081748,0.5387205517495275,-0.22800017637258918
45,0.3876344655573405,0.1346348032997824,-0.12279086100619452
46,-1.0304697109919658,0.0,-1.1233589610739614
47,-0.13288475855688375,0.0,-0.14050864151293752
48,0.08729854653477531,0.0,-0.9841136742512191
49,-0.281322606126011,0.0,0.0
50,0.0,0.0,0.0
51,-0.291106692658083,-0.7865235527511061,-0.3207490925536405
52,0.0,0.24787554619098984,0.0
53,-0.09705439906682045,0.0,-0.31240721267433713
54,0.20283296580725363,0.0,0.21109664786589377
55,0.0853910473832542,0.33668900355099396,0.28139289668605016
56,0.0,0.0,-0.5628649976223699
57,0.0,0.0673241997093399,-0.28155134978735674
58,-0.6444943999692754,0.0,-0.4224757139308366
59,-0.22722505865768738,-0.2693239983964091,-0.6692851228224939
60,0.0,0.0,-0.13250111376716944
61,0.0,0.2693239983964091,-0.25518458372353336
62,0.04952781060385547,0.0,-0.24819774718753962
63,-0.6119862056976899,0.0,0.0
64,0.46630917142476136,0.0,0.2714631279845392
65,-0.2914177494028891,-0.8081896991631865,-0.5169010172094701
66,0.0,-0.13476180870775067,-0.2821869507263486
67,0.0,0.0,-1.2708276209059122
68,-1.0692589111096495,-0.8089524507486345,0.0
69,0.2917294716073826,0.5393743388593109,-0.49464722062797506
70,0.0,0.0,0.0
71,-0.01944598391911967,0.0,0.07067887058020972
72,0.31109037426269026,0.40433992059707435,-0.31809426461482104
73,-0.19442014253989726,0.0,-0.495014506960878
74,0.09721479616864315,0.0,0.6010571715586721
75,0.0,0.5388657007667774,0.494717137904388
76,0.09720534637125411,0.13467106612541357,-0.8482364260622433
77,0.0,0.1346529322709955,-0.0707188572128814
78,0.29155935869074057,0.0,-0.21218658353117092
79,0.0,0.0,0.4243281534668242
80,-0.43737092180684556,0.0,-0.6365597697000069
81,0.0,0.0,0.0
82,0.0,-0.2693239983964091,-0.07146144675651556
83,0.24300746152494668,0.0,-0.3177468730619637
84,0.0,0.13467106612541357,0.5957810107943828
85,0.43726467355309495,0.2692877355707779,0.6293591281307798
86,0.36424122884870513,0.0,0.08341338902795314
87,0.10973201607633598,0.0,0.21203661244939553
88,0.0,0.0,-0.3534193357159765
89,0.2543765894049699,0.13461667920999787,0.0
90,-0.3883872269421218,0.0,0.6360649000622942
91,0.17285094368180154,0.13459855999808923,0.062171304572089525
92,0.0,-0.4038500425078695,-0.062171304572089525
93,0.4096733446354861,0.0,1.3061975627284284
94,0.28919432410212664,0.0,0.13687544426499443
95,0.050454870070382185,0.0,0.11005120213880559
96,0.14552863301453556,0.0,-0.07054424890906574
97,0.09700732412909474,0.0,0.0
98,0.0,0.20194540811058204,0.0
99,0.04850013338497661,0.20190463439728745,-0.07054922575200351
100,-0.14550745751407135,0.0,-0.5073955299268462
101,0.0,0.06729248681924815,0.0614092577819747
102,-0.09701673546214096,0.0672879588456965,-0.1800033252532529
103,-0.19406171223401714,0.0,0.0
104,-0.5824111987573488,-0.12515922490319298,-1.422106037135329
105,-0.056317733012178905,0.25972156110842803,-0.21211157148126603
106,-0.2019931290364596,0.0,-0.31825173981037125
107,-0.4798972684527669,-0.6743392639547707,-0.3891119453403036
108,-0.7679260057864568,0.0,-0.49545246439386403
109,0.08265326716117016,0.0,0.5945135073046615
110,-0.22852864122491212,-0.8324466058100555,-0.06792651485820755
111,0.0009725729563925256,-0.3517754926933847,-0.29581716167559335
112,-0.2927871754847544,0.0,0.0
113,0.48631037285851164,0.4690064965204854,0.0
114,0.4151219152106478,0.1778414898101488,0.30006270403326596
115,0.0,0.0,-0.3566884067378595
116,-0.7068797582725495,-0.06736047963240566,-0.5324383962879153
117,0.0,-0.07814384129467555,-0.13669547562855655
118,0.6106490377559837,0.41355407202647854,0.848909407781484
119,0.16718279533556313,0.0,0.7407022577758937
120,0.38868915074985466,0.2868279341594615,0.461688522585213
121,-0.29150269846489607,0.0,-1.0608579798985218
122,-0.19438235069380028,-0.46462175575356923,0.7073636851506748
123,-0.07095897164965947,0.1791406238478288,-0.2885439582795968
124,-0.6096769630330456,-0.7410152247189217,-0.41881972687107805
125,-1.0705076201142916,-1.1462864948228457,-1.6997171230936914
126,0.4225008021245813,0.40472175931860477,0.07087925721549482
127,-0.06521312771834431,0.26972353501442115,-0.1956389531896363
128,0.7132199457080546,0.40444894383462326,0.59955481663021
129,0.0,0.13477997189959012,0.0
130,0.29175784306190167,0.2695054591166368,0.6891147414984644
131,0.38887809162080345,0.0,0.46504336464980867
132,-0.2916443903435706,0.13472549700477288,-0.27177990524762663
133,0.008750569394422314,0.013471551451260666,-0.2945116084349664
134,-0.39774211373355683,0.12123579703793297,-0.5673208478960134
135,-0.30254551911301775,-0.6063260198549969,-0.27634018077016265
136,-0.13525091254162902,0.06738771524439358,-0.28988496589565926
137,-0.37860520932220254,-0.33159135847782295,-0.3920808233015549
138,-0.0808006468391298,0.19681138657823283,0.17939782650611136
139,0.21610277231065567,0.0,-0.4964363067809785
140,-0.4906790551233442,-0.26961445296791453,-0.7806124655695967
141,-0.8729132473295209,-0.2696871645255783,-0.7812222974648009
142,0.2923549209539189,0.0,0.2131211601854588
143,-0.1948937835054565,0.0,0.071030294450658
144,0.1948937835054565,0.13485267365886955,0.21306061655135267
145,0.19485580731970487,0.40444894383462326,-0.14203536704560094
146,-0.03701968180980231,0.0,0.21304548601719375
147,0.0,0.0,0.0
148,-0.15783612550990256,-0.13479813998973356,0.0
149,0.2922694745342014,0.0,-0.639272671556057
150,0.24349265989975777,-0.13481631297818097,0.8806693655936115
151,0.23077631013190825,0.6658157769345863,0.042593368219101535
152,0.888526918876309,0.0,1.1351544319335716
153,0.0,0.9319363941120429,0.2984734981588133
154,0.09727153356209328,0.018845244201592948,0.0
155,-0.19455252979660997,-0.40390441478077577,-0.12122196003794272
156,-0.1225875310559843,0.0,-0.35453449991962316
157,-0.22964883291365368,0.0,0.4608703440602824
158,-0.32899571920985693,-0.11985636104849817,-0.6381847406808916
159,0.1888450959910415,-0.05656641841866872,0.39005017958082533
160,-0.3348837965058138,0.0,-0.7447733218910457
161,-0.14606003093220465,-0.6318757961327748,-0.2625761574641672
162,0.8663107871855757,0.0,1.085341261896744
163,-0.1839066148798807,0.6736275094745281,0.0
164,-0.4876622047964574,-0.22763533456604534,-0.57444569344689
165,0.6812983863699884,0.4969593329624544,1.0174653938044287
166,0.5836008336057574,0.5384304881728141,0.8302218203244394
167,-0.19449577033014975,-0.8077544865692232,-0.3236478612080873
168,-0.4864049903767764,-0.2693965533531184,0.0
169,0.14594634065456802,0.0,-0.1062529884654495
170,0.02432231937721241,0.5387205517495275,0.0
171,0.0,0.1346348032997824,0.8815579717298405
172,0.21887425761324408,-0.2692877355707779,-0.35040589040491454
173,-0.11964532470987166,-0.13467106612541357,0.21238186338745635
174,0.6544696962764718,0.40395880169619147,0.28310567108214
175,-0.23334273291819585,0.08884904149830675,-0.07076890417323511
176,0.038894236850772756,0.04576763771169112,-0.07077391276499867
177,0.006806335921538675,0.0,0.0
178,0.0,0.0,0.2830656023427025
179,0.39177239594501145,0.4710157204463883,0.5658909396260015
180,0.23324068600771852,0.0672698530408411,0.35281237429352075
181,0.19432569046795578,0.2690341689621789,0.21275851388136147
182,0.4089322118296934,0.0,0.7065140890194499
183,-0.4089322118296934,0.13448994707854212,-0.8478768260369307
184,0.09714868614008054,-0.13448994707854212,-0.353494294747847
185,0.0,0.0,-0.060813615480270755
186,0.09713924919019234,0.537851297085723,0.48499177666538884
187,0.4457481383211004,-0.13443570632620805,-0.282765447947142
188,-0.6400360736513733,-0.5379236278182375,-0.42429814652500397
189,0.0,0.5379236278182375,-0.07073386386657887
190,-0.9720062973688215,-0.9186794529032483,-0.49527718845965296
191,-0.3404255352030816,-0.44955919728817406,-0.5741208975944545
192,-0.340541464213473,0.09019724258330086,-0.4880140933893884
193,1.2642841460355214,0.8746258168486065,1.345180563210313
194,0.19436346028189888,0.2689618090441215,0.5658509133867895
195,0.0,0.0,-0.49510203649560935
196,0.005830320191080318,0.0,0.0
197,0.09133724535193011,0.2688894880416015,0.7072136079768754
198,-0.21766846069937174,-0.31729727525053875,-0.4949970047682939
199,0.12050089515636131,0.0,0.42429814652500397
200,0.19432569046795578,0.31729727525053875,0.0
201,0.2914177494028891,0.26881720591998004,0.4241181939592664
202,-0.2914177494028891,-0.4032529122461881,0.21199166245544632
203,0.6798426911673872,0.2688533421224548,0.28258566065808566
204,0.0,0.0,-0.24725808571623986
205,-1.0685318419172418,-0.4033071238378483,-0.848206447743749
206,0.04859440679361171,-0.13447186196557936,-0.7427712782908102
207,-0.15842646590957798,0.0,0.14152278540446872
208,0.28087389869924095,0.13447186196557936,0.5658909396260015
209,-0.8029841108143643,-0.6725402096252608,0.0
210,0.7291287235160482,0.0,-0.21217157687747346
211,0.48579063379516896,1.0758473334631091,0.5656908650353287
212,0.1942501948608566,0.0,0.5653710397952594
213,-0.3885381301911295,0.0,-0.42399831035844215
214,-0.25457432298825466,-0.13441763579624677,0.0
215,0.44886225831852755,0.8062349267676794,0.6712476625887476
216,0.5826374218029784,0.0,0.24718823509850552
217,0.2911914604419863,0.0,0.07061398866081703
218,0.291106692658083,0.4028738387935604,0.6353016131503963
219,0.0,-0.009398540406380107,-0.0705691401439168
220,-0.4852249112623497,0.009398540406380107,-0.5647324730064796
221,0.29116319902833254,0.40271159682436775,0.5647324730064796
222,0.0,0.5366966451116895,0.5644137302365237
223,0.9699321807934425,0.5364087563242137,0.740309906372083
224,0.6783932033203044,0.5361211762240359,0.5988973422388355
225,0.0,0.0,0.07043493575764614
226,0.09687575691685879,0.0,0.1408549900210332
227,0.04843435934454021,0.1339853957924575,0.2119493681318474
228,-0.48444919075585346,-0.2679887460761421,-1.1983511954518633
229,-0.43620502327446076,-0.26806058329675864,-0.2820078980905194
230,0.38774719369172317,0.1340392737079199,0.42298202957091746
231,-0.38774719369172317,-0.13537975718058703,-0.21146865056120845
232,0.5815644246496277,0.5373898128455679,0.17622698080721477
233,0.097863428273115,0.010718056173253387,0.6693794398149322
234,0.28965837467787026,0.0,0.14086491078391106
235,-0.29062727257134213,0.3911304523489534,-0.14086491078391106
236,0.0,-0.26788106241149023,0.0
237,-0.2907117613375476,-0.26795284190317403,0.28170998143917103
238,0.0,0.0,0.1408252361150275
239,0.9687107218825375,1.0712373814989462,0.14080540716054912
240,0.0,0.0,-0.3964282082069559
241,0.0,0.0,0.0
242,0.0,0.0,-2.1150600101309536
243,1.2472883243983546,0.0,0.7760415218918126
244,0.0,0.0,-0.3526714901651573
245,-0.42589335636922243,6.003090949959322,0.9166872975594487
246,0.0,0.0,0.22833592542070846
247,0.07920478401057807,0.0,0.0
248,0.5484658543695176,0.0,-0.29882050694762796
249,0.19305019364956877,0.0,-0.35249744804399796
250,0.0,0.0,0.0
251,0.13414793642230194,0.0,-0.7759320390716695
252,0.15535749382600272,1.7292499353018798,-0.141143260643517
253,-0.38602586852576337,0.0,-0.9179170988726781
254,-0.09652975537211006,0.0,0.0
255,-0.2896451866742922,0.9291830495303799,0.0
256,0.09655771745098463,-0.13268758727136287,-0.09890288451241958
257,0.675643093121181,0.13268758727136287,-0.3250355094577273
258,-0.192994307266936,0.3979571585315256,0.4239383939701469
259,0.0,0.0,-0.7066638694190885
260,-0.7723499128866607,0.13261720064505766,-0.07069386026703484
261,-0.1931807211645875,0.5965598559587448,-0.28282542789082044
262,-0.1932180471673206,-0.7291770566038025,-0.14144271593607982
263,0.1932180471673206,-0.13263479030012348,0.35356928558361034
264,-0.5797661772213303,0.26657807413954515,0.0
265,0.0,0.19756674737525515,-1.9220949102551899
266,-0.2900091856572473,0.0,-0.3429117205966392
267,0.3798949582973776,0.0,0.7791748224912354
268,0.0,0.0,0.21239689980401266
269,-1.153664220232109,0.0,-1.1333051220079327
270,0.30861226789991036,-1.4209626857493163,0.08575110711017686
271,0.3684685723976955,0.0,-0.36927818584597816
272,0.0,0.0,0.0070891567807152
273,-0.4835823876812029,0.7578326879738029,-0.858153037937015
274,0.21280506169407687,0.8619832778524739,-0.42580371092615366
275,0.17407955479598058,0.13254688865593778,0.9024887162922823
276,-0.09670712255527292,0.1325293223066737,0.37437887579017115
277,-0.048357068603621656,0.39748261536853846,0.032609705076680484
278,0.048357068603621656,0.9268454817759064,0.0
279,0.5279070542112407,-0.2647253489982404,1.0726916020269428
280,0.0,0.0,-0.7509050174672183
281,0.0,0.6603590925866598,0.0
282,0.29380553764202233,0.13360680858998109,0.0708641888120809
283,0.047348736497809796,0.2645152772995374,0.0
284,-0.20100599703365418,-0.1322488926085441,-0.6166867108072793
285,-0.2812829420442142,0.2644802977593841,0.1914262323587934
286,0.07540318959087244,0.0,0.2835270787358013
287,0.5721056154746051,0.9251305754656158,0.0
288,0.028983126991732888,0.0,-0.4253207691533589
289,-0.22512436283683712,0.0,-0.7802248861956684
290,-0.1613864159626388,0.0,-0.14192449640582083
291,0.09664170096890246,-0.12550325168980692,-0.0007096730927358408
292,0.09663236225332383,0.0,0.0
293,0.14493103723545175,0.12550325168980692,-0.21221484597067075
294,0.19320871431371955,0.1320916718121623,0.9932601029438715
295,0.0,0.0,-0.49721620246856446
296,-0.14490303597192167,0.3961703584334231,-0.21215461538837133
297,0.1845062121521579,0.7918701746767454,0.26110698155346057
298,-0.2047943128440366,-0.2638870578710595,-0.06172294275597068
299,-0.17391489228746337,-0.1319696471728804,0.0
300,0.0,0.2639218806557153,-0.9802735826145437
301,0.0,0.0,-0.07102020527849362
302,0.47819319239650326,0.0,0.42604559332293235
303,0.005794878679132864,0.2638522442746094,0.0
304,0.09657636783799717,0.0,-0.0709949948829447
305,-0.2897570890025847,0.3956478785545059,-0.36925524478004235
306,0.0,-0.26374785857807836,0.0
307,0.0,0.0,-0.5541386482992294
308,-0.2898410725089562,0.0,0.0
309,-0.2908916623036717,-1.1877269624571696,0.0
310,-0.2890426280659497,0.13203934791761185,-1.0665150856281613
311,0.0,0.2640264041735563,-0.9964413635854541
312,-0.016436372145101075,0.0,-0.3917309214811482
313,-0.2736569432384428,0.0,0.10685092525175577
314,0.0,-0.1320044883437177,0.0
315,-1.064396055786787,0.1320044883437177,-1.6396367957778324
316,-0.2420662789281991,-0.5281225367008702,-0.642329537126507
317,0.0,-0.5284015974984513,0.0
318,-1.2112111168010031,-0.660894875685436,0.0
319,0.3451023611722448,-0.13223140515083998,-1.5003753752340643
320,-0.5390323530525265,-0.1322488926085441,-0.21523837733283813
321,0.1939299918802817,0.5288906641869318,0.644146811958457
322,0.19389239033174022,0.469156287204342,0.3508532522609187
323,0.0,0.05945479950675292,0.026434056496604796
324,0.0,0.0,0.0
325,0.29076811447836803,0.0,-0.7111051695405379
326,-1.3576417911549399,0.0,-1.382920758271844
327,-0.6795127184719973,-1.9837340367656608,0.07158964816778024
328,0.0,0.0,-1.074383228369058
329,0.0,0.0,1.0027935802012777
330,0.8735744307060145,0.7238576235426564,0.6434069441523249
331,0.1455215738292992,0.07010827763398453,-0.1388091891048049
332,-0.04850483836715824,0.0,-0.14670075398282023
333,-0.09701673546214096,0.0,0.21467673344499616
334,0.04074817531130037,0.0,0.3934543554287018
335,0.4229068116110568,-0.12302344008929822,0.035045697089231
336,0.40915697752019753,0.12302344008929822,0.5727157931163518
337,0.0,0.13226638469099328,0.0
338,-0.06785806035214392,0.0,0.4816566795771138
339,0.2520210160090741,0.1322488926085441,-0.01571806927813668
340,0.00872266715923331,0.13223140515083998,0.4628650859510586
341,0.0,0.13221392231876905,-0.07141581863479018
342,0.09788249166220453,-0.05288347128296067,0.0
343,0.0969039198395194,0.4494203874569891,0.42841842854546286
344,0.2896867189212671,0.13214403719263856,0.0
345,-0.3381375050448554,-0.2643055387396842,-0.15777943681172246
346,-0.14536644483431616,0.7491245700501636,0.5860144016027746
347,0.48447266099405084,0.1756393507976739,-0.21409455924725762
348,0.0,0.0,0.0
349,0.0,0.0,-0.8568368964061435
350,0.0,0.0,0.7140817212887285
351,0.0,-0.6604583821081533,-0.2141709806506853
352,0.5800893926419803,0.0,0.16777116053035002
353,-0.306950296312003,0.0,0.0
354,0.0,-0.19822260463353558,0.0
355,0.40472855176432176,0.19822260463353558,0.0
356,0.0,0.5284015974984513,0.0
357,0.19359210204683563,-0.2641658977182715,1.4730353427783172
358,-0.3872216892526481,-0.39637973697281836,0.5380261696013022
359,0.4840036878768217,0.5284714087849807,0.08904925676489484
360,0.08999885330140955,-0.3963273715923421,-0.05699061081276824
361,0.3937706883281322,0.5284015974984513,0.0
362,-0.1934797336016203,0.2640961325273139,0.1780848757224618
363,0.09674454610220096,0.2640264041735563,0.4628723089172837
364,-0.19349845261640297,0.0,0.0
365,0.06385862862856584,-0.30231602023267357,0.2847380429269464
366,0.0,0.0,0.0
367,-0.06385862862856584,0.03828961605911729,-0.3559352235482649
368,-0.048380463978148214,0.5279831168056859,-0.6410028352386021
369,0.048380463978148214,-0.1319696471728804,0.4273808740888896
370,0.09675390651420201,0.0,-0.14243999739260715
371,0.0,-0.1319870654592492,-0.7837828610295361
372,-0.38707180665209506,0.0,-0.2851643278747318
373,-0.38818993139422275,0.0,-0.9987160196658351
374,0.23525527968626392,0.2639567126321296,-0.07137504017862284
375,0.15293465170795884,0.0,0.42817384511995016
376,0.09678199862417358,0.5277044977338718,-0.1427042456940697
377,0.09677263277474424,0.0,0.5706948364343489
378,0.19351717525317724,-0.13190001997642753,0.21392662398422857
379,0.4836291625922584,0.0,0.7127584050854452
380,0.4833953784855183,0.3956478785545059,1.226892232613075
381,0.0,0.0,-0.22988317694494498
382,0.14497305942651195,0.0,0.07117691024127737
383,-0.24163344324357183,0.13184784777475755,-0.1423588869942094
384,0.09666038381705988,0.13183046621101369,0.07118197675293203
385,0.19329274245905026,0.395387155069038,-0.07118197675293203
386,0.09663236225332383,0.26350461285584714,0.1423588869942094
387,0.09662302534163558,0.0,-0.1423588869942094
388,0.0,0.0,0.1423588869942094
389,-0.04831034566965542,-0.1317436270928951,-0.1423588869942094
390,0.14492403590526948,-0.52714814083199,-0.14237915593273698
391,-0.48316182028962373,-0.13183046621101369,-0.4272591391636382
392,0.0966510414901478,0.13183046621101369,0.3560619585423197
393,0.09664170096890246,0.13181308923115864,-0.49852224797763967
394,0.19325538759495942,0.0,0.3561126778137691
395,0.0,-0.0013180448910077303,0.07263141482827251
396,0.004830906205732788,0.0,0.42571337888386296
397,-0.10145393154736837,-0.1304950443401509,-0.3559352235482649
398,-0.09663236225332383,0.395387155069038,-0.7122507423611424
399,0.09663236225332383,0.0,-0.35631569947636166
400,-0.09663236225332383,0.0,0.21380465462872422
401,0.19325538759495942,0.0,-0.7128600244845629
402,-0.28989708856386187,0.06720027198880985,0.35578067316954787
403,0.0,0.328030613862218,0.4283374124138817
404,0.1932740632222263,-0.1317262729951807,0.07125298374877076
405,0.0,0.0,-0.07125298374877076
406,-0.09663236225332383,-0.1976219498542875,-0.07125806109886668
407,-0.09664170096890246,-0.19766101200957564,-0.07126313917105165
408,0.28989708856386187,0.5270092348590438,0.3562649223614045
409,-0.1449380392415378,0.23706357365860242,-0.3562649223614045
410,0.0,-0.10535465018879364,-0.42768551510885544
411,-0.5316192764697192,-0.1975698909912893,-0.677543040985995
412,0.04834070530002066,-0.19760893256659529,0.17834531266647247
413,0.24166848035722666,0.3293265302284354,0.641779891532579
414,0.0,-0.19758290313554028,-0.1425821632130564
415,-0.09666038381705988,-0.1317436270928951,-0.14260249578512685
416,0.0,-0.13176098576295203,-0.35659523253439573
417,-0.9671180637749188,-0.131778349008016,-0.4280821983178029
418,0.09675390651420201,0.0,0.07135976026084734
419,0.09674454610220096,-0.19770008960851015,0.07135466840946236
420,-0.19349845261640297,0.0,-0.28544922765672
421,0.19349845261640297,0.19770008960851015,0.07136994614587167
422,0.09673518749941934,0.19634340128504846,0.0
423,0.5318763271189297,0.2200169303341326,0.0
424,0.14500809654016678,0.24235782670967154,1.8538329729889114
425,0.0,-0.13170892346980878,0.2849002868279271
426,-0.3867349946684584,-0.2634699000880758,-0.21366760524355044
427,0.19338619282827096,0.0,0.2848799962293924
428,0.09667907388966057,-0.06456071377414219,0.24920344029766284
429,0.6281862537154126,0.45973953733202677,0.6760964584549001
430,0.048305678341797886,0.13169157851411484,0.28453549772322617
431,0.0,0.0,0.07112122615993144
432,0.5794862051287097,0.0,0.7827104573658872
433,-0.09655771745098463,-0.13169157851411484,0.2835013932935837
434,0.0,-0.13170892346980878,0.0
435,-0.09656704174343389,-0.23975476627402514,0.07104038648986233
436,0.0,-0.1554761195770027,0.1420656345620941
437,-0.09657636783799717,0.0,0.3550758124157838
438,0.0,0.0,0.1419950304129003
439,0.0,0.0,-0.2840102262773314
440,-0.28978507809629406,-0.2385315429735968,0.0
441,0.2414933963290622,-0.09094689564292935,0.6389096160264174
442,0.05022330053172652,-0.06590871645251184,0.14192449640582083
443,0.08788470691012407,0.13181308923115864,-0.14192449640582083
444,-0.08981632567461872,0.26357406583787935,0.0
445,0.2897011270324157,-0.131778349008016,0.0
446,-0.38628682276620196,0.14495522885482615,0.0
447,0.09658569573378628,0.0,0.0
448,0.09561065032670513,-0.013176879846810152,0.3866969213541793
449,-0.09561065032670513,-0.131778349008016,-0.3866969213541793
450,0.0,0.0,-0.14194464182804012
451,0.09657636783799717,0.6587181583288526,0.0
452,0.09656704174343389,0.19753086484008975,0.2129094078515692
453,-0.06566457379264534,-0.13168290774867586,0.0
454,0.16222229124362997,-0.05531199257635677,0.6384563761017148
455,0.2896172245954176,0.12115561399905772,0.07091444175522099
456,-0.38617494204640224,-0.2634005019839236,0.212713157111466
457,-0.09656704174343389,-0.01317184649529679,0.346625490934116
458,0.0,-0.33330545118115396,0.07866513072940506
459,0.0,-0.18053193718259308,0.21257750301462153
460,-0.09657636783799717,0.12650754845200396,0.0
461,-0.09755159980251449,-0.1159646414556903,0.7082654875016914
462,-0.48210255612435304,-0.27415171305733566,-0.3540700387514306
463,0.38647343476228,0.263608806061022,-0.07082905410804585
464,0.0,0.0,-0.1416731602565946
465,0.0,-0.0013178711899541895,-0.6377777206587609
466,-0.1932180471673206,0.0,0.07088428144008674
467,0.09661369023561406,-0.011860918865735925,0.5668934392186742
468,-0.19323671557724964,-0.18452129955282004,-0.14169323438562031
469,0.0,0.13180440245719183,0.07084912681420974
470,0.2898410725089562,-0.05535573308890207,0.4958033887030311
471,0.09659502543080123,0.1212514202402204,0.0
472,0.0,0.0,0.0
473,-0.09659502543080123,-0.263608806061022,0.0
474,-0.09757044763158973,-0.11205478831666227,-0.07081400704045393
475,-0.03767826529710305,0.11205478831666227,-0.21247211383457199
476,-0.1545923595802634,0.13181308923115864,-0.637687342259774
477,0.09662302534163558,0.13179571682986335,0.21260763341501843
478,0.1932180471673206,0.263539334770968,-0.10913293890979503
479,-0.1932180471673206,0.0,-0.1034746945052234
480,0.14491703525187916,0.030302571174978254,0.0
481,-0.0483033450162651,0.29902395905345713,-0.11340922312630397
482,0.09660435693170655,0.0,0.04252996591080915
483,-0.10433310866098111,0.19754387184356403,-0.14177358781797267
484,0.10433310866098111,0.13167423812543433,-0.21269807588364387
485,0.1931807211645875,0.32910976107469736,0.0
486,-0.28978507809629406,-0.1974528587709301,-0.2127433259806466
487,0.10916223789525503,0.13163957104467272,0.42615031980375306
488,0.0,0.0,-0.21340699382310646
489,-0.10916223789525503,0.0,-0.07090941325493816
490,0.09660435693170655,-0.06581761940083197,0.1418137987210244
491,0.0,-0.06582195164384075,-0.4964363067809785
492,-0.38647343476228,-0.2633311404292016,-0.28378857941468993
493,0.0,-0.06584362142270095,-0.21289429878557087
494,0.0,0.0,-0.28392958736933593
495,-0.09664170096890246,0.19751785954813528,-0.3386914542611308
496,0.0,0.0,0.054681227983799374
497,0.0,0.06583061784404265,-0.07101516176710732
498,-0.0009664641762441306,0.014482154365502709,-0.14204545478424535
499,0.0009664641762441306,0.051344130094221896,0.07102524950575173
500,-0.0009664641762441306,-0.0658262844597246,0.07102020527849362
501,0.09760816514514659,0.0658262844597246,0.0
502,0.2898690778305735,0.13163957104467272,0.0
503,0.0483033450162651,-0.3949707114738743,0.28403039316149403
504,-0.3739287636816968,-0.13169157851411484,-0.5681414825078335
505,-0.15753640162419202,0.06584795709141389,0.28411108934633944
506,0.0966510414901478,0.0,-0.14204545478424535
507,0.09664170096890246,0.32917476185190253,0.0
508,0.0,0.5264543422454082,0.07102524950575173
509,1.0624427521825908,0.1315702916180328,0.9938241749347654
510,-0.38621222841772607,-0.3947628184697294,0.2128338839577637
511,-0.08595251080834032,-0.1316222443490389,-0.2121243624273461
512,0.1825195525517742,-0.13163957104467272,0.07024013971435039
513,-0.19314340958143106,-0.13165690230376725,0.14188422271299572
514,-0.1448820421243724,-0.13167423812543433,-0.14188422271299572
515,-0.09659969095565657,-0.13169157851411484,-0.6380183183614108
516,0.03187892962408512,0.26336581663954917,0.2832196628741457
517,0.06472076133157145,0.13165690230376725,-0.2129396324184185
518,-0.43477211380249514,-0.09610783042734994,-0.8152679970301335
519,0.19325538759495942,0.09610783042734994,0.03410117819857561
520,-0.48320851387106956,-0.13165690230376725,-0.3552776532194102
521,0.19331142530720768,0.26329647334844,0.21318173823825504
522,-0.0966510414901478,0.1316222443490389,-0.14211610910042083
523,0.0966510414901478,-0.1316222443490389,0.284212024081576
524,-0.0976175990814454,-0.26329647334844,0.0
525,0.000966557591297601,0.0,-0.14209591498115515
526,0.0966510414901478,0.3949187176974789,0.2848819695024929
527,0.09567533018906005,0.13160492221420128,-0.07174566803147542
528,0.09759873303316624,-0.13160492221420128,0.0
529,-0.19424052739847042,-0.19743986374987088,-0.03551956240244181
530,-0.24067865697663393,-0.10531720234574493,-0.3907984773068307
531,0.3382868221217805,0.2251020373345014,0.0
532,0.09663236225332383,0.07765502876111441,0.8133994683632295
533,-0.09663236225332383,-0.1316222443490389,-0.17399054458611118
534,-0.04831968303253831,0.1316222443490389,-0.14205554395640974
535,-0.14497305942651195,-0.1316222443490389,-0.07103534011143608
536,0.2899251047123741,0.5263850628187683,0.1065511179998424
537,0.19323671557724964,0.2630886623959938,0.6035753143418532
538,0.0483033450162651,-0.2630886623959938,-0.07098995495091742
539,0.0,-0.1315702916180328,-0.1419950304129003
540,-0.2028897301284971,0.2631232747720702,0.0
541,0.154586385112232,0.19729703131954324,-0.21303035763153844
542,0.09660435693170655,0.06575702780597936,0.0
543,0.010625909541595036,-0.14467116926120127,-0.07102020527849362
544,-0.010625909541595036,0.14467116926120127,0.14203536704560094
545,-0.09660435693170655,-0.23016851725099485,0.0
546,-0.18260772578049256,-0.29600881664659795,0.21301523139438672
547,-0.25222740608654703,0.022368170883524385,-0.28403039316149403
548,0.04832435306756366,-0.022368170883524385,0.18959923961503478
549,0.0009664632418804331,0.0,0.09443115354645926
550,-0.19427788854908812,0.0,-0.1420051124227939
551,-0.19334880184018743,-0.1315876046374953,-0.14202528073870013
552,0.0,-0.13160492221420128,-0.35515147583620177
553,-0.5802708093183284,-0.3949187176974789,-0.9950956823683299
554,0.0,0.0,-0.14223739445107242
555,0.0,0.0,-0.21339403289033498
556,0.19346101820794104,0.5265236399116802,0.2845152590502664
557,0.19342359828211642,0.17106050978288323,0.07111616829114098
558,0.09669777119114542,0.20128758340653974,0.07111111114088686
559,0.09668842163712554,0.4169179304192028,0.923984571227443
560,0.3866602271473951,-0.06574838096984337,0.1420757266012984
561,0.09664170096890246,-0.06575270410369427,0.3551010299736035
562,0.09663236225332383,0.0,0.354974977991418
563,0.0,-0.13151837988356618,0.0
564,0.43473011190631183,0.2630194649571038,0.7095721577794478
565,0.048291681767231864,0.0,-0.07093456289553046
566,-0.048291681767231864,0.0,-0.14188422271299572
567,0.0,-0.13150108507353764,0.3192111963832289
568,0.0,0.0,-0.1773269736702332
569,-0.14488903939735565,-0.06575702780597936,-0.07093959496451419
570,-0.09660435693170655,0.06575702780597936,-0.028377247125455085
571,0.6760346000866946,0.2629848798854084,0.6666525072613894
572,0.0,0.0,0.42529062166352105
573,0.19306882963743277,0.06573541497800761,-0.07086921090060372
574,0.17855548659095888,0.32861227333924603,0.11551423513189718
575,-0.37162431622839165,0.0,-0.39053433176139407
576,-0.09654839495798484,0.0,-0.07940131413342044
577,0.09654839495798484,0.11038949103259199,-0.14180374385652783
578,-0.09654839495798484,0.0,0.07090438546608624
579,-0.2897011270324157,0.0,-0.32903881252899225
580,-0.09658569573378628,0.0,0.258134427062906
581,0.09658569573378628,-0.5047371793498456,0.0
582,0.09657636783799717,0.0,-0.3545973584193618
583,-0.19412796764051166,-0.01314760154969008,0.0
584,-0.19223347829377957,0.01314760154969008,0.0
585,0.09660435693170655,-0.2629848798854084,-0.8948533757981991
586,-0.04443684510757606,0.0,0.043306347333071926
587,-0.14878120205974454,-0.39329142677857476,0.07098995495091742
588,0.18452403719493304,0.9191920436846246,0.0
589,0.39308689126826835,0.11697528220544484,0.28390943479816855
590,-0.0946357922932961,0.08673687978699718,0.21287919186274706
591,-0.2897570890025847,-0.0722802106958298,0.0
592,0.28879137149129264,0.0,-0.9938241749347654
593,0.0,0.1314146792088522,0.0
594,-0.28879137149129264,0.0,-0.14205554395640974
595,-0.2898410725089562,0.0,-0.5847710304953679
596,-0.1932740632222263,-0.39429585843020476,-0.12580954370822184
597,0.28989708856386187,0.34173205910636995,0.07108078334017165
598,0.1932180471673206,0.315341359632626,0.0
599,0.09659502543080123,-0.3941922395176434,0.4974240642621197
600,-0.48306846019308125,-0.26288117922135257,0.1420757266012984
601,0.2898690778305735,0.26288117922135257,0.0
602,-0.19420299297934207,-0.13143195129661223,-0.1420757266012984
603,-0.047348736497809796,0.2628466305054644,-0.4974240642621197
604,-0.28413950861061466,-0.39429585843020476,0.14214641104270953
605,0.1391804592882906,0.13144922792474034,-0.12793086065165937
606,0.1932740632222263,-0.2629157370206414,0.05686018083039812
607,-0.386585488529434,0.13146650909590107,-0.3340998705336773
608,0.24163344324357183,-0.13146650909590107,0.0
609,0.0,0.0,0.120857519794626
610,0.0,-0.13148379481187078,0.0
611,-0.04832201793636415,0.13148379481187078,0.2132423507390513
612,-0.12081526153107092,0.0,-0.4976362381867716
613,-0.17013263619958252,0.0,0.0
614,-0.24074846784216675,-0.19723217578171415,-0.7113387695030227
615,0.4998025545637219,0.39442545870205237,0.0
616,-0.2097513101437798,-0.328677077732209,0.42686397916291696
617,-0.5801866429733238,-0.5261081273530976,-0.5122586448944588
618,0.6285203388189942,-0.1315702916180328,0.5122586448944588
619,0.0,0.2631232747720702,0.6399545139652574
620,0.05799735147071772,0.0,0.0
621,0.23195577480539242,0.39455514419906024,0.497459414018131
622,0.48306846019308125,0.328677077732209,0.3551767041418685
623,-0.19319938236250778,-0.06572677382443715,0.14203536704560094
624,0.34676626321417103,-0.13146650909590107,0.2840102262773314
625,-0.23663804100770847,-0.06573973640744413,0.0
626,-0.22509956886551663,0.06573973640744413,-0.42604559332293235
627,0.2405551909454573,0.5257623675261058,0.5680204640086117
628,0.06761553807610454,0.1314146792088522,0.3548490154692274
629,6.7385699732094295,14.221650094122573,0.0
630,-0.19094214654913344,0.0,-5.768396927264163
631,-0.09692428541541176,1.5533983706204069,-2.1390351923162854
632,0.14394357436753324,1.9383607542229342,0.0
633,-0.4798925132885046,-1.3564579155742607,-1.2165886926531755
634,-0.04800192008591608,0.45235711133617684,-1.2897680205830042
635,-0.9124745500450615,1.4203630769333841,-0.6455083602299183
636,-0.4325155652882273,-2.652547152768747,-0.28702640840005955
637,0.8389096972853949,-0.44903196839740644,0.7159773001008674
638,0.0,-0.5178664020446533,3.3685360764019734
639,0.55408233813381,0.0,-0.7171449787426454
640,0.23997504374673184,-0.12950851536608354,0.0
641,0.4797773924973825,2.005499620911344,-0.2317699364713377
642,0.14388834289480457,0.7093715511290455,-0.1259222374603297
643,0.0,-0.5155042203979221,0.4292152580376296
644,0.4315408472423954,0.0,1.0943802065188635
645,-0.28767320522504747,0.645953126265475,0.47783479610696844
646,-0.2867966607364991,0.6455361401629389,-0.9837742356593182
647,0.2867966607364991,-0.3872716759181216,0.0
648,-0.09590946154158786,-0.8783714525684161,0.26943746694474413
649,-0.09591866104941005,-0.02584613794187618,-0.2858776463146029
650,0.0,-0.1938673307311234,-1.430615408519742
651,-1.343828192249319,-0.161584824304839,0.858614820923087
652,-0.03361885345576354,-0.4202427772010964,0.14303082338606998
653,0.22570490859941117,-0.6455782321515002,0.0
654,0.4925321001501004,0.9042100711722512,-0.0715128544657162
655,-0.5895309463248566,-0.25863183902075093,-1.1449017350795287
656,-0.9599313507040463,-0.7762971019946718,0.8738215863210996
657,0.6727211824504309,0.06471444752342848,0.0
658,-0.3843566877330673,-0.7120893649341653,-1.1602519498978836
659,-0.6373967510517886,-0.2590673589617509,0.286430363576784
660,0.0,-0.647962181680839,-1.5476995393930437
661,-0.8052579834103568,-0.25930247779193394,-0.3155660132900806
662,0.09624175937439361,0.777705807182727,-0.43621879359800886
663,-0.28875307000841843,0.6476264717001357,0.005023338791154686
664,0.11262361536612531,-0.0647437765275427,0.14423082122849706
665,-0.11262361536612531,0.0,-0.7895776170174784
666,0.0,-1.2309288587371015,-0.7183392306595593
667,0.0,-0.6484663997428086,-0.862688766659403
668,-1.5693864069854513,-0.5190760562951979,0.3595441019568213
669,1.087945927800149,0.7785130794140116,0.8724354796649791
670,0.2648209464775064,-0.5189413712729518,0.708024619429537
671,-0.7840735234587726,-0.2595717081410598,-0.4307869107398332
672,0.13393323881683017,0.0,0.0
673,-0.0963530376036914,-0.25963910310711213,-0.31099988148231006
674,-0.289114828786019,0.0,0.31099988148231006
675,0.6744712882751358,1.1678454581058872,0.5025666904066028
676,0.0963159162790106,0.0,0.5310102954201312
677,0.0,0.0,0.9751761108951484
678,1.1550679886598303,0.0,0.10678136954744843
679,-0.36562719903887597,0.9073822646037399,-0.2572979642865292
680,0.0,0.0,-0.35129351651175256
681,-0.1154889998016273,-1.4262563195703848,0.8135224355481085
682,0.2040215346035268,0.12974375626306767,0.39827709867257255
683,-0.2040215346035268,0.25943702311881367,0.0
684,0.2886974951490373,-0.19457145698176248,0.0
685,0.14431749874699307,-0.4541473461774359,-0.136800326528963
686,0.0481012049444729,0.0,-0.35820468198277666
687,0.19238168585644644,0.25953802377731705,0.14329727043183027
688,0.3510011984504402,0.6485505123876578,-0.3582816848899384
689,0.12979115659739193,0.5055775683109331,-0.4889032678274674
690,-0.28844767278446426,-0.7000985609808552,-0.15632742452265092
691,-0.28853089885227945,0.32418063628814053,-0.7181292790612304
692,-0.24050602583525205,0.0,-0.286391146944176
693,0.0,0.0,-0.43081784252141375
694,0.6251953939182542,0.27223054205904873,0.35902775670138
695,0.19228920355374157,0.3758156215054598,0.0
696,0.09228568578656393,0.0,0.7176690418555509
697,0.724531176444998,0.38862621125179686,0.0
698,0.2401133346472406,-0.5182018512126518,0.0
699,-0.19208605514364763,0.12957563996085497,1.9809622025341866
700,0.048024972995719395,0.0,-0.8222966031468104
701,-0.048024972995719395,0.582882695172593,-0.2981420611662955
702,-0.192122959284724,-0.9068532814771046,-0.2150614725664468
703,0.0,-0.4537352208782153,0.0
704,0.09606609354673168,0.22559695773161081,0.0
705,-0.028818859063584057,-0.0311137961190866,0.5733945111234817
706,0.028818859063584057,0.4536470056093478,0.0
707,0.3841721138293508,0.12957563996085497,0.0
708,0.0,-1.5560169114614553,-0.7885022450757617
709,0.0,0.6927265291603035,0.6093517761183165
710,-0.92802794971103,0.08558457511842477,0.0
711,0.2556298647267141,-0.2593697330057765,-0.9686848835643858
712,0.28822597115496507,-0.31781963030752536,0.7895023139647961
713,0.1921045054409376,0.0,0.07167688065301547
714,0.0182480086872161,0.18810953219450255,-0.573558948904207
715,0.2698395719296087,0.2594033736977863,0.0
716,0.2880046100646183,0.0,0.5377211507742174
717,0.0,-0.1945462215529048,0.2508376197916107
718,-0.4800537752407408,-0.32432783341374005,0.0
719,0.020166895465578705,-0.38933230003213026,-0.2601556576848907
720,0.45988687977516207,0.0,0.0
721,0.2879216872901935,0.0,0.0
722,0.0,0.0,1.5491847677102655
723,-0.19193858024380006,-0.1947230071381867,0.07156403194841232
724,0.19193858024380006,0.3245172833929999,0.4378603295522865
725,0.0,-0.19469773238611765,-0.00858365414746487
726,0.23987143006465317,0.0,-0.21461530289457187
727,-0.10841476044021192,0.06490345613130444,0.7209248748090147
728,0.23312516864493205,-0.5193456361860527,0.0
729,0.11510349735477376,-0.25977399808407853,0.7804158897695146
730,-0.19184652337056463,-0.5197505314509243,-0.5001965161994804
731,0.0,0.12996296073897184,0.07147196515244758
732,-0.0959370653585978,0.0,0.07146685727565938
733,-0.19190174689498463,-1.0401769238477243,0.0
734,0.1535243435055733,0.15219343945638286,1.1070836621680513
735,-0.0575688667732166,0.10795224359227973,0.1070721131712915
736,0.09594627016262791,0.0,-0.5711837939106346
737,-0.09594627016262791,0.6500682800600899,-0.6429719814287083
738,-0.1919201618019173,-0.33018187601463467,0.0
739,0.383803497323143,0.005200559580309516,0.3136790902873443
740,-0.0959370653585978,0.19500146312889655,0.5435250482079823
741,0.0959370653585978,-0.26001040188106117,0.0
742,0.04796508143023459,0.04290637374815276,0.0
743,-0.04796508143023459,0.347083881438337,0.713775904679359
744,0.0,0.0,0.0
745,-0.14390904972927387,-0.9752609595858885,0.42802112224293865
746,0.23983691205042845,0.20943620760238701,0.42783799854007043
747,-0.19186492767975238,0.0,-0.14259232877389394
748,0.17268009137438867,-0.14438921112525094,-0.30949530406143566
749,-0.07674302601579086,0.0,-0.04707449825502863
750,0.0,0.31866913634015503,-0.35669698969265085
751,-0.41931276500584147,-0.23281357915561074,-0.2847355029809151
752,-0.31387997660292655,-0.0988646179953534,0.3204109279684175
753,0.2054249471825642,0.793243170614133,-0.7708724801975819
754,0.45869403513609797,0.0,0.7351970552100795
755,0.2215947444108579,0.17156983844301976,0.35669698969265085
756,-0.1515616609450987,0.0,-0.1640648131022715
757,-0.32142509608856784,-1.2120173246819022,-0.5501702205554793
758,-0.40600679443336674,0.0,-0.759032288171646
759,0.004800097538115722,0.2250885238428424,0.29568408585145534
760,0.07775837022361287,0.5176414395204887,-0.7429473920677054
761,0.11518647262853676,0.0,0.028585108590384323
762,-0.08638861057974623,-0.048111149768104156,-0.1071983706877333
763,-0.15167805881155516,-0.3043241361631033,0.214385251116056
764,-0.09697081426107701,-0.26017952533941013,-0.07145664371233096
765,0.1920122893759313,0.0,0.0
766,-0.15840747716389103,-0.23161672480309647,0.035728960113168284
767,0.0,0.23161672480309647,0.10717922162406524
768,-0.1296247844404519,-0.3292241076433555,0.0
769,-0.036490007023104454,-0.011713526194334634,0.18932188885401047
770,0.0,-0.04945862331595663,-1.261631388608464
771,0.0,-0.37101766664981994,-0.21459995075012728
772,-0.6359080779612114,0.0,0.0
773,-0.318105745452435,0.3059368036542054,0.07153843405394156
774,-0.16245555938976253,0.0,-0.28618444782857466
775,0.2883644947173636,-0.19526800595759397,0.07155379059309297
776,-0.09611225919314847,0.0,0.2146306572354817
777,0.384393623799717,0.19787132180137945,-0.35774335873206553
778,0.23440757435899684,0.049461713389931106,0.0
779,0.14983834775517124,-0.11715012802326896,1.2158056208892987
780,0.0,-0.1301829071680416,0.2858572162685036
781,-0.7686395459138851,-1.0420738210168423,-0.5003037662874021
782,-0.10381161661232596,-0.14337011018383805,-0.5005541954421489
783,-0.18458059879655764,0.6645427604174969,-0.2861435029180015
784,0.1816967889372023,-0.13026770030855062,-0.14310246160675888
785,0.20280768566482976,0.0,0.8511582344858937
786,0.38339598019110355,0.0,0.3645604406523617
787,0.19308366682668776,0.0,0.14292860740372504
788,-0.2401594670393692,0.0,0.21435461480390217
789,0.0,0.0,-0.032864725221237734
790,0.7203054406375031,0.0,0.49714215717866495
791,-0.048004224381337224,0.0,-0.2499687552077745
792,0.07392554740714985,0.6628860267650083,0.21426275838187792
793,0.3196410832231322,0.11846575149476735,0.7852375747017248
794,0.0,-0.1301829071680416,0.1427042456940697
795,0.11612055630028095,-0.07160782351078865,-0.4995539800587423
796,0.1141880582595789,0.07160782351078865,0.9275445707990215
797,0.0,-0.13019985696427483,-0.35664610385577333
798,0.0,0.0,0.07133939721271076
799,0.0,0.13019985696427483,-0.499482689038544
800,-0.2878940569761568,0.0,-0.03568688329025349
801,0.21208999413069307,-0.0872320300944196,0.6778331006396243
802,0.10746734969924177,-0.22527611068134945,0.2852660124892381
803,0.0,-0.3555967778465785,0.0
804,-0.06332757630200803,0.0,0.4277464954363097
805,0.12761055961085788,0.1485063391486463,-0.24949655289585593
806,0.1439021467888324,0.5195985794737012,-0.24955881695998272
807,0.0,0.0,0.14261266424675512
808,-0.04796508143023459,0.0,0.0
809,-0.23985992295560976,0.24733303519131056,-0.5705727278400019
810,-0.12858860588327303,0.27329693882283124,-0.14269406416911323
811,0.12858860588327303,-0.13013208424883516,0.2853677696474932
812,0.0,-0.13014902081209812,0.24963001395583717
813,0.047976587434384044,0.0,-0.3566333846638514
814,0.0,0.0,0.14266861671252684
815,-0.3195674638423185,0.0,0.3922337763571093
816,0.3320409995577478,0.0,0.21388086917095706
817,-0.10842901244778602,0.0,-0.1425821632130564
818,0.17559153041446507,0.0,0.6414596991275445
819,0.11224728183911736,-0.14448525201693485,-0.14251104484763744
820,-0.19188333552122572,-0.11586361693627367,0.02422831049742058
821,0.0,-0.1432207750688974,0.0
822,0.2398484169514603,0.0,0.6881239065474887
823,0.0,0.1432207750688974,0.0
824,0.33569116728138226,-0.13019985696427483,-0.07121239098584198
825,-0.28580992300231145,0.0,-0.4273808740888896
826,0.18990965920284708,0.13019985696427483,0.14248058726096247
827,-0.14386764201734792,0.0,-0.0712377560407873
828,0.0,0.39049788976530664,-0.3206327179716695
829,-0.23982540825340237,-0.26031498259726504,0.012114660271400624
830,0.0,-0.1301829071680416,0.023516274509916002
831,0.3836930502707503,0.0,0.2137589519701777
832,0.0,0.09763876917823211,-0.35629030910921955
833,-0.09590946154158786,-0.18226674788923702,-0.1617977083139266
834,-0.19184652337056463,0.0,0.019246033089892478
835,-0.42219195008108557,-0.0312490641585228,-0.7843976585020229
836,-0.15260867278765744,-0.5939178301730408,0.356620666380536
837,0.18715834658422636,0.059928762957461856,-0.0007131144235117404
838,0.38764227628451664,0.6498661100851066,0.14332577867026686
839,0.0,0.38919648340041135,0.0
840,-0.4797773924973825,-0.5193963403646862,-0.14261266424675512
841,0.0,0.5792592802773555,-0.14263300551942137
842,0.24951297117059568,-0.0715756734113171,0.2139418799389503
843,-0.24951297117059568,-0.247300842733722,0.0
844,-0.12286002802852636,-0.06118385555176076,-0.6062875771943865
845,0.07486962609970504,0.0,-0.03496190401452992
846,0.3358844589049781,0.19134981733692769,0.4565490252437243
847,0.0,0.13014902081209812,-0.029241423973758174
848,0.21586616381785717,0.0,0.07131904578194792
849,0.11990551459817311,0.1951917765392608,-0.035658887090228575
850,-0.1947338411838473,0.0,-0.41373604231065286
851,0.002878116100113459,0.25369236359473746,0.0927488255451081
852,0.0,0.07154262154696056,-0.2140487325785756
853,-0.21492212034335267,0.13006438205209747,0.0
854,-0.024949309721300494,0.0,0.0
855,0.2014958676177514,0.10658472650959538,0.31713651707043766
856,0.08634294463583103,0.0,-0.39286416334149976
857,-0.382843804884736,0.0,0.2143086767496527
858,0.6705997897968885,0.0,0.0
859,0.6711087927451231,1.0626261894097766,0.6562132164322776
860,0.0,-0.12984483560440907,1.0922573176852524
861,0.2874802377137442,0.26097100838118337,-0.42791428103683415
862,0.09580838330691677,0.0,-0.07276364160979654
863,0.14369536607183875,0.0,0.0
864,-0.047896161132321424,-0.0012981946655443721,-0.14482967021667292
865,-0.07184854330155588,-0.38953451119017046,0.21759331182646946
866,0.023950088017699045,0.0,-0.17835167430302334
867,-0.23952669639548674,0.12986169747453147,0.0
868,-0.19166267428083472,-0.0012985335011705956,-1.0707785582475537
869,-0.10830046392928949,-0.28304667472767164,-0.6780143228590774
870,0.0,0.05713514020388999,0.3115578704644406
871,-0.17924866102703163,0.0,-0.5267037863267987
872,-0.047932893957991496,-0.15712949125568088,0.6367262624573655
873,0.18980079600794397,0.0,0.0
874,-0.3173134791385479,-0.13637204913674594,-0.35082818317455633
875,-0.455535216193681,-0.2637053737784001,-1.00100108458534
876,0.0067146572817478045,0.14809926315262345,-0.04149166840683449
877,0.0,0.0,-0.06796421078814063
878,0.0,0.11560611062577664,0.13091641148843536
879,0.3845786872842538,0.0,0.15736316589975985
880,0.09588187360520806,-0.06494560807634997,0.32180209449084174
881,0.0,0.1753434625735295,-0.16160321868685656
882,0.0,-0.24029328885522006,0.018592850191012644
883,-0.01629926993640396,0.25847529594180685,0.10725969369751454
884,0.0,0.0,0.5968687798603156
885,0.0,0.0,0.29651488061066544
886,0.7734430532018166,0.13116039961680315,-0.3686920477168343
887,0.0162866683561802,0.12984483560440907,0.0
888,0.3898428273991783,0.0,-0.1758196523722333
889,-0.013407303341317345,0.25963910310711213,0.0
890,0.0,0.0,0.6159479254295164
891,-0.09577168038710226,-0.1025493909274644,-0.4301232062049465
892,0.10247535452734269,0.08956903669332661,0.0014292870931242874
893,-0.054588367806474025,-0.11683077076174442,0.14291839384039662
894,0.0478846936662336,-0.08698288195319037,0.08288331034922436
895,0.0,0.07400084260478224,-0.29726856146528036
896,-0.19155253386760052,0.32579822475042874,-1.0726162135314965
897,-0.09674797495407006,-0.053210784151325186,-0.035773695605811895
898,-1.0053917249859268,0.0,-0.7508273589449388
899,0.046985519358777594,-0.8504588770428256,-0.2513560528996095
900,-0.679107402759449,-0.05845503348211878,-0.8239741093483133
901,0.5093737834442891,0.0,0.0
902,0.12274809995638236,0.9037224629153684,0.8454600020701974
903,0.042191179748130025,0.0,-0.15757393473236903
904,-0.46707886185615166,-0.9037224629153684,0.008595582157155945
905,0.0,0.5194805311630191,-0.2407042329712894
906,0.20527302343342768,-0.25970653307894054,0.2607603040161166
907,-0.6783287659928305,-0.7795245295350028,-0.7523780875491326
908,0.034551199122212495,-0.1299798533054286,-0.2509185424042215
909,-0.8987193854537168,-0.5200884267546613,-0.3585643123500404
910,0.23435939312133058,0.3887916236431366,0.17929822722084765
911,-0.10372607106390319,-0.1469168589736114,-0.8250381599737011
912,0.0,0.0,0.4224358690070318
913,0.048015749174901146,-0.39019315055810466,0.08030717498730411
914,-1.1530147806340096,-0.7808433504497003,-1.2203605846581311
915,0.14323831082130312,-0.13019985696427483,0.2871088162130775
916,0.5074176300032818,0.35280234126755516,0.0
917,0.02209756845150679,0.428142641803575,1.1404431749726385
918,-0.1441233698535882,-0.5205622189388137,-0.2796109840810246
919,0.0,0.5205622189388137,0.1434000145854597
920,0.24019407796860293,0.06505122786570894,0.2150614725664468
921,-0.9611226651733418,-0.5556737752403507,-1.053525876732131
922,-0.048080390421922914,-0.42053924687035504,0.3364743617124688
923,0.7690089776266618,0.26041666813814146,0.07172829325607921
924,-0.5632411311076169,0.0,-0.6457399327528535
925,-0.19038187006703566,-0.9117551917841027,0.5381455634205778
926,0.32112822041163724,0.3257222920556302,0.0
927,-0.618311759400747,-0.35178465930219005,-0.6099201911204943
928,-0.08946088280747944,0.5471671210912632,-0.35895043279943195
929,0.865414626055383,0.0,0.6818956963847711
930,0.5621181528159269,0.7499141074909232,0.0
931,-0.36990545734472136,0.0,0.3945692968674308
932,0.37086607259961824,-0.09891480059831537,-0.17933038084105846
933,-0.28822597115496507,0.0,0.0
934,0.11722191755758615,0.3253407973513589,0.6095921300381946
935,0.21903363983177826,-0.1951917765392608,0.0
936,-0.4333103295097729,0.0,-0.21510773395228
937,0.0,-0.26031498259726504,0.35848718792230727
938,-0.2210509733320265,0.0,-0.14337945397002727
939,-0.0663248215122536,-0.39059957530618306,-0.704291545554625
940,0.0,0.0,0.0
941,-1.253308373513562,-1.0475598288524068,-1.2692634664377422
942,0.6763852805882209,0.6568076258988143,0.6104239044821824
943,0.24042507268529079,0.13026770030855062,0.551215702933483
944,-0.3250684547770888,-0.26967293526602987,-0.551215702933483
945,-0.3011191940061053,-0.3818353293585375,-0.07179524000644477
946,-0.5765161740605151,0.6515082646245673,0.0
947,1.1546234324217863,-0.13026770030855062,0.6459716714850572
948,0.185577548148963,0.26182085481085693,0.035875082964764715
949,0.32876270166060095,0.3893480162808771,-0.035875082964764715
950,-2.0541346065892085,-2.085234692767557,-1.3642077147144605
951,-0.385319338164436,0.0,-0.6828023911804593
952,-2.0253659814519764,-2.743485945750912,-1.9791654385059587
953,-0.8209586359919641,-1.0471205145252682,-0.5044136298621993
954,-0.8216331628698725,-0.39295304716802093,-0.7570978279618501
955,-1.0439641394937027,-1.1797864644318423,-0.9742545018003312
956,1.0439641394937027,-0.2623639002328204,0.5052874832305321
957,0.5800464199756661,0.6557807304332641,1.4422732722954024
958,0.5797101611619837,0.39326211426438107,-0.07206428136985465
959,-0.48306846019308125,-0.7866789444648248,-0.14414414439389844
960,-1.1071066249455086,-0.9185749612505845,-1.0817438764441079
961,0.0,1.0064514777505806,0.07215267509153023
962,1.1071066249455086,0.4366448697714631,1.369912611945523
963,0.917630645637324,0.655265078160383,0.756252624407594
964,0.04827303227994406,-0.1310186703475935,-0.21889432531896347
965,0.7238159893301344,1.0476690324434657,0.8306802193445151
966,-0.7247814271398312,0.13088148700113322,-0.7082663031772185
967,-0.19214067459927264,-0.9165303423923632,-0.8600948939658792
968,-0.7863268414123326,-0.6551792149451785,-0.44834936825211
969,-0.856582443322651,-1.3116476172196911,0.0
970,-0.8708694730090727,-0.2625361002221993,-1.7679642352934621
971,0.8708694730090727,-0.3939334303453279,0.7580817286321206
972,0.870111719226685,1.8370297778673716,0.8656760026974908
973,0.21451120033599835,-0.13110455607101557,0.36047727581145494
974,-0.6978131284522959,-1.11508325482923,-0.5732198346803941
975,-0.9673051634484509,-0.32295035116014503,-0.7972856634941294
976,0.9634378060718873,0.12604181453834684,-0.21656740745168435
977,-0.23787122769558522,-0.3939334303453279,-0.14440433238149808
978,-0.43527677034838064,0.0,-0.21664560474654593
979,-0.2902898080279215,-0.2627085264022,0.0
980,-0.39783389169212313,0.394036913221818,0.0
981,-0.587844800725712,-0.5254170618709253,-0.5056890120407331
982,-0.41857788775878646,-0.5256932700898886,-0.5782436012218284
983,-0.5331653181093188,-0.6575054481068321,-0.6089627643302009
984,0.6785247194844857,0.39455514419906024,0.7578924589450864
985,-0.09787300646024732,0.3943995318325122,-0.07879984229663961
986,-1.9390839032915608,-1.710189195352818,-1.9155160073367483
987,0.19417475789129668,-0.39507474010935795,1.0497548519712296
988,0.0,-0.2634699000880758,-1.411994948665729
989,-0.8740834820581966,-1.5717219916879799,-1.2688746785567417
990,-0.000971628921320189,1.1763869400871485,0.5440005936829806
991,0.7381658274976388,1.5804033317099453,0.9784559297720818
992,-0.4457481383211004,-0.3948667376079129,0.07244014636142992
993,0.3884626639116817,0.0,0.14486455189732794
994,-0.2903615993394837,0.1974528587709301,-0.14486455189732794
995,0.824251485100902,0.4605717750925109,0.3621220390828128
996,-0.0485236674281353,0.0,-0.28968713991694983
997,0.0,0.0,-34.09264887715491
998,0.0,0.0,-12.339919373647312
999,0.0,0.0,-12.339919373647312
