,traffic_speed_deltas,traffic_absolute_speed
0,-11.18,49.08
1,-13.670000000000002,55.3
2,0.6199999999999974,55.3
3,-4.349999999999994,55.3
4,8.700000000000003,55.3
5,-8.700000000000003,55.3
6,5.590000000000003,55.3
7,3.729999999999997,55.3
8,-1.25,55.3
9,-7.459999999999994,55.3
10,0.6300000000000026,55.3
11,-0.6300000000000026,55.3
12,-2.490000000000002,55.3
13,-0.6300000000000026,55.3
14,-7.449999999999996,55.3
15,7.449999999999996,55.3
16,8.700000000000003,55.3
17,-8.700000000000003,55.3
18,11.190000000000001,55.3
19,3.729999999999997,55.3
20,-7.460000000000001,55.92
21,3.1099999999999994,55.92
22,-4.350000000000001,55.92
23,6.839999999999996,55.92
24,-6.839999999999996,18.64
25,-8.7,18.64
26,3.7300000000000004,20.5
27,-3.7300000000000004,20.5
28,17.400000000000002,19.26
29,8.079999999999998,19.26
30,-8.079999999999998,19.26
31,8.079999999999998,19.26
32,-1.25,18.64
33,4.969999999999999,14.91
34,-4.969999999999999,14.91
35,1.8599999999999994,40.38
36,11.18,40.38
37,-6.829999999999998,47.84
38,0.6300000000000026,47.84
39,-9.32,39.14
40,-9.940000000000001,21.74
41,-11.8,19.88
42,26.099999999999998,19.88
43,-1.2500000000000036,19.26
44,-1.8599999999999994,19.88
45,1.8599999999999994,23.61
46,8.7,24.23
47,3.1099999999999994,24.23
48,5.590000000000003,21.74
49,3.720000000000006,15.53
50,1.8699999999999974,15.53
51,1.25,15.53
52,-6.219999999999999,27.34
53,-6.829999999999998,32.93
54,1.8599999999999994,32.93
55,3.719999999999999,30.44
56,-13.049999999999997,32.31
57,-1.25,34.79
58,-4.350000000000001,29.82
59,5.590000000000003,29.82
60,3.729999999999997,32.93
61,17.39,47.84
62,-4.969999999999999,47.84
63,-3.729999999999997,50.33
64,2.480000000000004,49.08
65,-4.969999999999999,51.57
66,3.730000000000004,51.57
67,-1.8700000000000045,53.43
68,1.25,48.46
69,-3.1099999999999994,54.05
70,-2.490000000000002,57.16
71,1.8699999999999974,57.16
72,5.590000000000003,55.3
73,3.719999999999999,57.78
74,-1.25,57.16
75,-5.589999999999996,57.16
76,-17.400000000000006,57.16
77,0.6200000000000045,57.16
78,11.810000000000002,57.16
79,-13.670000000000002,57.16
80,2.489999999999995,57.16
81,4.970000000000006,57.16
82,1.8599999999999994,57.16
83,-6.830000000000002,57.16
84,8.080000000000002,57.16
85,-2.490000000000002,57.16
86,3.730000000000004,57.16
87,3.1099999999999994,57.16
88,-1.25,57.16
89,-2.480000000000004,57.16
90,3.730000000000004,57.16
91,7.460000000000001,54.05
92,1.8700000000000045,54.68
93,-0.6200000000000045,54.68
94,1.8599999999999994,59.03
95,1.25,52.19
96,-0.6199999999999974,19.26
97,3.730000000000004,19.88
98,0.6200000000000045,20.5
99,-11.190000000000005,21.12
100,7.460000000000001,14.91
101,-3.1099999999999994,13.67
102,-2.490000000000002,13.67
103,1.8699999999999974,14.29
104,1.8600000000000065,18.01
105,3.1100000000000065,18.01
106,-1.8599999999999994,25.47
107,-4.350000000000001,49.7
108,3.729999999999997,52.81
109,-4.350000000000001,52.81
110,1.8700000000000045,47.22
111,-16.160000000000004,47.22
112,13.670000000000002,37.9
113,-26.72,41.01
114,-1.8599999999999994,38.52
115,5.589999999999996,38.52
116,-4.349999999999998,22.99
117,9.329999999999998,25.47
118,7.450000000000003,25.47
119,3.1099999999999994,22.99
120,-5.590000000000003,26.09
121,-8.079999999999998,26.09
122,12.43,18.64
123,-29.200000000000003,18.64
124,-3.1000000000000014,22.36
125,0.6200000000000045,25.47
126,-1.8700000000000045,25.47
127,3.1099999999999994,24.23
128,-3.1099999999999994,14.91
129,-0.6200000000000045,14.91
130,4.340000000000003,16.77
131,0.6199999999999974,24.23
132,-0.6199999999999974,24.23
133,-1.8700000000000045,13.04
134,8.700000000000003,50.95
135,-6.829999999999998,50.95
136,1.8700000000000045,49.08
137,-4.969999999999999,47.84
138,7.460000000000001,47.84
139,0.6199999999999974,54.68
140,-3.0999999999999943,38.52
141,-3.0999999999999943,55.92
142,-6.209999999999994,56.54
143,5.589999999999996,44.11
144,4.350000000000001,44.11
145,-5.590000000000003,52.81
146,5.590000000000003,42.25
147,-13.049999999999997,45.36
148,-11.810000000000002,45.36
149,-0.6199999999999974,45.36
150,1.8599999999999994,45.36
151,-1.8599999999999994,45.36
152,-4.349999999999994,45.36
153,6.219999999999999,45.36
154,3.730000000000004,45.36
155,1.8700000000000045,45.36
156,6.840000000000003,45.36
157,8.690000000000005,45.36
158,1.25,45.36
159,-11.810000000000002,45.36
160,-6.219999999999999,45.36
161,13.670000000000002,45.36
162,9.939999999999998,45.36
163,-8.079999999999998,49.08
164,5.589999999999996,57.16
165,-8.699999999999996,57.16
166,-0.6200000000000045,55.92
167,-30.449999999999996,50.33
168,3.719999999999999,19.88
169,-6.209999999999997,19.88
170,27.340000000000003,18.01
171,8.699999999999996,12.42
172,-3.729999999999997,12.42
173,-3.1000000000000014,13.67
174,-40.39,14.91
175,36.66,14.91
176,-4.969999999999999,18.01
177,4.969999999999999,18.01
178,-1.240000000000002,17.39
179,2.490000000000002,21.12
180,-3.729999999999997,21.12
181,-3.730000000000004,29.2
182,5.600000000000001,29.2
183,4.969999999999999,27.34
184,9.32,24.85
185,5.590000000000003,24.85
186,-0.6200000000000045,20.5
187,-8.07,15.53
188,9.939999999999998,15.53
189,3.730000000000004,14.91
190,-6.209999999999999,21.74
191,2.4799999999999995,21.74
192,-1.8599999999999994,16.15
193,0.6200000000000001,16.15
194,-3.11,12.42
195,9.32,18.64
196,-1.8599999999999994,17.39
197,-0.6199999999999974,23.61
198,5.600000000000001,23.61
199,-5.600000000000001,29.82
200,-14.29,29.82
201,-3.0999999999999943,27.96
202,3.730000000000004,28.58
203,3.729999999999997,42.87
204,10.560000000000002,46.6
205,3.730000000000004,46.6
206,3.1099999999999994,47.22
207,-1.240000000000002,47.84
208,-6.219999999999999,52.19
209,4.969999999999999,47.84
210,-1.240000000000002,50.95
211,0.6200000000000045,50.95
212,0.6300000000000026,54.68
213,-5.600000000000001,50.33
214,-1.8599999999999994,49.7
215,-19.270000000000003,55.3
216,4.970000000000006,52.81
217,-5.590000000000003,52.81
218,4.969999999999999,54.05
219,-3.1000000000000014,54.05
220,-16.159999999999997,54.05
221,-8.079999999999998,54.05
222,-3.729999999999997,54.05
223,5.589999999999996,54.05
224,-2.479999999999997,54.05
225,4.340000000000003,54.05
226,-4.970000000000006,54.05
227,0.6299999999999955,54.05
228,-5.590000000000003,54.05
229,11.810000000000002,54.05
230,-1.240000000000002,54.05
231,3.729999999999997,54.05
232,4.969999999999999,54.05
233,-4.350000000000001,54.05
234,-1.2399999999999949,54.05
235,-3.1000000000000014,57.78
236,-3.1099999999999994,40.38
237,1.25,40.38
238,1.25,56.54
239,-5.600000000000001,48.46
240,5.600000000000001,56.54
241,-9.32,29.82
242,-4.979999999999997,22.36
243,-1.240000000000002,22.36
244,5.589999999999996,13.67
245,3.1100000000000065,16.15
246,1.2399999999999984,16.15
247,1.25,17.39
248,12.420000000000002,22.36
249,6.210000000000001,22.36
250,-3.1099999999999994,26.71
251,9.939999999999998,26.71
252,-0.6199999999999974,37.9
253,-1.240000000000002,18.01
254,-2.480000000000004,14.91
255,-3.1099999999999994,12.42
256,-0.6200000000000045,12.42
257,-1.240000000000002,13.04
258,1.240000000000002,26.71
259,1.8599999999999994,26.71
260,3.730000000000004,21.74
261,-1.8700000000000045,21.74
262,-4.969999999999999,7.45
263,-0.6200000000000045,7.45
264,-3.1099999999999994,7.45
265,-3.730000000000004,16.77
266,9.32,16.77
267,4.350000000000001,24.23
268,0.6200000000000045,21.74
269,-2.490000000000002,21.74
270,-3.1000000000000014,16.15
271,0.6200000000000045,16.15
272,-3.730000000000004,15.53
273,3.1099999999999994,27.96
274,-2.480000000000004,27.96
275,-0.6199999999999974,27.96
276,5.59,44.73
277,-4.349999999999994,26.09
278,-2.480000000000004,25.47
279,-1.8599999999999994,25.47
280,-3.1099999999999994,29.82
281,2.490000000000002,34.79
282,1.8599999999999994,34.79
283,-5.589999999999996,36.03
284,-1.240000000000002,46.6
285,-0.6200000000000045,46.6
286,6.839999999999996,49.7
287,14.29,41.63
288,-10.559999999999995,50.95
289,3.729999999999997,50.33
290,3.1000000000000014,54.68
291,6.210000000000001,54.68
292,-8.07,54.68
293,4.340000000000003,54.68
294,-1.8599999999999994,54.68
295,-1.25,54.68
296,-2.480000000000004,54.68
297,13.670000000000002,54.68
298,1.8599999999999994,54.68
299,16.15,54.68
300,5.599999999999994,54.68
301,-3.1099999999999994,54.68
302,-14.909999999999997,54.68
303,-3.730000000000004,54.68
304,-8.699999999999996,54.68
305,4.969999999999999,54.68
306,14.920000000000002,54.68
307,-14.920000000000002,52.19
308,16.78,55.92
309,-3.730000000000004,55.92
310,10.559999999999995,57.16
311,-3.720000000000006,57.16
312,-21.750000000000004,57.16
313,29.830000000000002,54.05
314,0.620000000000001,51.57
315,-3.719999999999999,52.81
316,1.240000000000002,52.81
317,-6.210000000000001,51.57
318,0.6199999999999974,51.57
319,-8.079999999999998,52.19
320,5.59,49.7
321,4.349999999999998,49.7
322,1.2399999999999984,30.44
323,6.829999999999998,30.44
324,-4.349999999999998,24.85
325,11.810000000000002,20.5
326,-13.670000000000002,19.88
327,8.07,19.88
328,-8.07,16.77
329,-21.130000000000003,18.64
330,8.079999999999998,18.64
331,-3.1099999999999994,16.77
332,3.1099999999999994,16.77
333,-3.1099999999999994,16.77
334,3.1099999999999994,15.53
335,-1.870000000000001,15.53
336,-0.6199999999999974,16.15
337,2.4899999999999984,13.04
338,-4.349999999999998,14.29
339,-2.4800000000000004,15.53
340,1.8699999999999974,13.67
341,-0.6199999999999974,13.67
342,9.32,16.77
343,0.6199999999999974,16.15
344,-13.670000000000002,16.15
345,-5.590000000000003,15.53
346,5.589999999999996,15.53
347,5.589999999999996,18.01
348,-3.729999999999997,19.26
349,4.979999999999997,17.39
350,4.969999999999999,16.77
351,-3.719999999999999,16.77
352,13.04,18.01
353,-18.64,46.6
354,1.8700000000000045,46.6
355,-4.350000000000001,49.7
356,-4.340000000000003,49.7
357,-4.350000000000001,51.57
358,-1.240000000000002,50.95
359,3.1000000000000014,50.95
360,1.240000000000002,50.33
361,7.460000000000001,41.01
362,0.6299999999999955,56.54
363,4.970000000000006,56.54
364,-7.450000000000003,56.54
365,-1.240000000000002,56.54
366,1.240000000000002,56.54
367,-12.43,56.54
368,6.839999999999996,56.54
369,-4.349999999999994,56.54
370,1.2399999999999949,56.54
371,3.730000000000004,56.54
372,-8.700000000000003,56.54
373,11.180000000000003,56.54
374,-0.6199999999999974,56.54
375,-1.25,56.54
376,-9.940000000000001,56.54
377,4.35,56.54
378,-3.0999999999999996,56.54
379,1.8699999999999974,57.78
380,-1.8699999999999974,52.19
381,8.699999999999996,52.19
382,0.6200000000000045,49.7
383,1.240000000000002,59.03
384,-11.810000000000002,61.51
385,5.600000000000001,61.51
386,-11.799999999999997,62.75
387,-0.620000000000001,59.03
388,0.620000000000001,54.05
389,3.1099999999999994,60.27
390,5.59,60.27
391,-4.350000000000001,60.27
392,-3.729999999999997,54.05
393,-4.350000000000001,54.05
394,-2.4899999999999984,54.05
395,-11.809999999999999,56.54
396,0.620000000000001,59.03
397,-5.590000000000003,59.03
398,-17.389999999999997,59.03
399,-4.350000000000001,54.05
400,1.8599999999999994,55.3
401,-4.350000000000001,54.05
402,8.700000000000003,54.05
403,-3.7300000000000004,49.08
404,2.479999999999997,49.08
405,3.110000000000003,51.57
406,1.2399999999999984,38.52
407,7.449999999999999,32.93
408,-6.830000000000002,32.93
409,-9.940000000000005,25.47
410,16.15,36.03
411,-21.130000000000003,36.03
412,19.259999999999998,26.09
413,0.6200000000000045,41.63
414,-2.480000000000004,33.55
415,-2.490000000000002,33.55
416,-1.870000000000001,42.87
417,0.620000000000001,42.87
418,-3.1000000000000014,42.87
419,0.620000000000001,44.11
420,1.2399999999999984,45.98
421,-22.370000000000005,49.08
422,6.210000000000001,47.22
423,-2.4899999999999984,48.46
424,0.620000000000001,39.14
425,1.8599999999999994,39.14
426,19.89,47.84
427,-3.719999999999999,47.22
428,3.1000000000000014,47.84
429,-6.219999999999999,47.84
430,6.839999999999996,51.57
431,3.1000000000000014,52.19
432,-22.99,52.19
433,-4.349999999999994,54.05
434,3.730000000000004,44.73
435,3.1000000000000014,44.73
436,0.620000000000001,44.73
437,3.1099999999999994,44.73
438,8.7,44.73
439,-7.459999999999997,44.73
440,0.6199999999999974,44.73
441,3.7300000000000004,44.73
442,-1.870000000000001,44.73
443,4.350000000000001,44.73
444,3.7300000000000004,44.73
445,0.6199999999999974,44.73
446,3.719999999999999,44.73
447,-5.589999999999996,44.73
448,-1.2399999999999949,44.73
449,6.839999999999996,44.73
450,-6.210000000000001,44.73
451,6.210000000000001,44.73
452,6.220000000000006,44.73
453,1.240000000000002,57.16
454,-4.969999999999999,53.43
455,4.970000000000006,53.43
456,-2.480000000000004,53.43
457,-10.57,16.15
458,3.729999999999997,15.53
459,3.1000000000000014,13.67
460,3.1099999999999994,14.29
461,-15.54,11.8
462,-0.6199999999999974,10.56
463,4.969999999999999,10.56
464,0.6200000000000045,11.8
465,4.969999999999999,11.8
466,-4.350000000000001,11.8
467,3.729999999999997,21.74
468,-4.350000000000001,21.74
469,9.32,14.29
470,-11.189999999999998,14.29
471,-20.500000000000004,37.28
472,-5.600000000000001,54.05
473,4.970000000000002,54.05
474,0.6199999999999974,52.19
475,-3.1100000000000065,52.19
476,3.730000000000004,49.08
477,1.240000000000002,49.08
478,4.349999999999994,49.08
479,2.479999999999997,49.08
480,-1.8599999999999994,31.68
481,3.730000000000004,31.68
482,-2.490000000000002,24.23
483,1.25,32.93
484,-0.620000000000001,32.93
485,0.620000000000001,29.2
486,12.43,52.19
487,-0.6199999999999974,52.19
488,-1.240000000000002,47.22
489,0.6199999999999974,47.22
490,-2.479999999999997,50.33
491,3.1099999999999994,50.33
492,4.969999999999999,50.33
493,0.620000000000001,41.63
494,1.8599999999999994,51.57
495,-4.969999999999999,51.57
496,2.479999999999997,47.84
497,4.970000000000006,48.46
498,-4.970000000000006,48.46
499,5.600000000000001,52.81
500,-1.240000000000002,52.81
501,-2.489999999999995,52.81
502,3.1099999999999994,51.57
503,-10.57,51.57
504,1.8599999999999994,52.81
505,-2.4800000000000004,51.57
506,-10.57,55.92
507,10.57,55.92
508,-3.7300000000000004,55.92
509,-0.620000000000001,55.92
510,6.839999999999996,55.92
511,-13.049999999999997,55.92
512,-2.490000000000002,55.92
513,1.2399999999999984,55.92
514,20.509999999999998,55.92
515,-1.8599999999999994,55.92
516,-2.489999999999995,55.92
517,0.6200000000000045,55.92
518,4.349999999999994,55.92
519,3.729999999999997,55.92
520,-3.1100000000000065,55.92
521,-5.589999999999996,55.92
522,-3.1000000000000014,55.92
523,3.1000000000000014,55.92
524,-4.350000000000001,55.92
525,1.8599999999999994,47.22
526,0.620000000000001,57.78
527,2.4899999999999984,54.68
528,-2.489999999999995,42.25
529,1.2399999999999949,16.77
530,11.18,16.15
531,-6.830000000000005,16.15
532,-1.25,15.53
533,-1.25,13.04
534,-3.1000000000000014,13.04
535,-2.490000000000002,14.91
536,1.8699999999999974,14.91
537,-4.969999999999999,18.64
538,-0.6300000000000026,22.36
539,5.600000000000001,22.36
540,4.969999999999999,52.19
541,4.969999999999999,30.44
542,0.6199999999999974,30.44
543,5.590000000000003,30.44
544,-20.499999999999996,16.77
545,-4.969999999999999,31.06
546,1.240000000000002,31.06
547,6.210000000000001,31.06
548,1.8699999999999974,31.06
549,-6.840000000000003,27.96
550,6.840000000000003,27.96
551,0.6199999999999974,21.74
552,0.6299999999999955,21.74
553,-13.669999999999995,15.53
554,6.830000000000005,15.53
555,-1.8599999999999994,15.53
556,-3.1099999999999994,19.26
557,-4.969999999999999,19.26
558,-2.479999999999997,22.99
559,6.829999999999998,23.61
560,-4.349999999999998,23.61
561,8.079999999999998,23.61
562,3.1099999999999994,48.46
563,1.240000000000002,48.46
564,-20.509999999999998,47.22
565,-1.2399999999999949,47.22
566,2.489999999999995,52.19
567,4.969999999999999,52.19
568,-7.450000000000003,47.84
569,8.07,47.84
570,18.020000000000003,47.84
571,-6.219999999999999,51.57
572,-3.1000000000000014,47.84
573,3.1000000000000014,51.57
574,22.99,37.28
575,1.8599999999999994,37.28
576,3.1000000000000014,50.95
577,-3.1000000000000014,59.03
578,-13.049999999999997,59.03
579,4.349999999999998,59.03
580,-14.920000000000002,59.03
581,-13.049999999999997,59.03
582,3.729999999999997,59.03
583,-0.6199999999999974,59.03
584,0.6199999999999974,59.03
585,-0.6199999999999974,59.03
586,1.8599999999999994,59.03
587,-3.7300000000000004,59.03
588,-2.490000000000002,59.03
589,-0.6199999999999992,59.03
590,-6.210000000000001,59.03
591,6.840000000000003,59.03
592,-2.4800000000000004,59.03
593,22.37,59.03
594,-3.1099999999999994,57.16
595,-12.43,54.05
596,-19.88,54.05
597,8.7,54.68
598,0.6199999999999992,55.3
599,1.25,21.74
600,0.620000000000001,21.74
601,-6.210000000000001,23.61
602,-5.600000000000001,23.61
603,-1.8599999999999994,14.91
604,-0.620000000000001,10.56
605,1.240000000000002,10.56
606,-1.8700000000000045,10.56
607,-5.589999999999996,10.56
608,3.1099999999999994,13.04
609,-10.560000000000002,14.29
610,-9.32,22.36
611,6.210000000000001,29.2
612,6.209999999999997,45.98
613,-6.209999999999997,45.98
614,3.730000000000004,24.23
615,-0.6200000000000045,24.23
616,-2.480000000000004,25.47
617,-1.240000000000002,16.77
618,-4.969999999999999,17.39
619,6.210000000000001,15.53
620,1.2399999999999949,17.39
621,-14.29,17.39
622,-0.6199999999999974,20.5
623,7.449999999999996,20.5
624,-2.4800000000000004,17.39
625,4.350000000000001,17.39
626,3.1099999999999994,16.15
627,7.460000000000001,16.15
628,-5.599999999999998,28.58
629,-1.8599999999999994,27.34
630,6.210000000000001,27.34
631,22.37,32.31
632,0.6299999999999955,28.58
633,4.969999999999999,32.93
634,-22.990000000000002,32.93
635,-10.560000000000002,29.82
636,1.240000000000002,29.82
637,-3.7300000000000004,35.41
638,-0.620000000000001,37.28
639,0.620000000000001,37.28
640,1.8599999999999994,53.43
641,13.669999999999998,48.46
642,15.540000000000003,48.46
643,-19.890000000000004,47.84
644,-24.24,50.33
645,6.840000000000003,50.33
646,-1.8599999999999994,53.43
647,-3.7300000000000004,52.19
648,-4.979999999999997,52.19
649,0.620000000000001,47.22
650,-1.870000000000001,47.22
651,-0.6199999999999974,47.22
652,-5.589999999999996,47.22
653,0.6199999999999974,47.22
654,0.6200000000000045,47.22
655,2.490000000000002,47.22
656,-9.32,47.22
657,5.590000000000003,47.22
658,-1.240000000000002,47.22
659,-1.240000000000002,47.22
660,2.490000000000002,47.22
661,1.2399999999999984,47.22
662,-2.4800000000000004,47.22
663,-2.490000000000002,47.22
664,-2.4899999999999984,47.22
665,4.969999999999999,47.22
666,-1.8699999999999974,57.16
667,24.230000000000004,58.4
668,6.830000000000005,58.4
669,2.489999999999995,57.78
670,1.8599999999999994,42.87
671,-1.25,36.03
672,1.25,19.26
673,-7.460000000000001,19.26
674,1.8699999999999974,19.26
675,-1.2399999999999949,10.56
676,-4.969999999999999,10.56
677,1.8599999999999994,11.8
678,3.729999999999997,11.8
679,-4.350000000000001,15.53
680,-2.479999999999997,15.53
681,-12.43,19.88
682,2.480000000000004,26.71
683,3.1099999999999994,28.58
684,-6.84,28.58
685,1.240000000000002,25.47
686,5.589999999999996,24.23
687,-4.969999999999999,24.23
688,-4.340000000000003,24.23
689,-3.1099999999999994,27.96
690,8.700000000000003,27.96
691,6.219999999999999,19.88
692,-4.350000000000001,19.88
693,0.6199999999999974,26.71
694,2.490000000000002,26.71
695,-1.25,43.49
696,-9.939999999999998,16.77
697,1.25,15.53
698,0.6300000000000026,14.91
699,-1.25,32.93
700,3.730000000000004,32.93
701,-4.969999999999999,32.93
702,5.600000000000001,22.36
703,-21.130000000000003,22.36
704,16.770000000000003,20.5
705,-3.1000000000000014,20.5
706,3.1000000000000014,20.5
707,7.449999999999996,45.36
708,-6.840000000000003,45.36
709,-4.349999999999994,46.6
710,3.0999999999999943,52.19
711,1.2399999999999949,52.19
712,3.729999999999997,44.73
713,1.8699999999999974,49.08
714,4.969999999999999,44.73
715,-4.350000000000001,55.3
716,4.350000000000001,55.3
717,-11.809999999999999,51.57
718,1.2399999999999949,51.57
719,4.350000000000001,55.92
720,-4.350000000000001,44.11
721,4.970000000000006,44.11
722,1.8699999999999974,44.11
723,-3.729999999999997,44.11
724,-8.700000000000003,44.11
725,-9.32,44.11
726,11.190000000000001,44.11
727,-6.829999999999998,44.11
728,-3.1000000000000014,44.11
729,-1.25,44.11
730,-3.7300000000000004,44.11
731,-3.1099999999999994,44.11
732,1.870000000000001,44.11
733,8.07,44.11
734,6.219999999999999,44.11
735,2.480000000000004,44.11
736,3.1099999999999994,44.11
737,3.729999999999997,44.11
738,-7.460000000000001,56.54
739,1.25,31.06
740,1.25,31.06
741,4.969999999999999,57.16
742,-11.810000000000002,42.87
743,-13.669999999999998,47.84
744,10.560000000000002,21.12
745,-9.950000000000003,24.85
746,0.620000000000001,24.85
747,1.8599999999999994,17.39
748,6.209999999999997,14.91
749,4.969999999999999,14.91
750,13.05,15.53
751,-3.7300000000000004,15.53
752,5.59,19.88
753,0.6199999999999974,19.88
754,-8.700000000000003,21.74
755,3.730000000000004,27.34
756,-8.700000000000003,26.09
757,-1.240000000000002,26.09
758,-5.590000000000003,25.47
759,1.8699999999999974,25.47
760,-0.6299999999999955,20.5
761,0.6299999999999955,19.26
762,-5.590000000000003,19.26
763,2.490000000000002,19.26
764,6.210000000000001,24.85
765,-1.8600000000000065,16.77
766,3.1099999999999994,18.01
767,-1.8599999999999994,21.12
768,-2.480000000000004,21.12
769,-1.8699999999999974,17.39
770,2.489999999999995,17.39
771,3.730000000000004,14.91
772,-0.6200000000000045,14.29
773,1.8700000000000045,21.74
774,-1.25,21.74
775,1.25,19.88
776,-11.810000000000002,19.88
777,-0.6200000000000045,17.39
778,-1.8699999999999974,19.88
779,-4.969999999999999,41.63
780,-3.730000000000004,49.08
781,16.160000000000004,49.08
782,-22.99,44.73
783,4.350000000000001,24.23
784,-1.2399999999999984,30.44
785,10.559999999999999,31.06
786,0.6199999999999974,32.93
787,14.29,32.93
788,7.449999999999996,49.7
789,3.1100000000000065,49.7
790,-3.1100000000000065,49.7
791,-0.6200000000000045,49.7
792,1.240000000000002,44.11
793,-1.8599999999999994,44.11
794,-0.6199999999999974,44.11
795,-1.8700000000000045,44.11
796,-0.6199999999999974,44.11
797,-2.479999999999997,44.11
798,2.479999999999997,44.11
799,6.829999999999998,44.11
800,-1.2399999999999949,44.11
801,-3.1000000000000014,44.11
802,-3.729999999999997,44.11
803,9.32,44.11
804,3.730000000000004,44.11
805,0.620000000000001,44.11
806,-2.4800000000000004,44.11
807,1.8699999999999974,44.11
808,1.240000000000002,44.11
809,-0.629999999999999,44.11
810,13.049999999999997,54.68
811,1.240000000000002,55.92
812,1.8699999999999974,55.92
813,-1.8599999999999994,47.22
814,-1.8700000000000045,61.51
815,-4.969999999999999,59.03
816,4.969999999999999,59.03
817,-27.34,58.4
818,-8.700000000000003,59.03
819,4.350000000000001,59.03
820,0.6199999999999974,57.78
821,3.7300000000000004,57.16
822,0.620000000000001,57.16
823,3.1000000000000014,52.19
824,1.240000000000002,47.84
825,-4.969999999999999,55.3
826,-1.8699999999999974,55.3
827,3.729999999999997,53.43
828,8.699999999999996,54.05
829,0.620000000000001,32.31
830,-6.210000000000001,32.31
831,0.620000000000001,23.61
832,7.459999999999997,34.79
833,3.1099999999999994,34.79
834,-6.829999999999998,29.2
835,-9.32,29.2
836,1.860000000000003,27.34
837,1.240000000000002,22.99
838,1.8599999999999994,21.12
839,-9.32,21.12
840,1.2400000000000002,21.74
841,7.460000000000001,18.64
842,4.350000000000001,18.64
843,-3.729999999999997,18.64
844,1.240000000000002,19.88
845,3.1099999999999994,24.23
846,1.25,22.36
847,3.7200000000000006,29.2
848,1.25,29.2
849,4.969999999999999,27.34
850,-0.620000000000001,25.47
851,6.210000000000001,29.82
852,1.8599999999999994,29.82
853,-1.8700000000000045,31.68
854,-4.350000000000001,50.33
855,-3.1099999999999994,50.33
856,1.2399999999999949,46.6
857,-17.4,46.6
858,-3.1000000000000014,53.43
859,3.1000000000000014,53.43
860,-5.590000000000002,50.95
861,30.450000000000003,53.43
862,-8.690000000000001,53.43
863,-2.490000000000002,54.05
864,-3.110000000000001,55.3
865,-0.620000000000001,44.11
866,0.620000000000001,44.11
867,-3.1099999999999994,44.11
868,19.879999999999995,44.11
869,-16.15,44.11
870,-2.4899999999999984,44.11
871,-0.620000000000001,44.11
872,1.240000000000002,44.11
873,-9.32,44.11
874,13.049999999999997,44.11
875,-4.350000000000001,44.11
876,4.350000000000001,44.11
877,1.8599999999999994,44.11
878,-3.1099999999999994,44.11
879,-3.7300000000000004,44.11
880,1.2400000000000002,44.11
881,0.6199999999999992,44.11
882,1.2400000000000002,55.92
883,2.4799999999999986,55.92
884,-0.6199999999999992,55.92
885,1.2400000000000002,59.03
886,-0.620000000000001,60.89
887,-1.870000000000001,60.89
888,-1.8600000000000012,61.51
889,9.32,64.0
890,2.479999999999997,62.13
891,-3.0999999999999943,62.13
892,15.530000000000001,60.27
893,-3.719999999999999,57.16
894,-4.969999999999999,57.16
895,1.8699999999999974,57.16
896,-0.6199999999999974,58.4
897,0.6199999999999974,58.4
898,-0.6199999999999992,54.68
899,-1.2400000000000002,58.4
900,-0.6199999999999992,58.4
901,-1.8699999999999992,52.19
902,-1.8599999999999994,55.3
903,-3.7300000000000004,54.68
904,-2.480000000000004,52.81
905,3.1000000000000014,49.7
906,9.939999999999998,41.01
907,0.6200000000000045,44.11
908,-25.48,44.11
909,1.2399999999999984,38.52
910,2.4800000000000004,42.87
911,1.2400000000000002,42.87
912,14.29,27.34
913,-1.240000000000002,26.71
914,4.969999999999999,26.71
915,-3.729999999999997,22.99
916,-10.560000000000002,22.99
917,-3.1099999999999994,36.66
918,3.1000000000000014,29.82
919,-2.480000000000004,29.2
920,1.25,29.2
921,30.450000000000003,26.71
922,3.730000000000004,45.98
923,0.6199999999999974,46.6
924,-3.1099999999999994,39.14
925,16.15,39.14
926,-0.6199999999999974,49.7
927,3.1000000000000014,46.6
928,2.480000000000004,46.6
929,-1.2400000000000002,48.46
930,0.620000000000001,54.68
931,3.7299999999999986,54.68
932,-6.830000000000002,52.19
933,8.7,49.08
934,3.7300000000000004,49.08
935,-3.7300000000000004,57.78
936,2.4800000000000004,54.05
937,1.25,54.05
938,-8.080000000000002,55.92
939,16.78,55.92
940,-0.6199999999999992,55.92
941,18.02,55.92
942,-7.460000000000001,55.92
943,4.350000000000001,55.92
944,-2.479999999999997,55.92
945,4.970000000000006,55.92
946,-26.720000000000002,55.92
947,3.7300000000000004,55.92
948,2.480000000000002,55.92
949,1.8699999999999974,55.92
950,1.8599999999999994,55.92
951,-1.8599999999999994,55.92
952,7.460000000000001,55.92
953,-4.350000000000001,55.92
954,4.350000000000001,55.92
955,-4.970000000000002,55.92
956,-1.2399999999999984,53.43
957,1.8599999999999994,56.54
958,1.240000000000002,56.54
959,1.8699999999999974,23.61
960,1.240000000000002,19.26
961,-3.7300000000000004,14.91
962,-1.8599999999999994,13.04
963,6.209999999999999,12.42
964,-1.8599999999999994,11.18
965,7.449999999999996,11.18
966,-6.210000000000001,11.18
967,6.829999999999998,15.53
968,5.590000000000003,15.53
969,-7.460000000000001,32.31
970,-2.479999999999997,32.31
971,1.8700000000000045,49.08
972,-1.25,28.58
973,7.459999999999994,28.58
974,-3.099999999999998,28.58
975,-1.240000000000002,38.52
976,-2.480000000000004,39.14
977,5.590000000000003,28.58
978,-1.8699999999999974,19.88
979,-1.8599999999999994,19.88
980,3.1099999999999994,19.88
981,-4.979999999999997,18.64
982,9.940000000000001,11.18
983,3.729999999999997,11.18
984,0.620000000000001,11.8
985,-2.4899999999999984,11.8
986,0.6200000000000045,11.8
987,-3.1000000000000014,17.39
988,1.240000000000002,17.39
989,-3.730000000000004,18.64
990,1.8700000000000045,18.64
991,5.600000000000001,23.61
992,-2.49,23.61
993,0.6199999999999992,21.12
994,-1.8599999999999994,27.96
995,-4.350000000000001,32.31
996,-5.590000000000003,32.31
997,1.2399999999999984,39.14
998,-7.460000000000001,47.22
999,8.079999999999998,47.22
