,electricity-lbmp-nyiso-npx,electricity-lbmp-nyiso-west,electricity-lbmp-nyiso-capitl,electricity-lbmp-nyiso-longil,electricity-lbmp-nyiso-millwd,electricity-lbmp-nyiso-dunwod,electricity-lbmp-nyiso-mhk_valley,electricity-lbmp-nyiso-hud_valley,electricity-lbmp-nyiso-pjm,electricity-lbmp-nyiso-north,electricity-lbmp-nyiso-o_h,electricity-lbmp-nyiso-h_q,electricity-lbmp-nyiso-centrl,electricity-lbmp-nyiso-genese,electricity-lbmp-nyiso-nyc
0,31.91,29.18,31.68,32.92,32.48,32.57,30.55,32.3,28.31,27.58,28.11,28.59,30.34,29.39,32.77
1,29.23,26.62,29.04,38.21,29.77,29.85,27.95,29.58,29.19,25.24,25.67,26.16,27.74,26.84,30.04
2,30.08,27.51,29.86,39.98,30.64,30.72,28.8,30.44,29.19,25.87,26.48,26.84,28.6,27.68,30.92
3,30.08,27.57,29.86,39.98,30.61,30.69,28.8,30.42,29.22,25.87,26.54,26.84,28.63,27.71,30.86
4,30.08,27.62,29.88,35.17,30.61,30.7,28.82,30.44,32.09,25.92,26.56,26.9,28.65,27.76,30.89
5,33.07,30.24,32.85,37.69,33.71,33.77,31.68,33.5,37.65,28.52,29.07,29.57,31.47,30.43,33.99
6,38.69,35.56,38.43,40.05,39.41,39.52,37.18,39.19,37.68,33.44,34.16,34.63,36.93,35.71,39.77
7,38.76,35.55,38.5,40.05,39.48,39.59,37.21,39.26,49.15,33.5,34.18,34.69,36.95,35.73,39.84
8,50.7,46.37,50.32,52.16,51.59,51.73,48.72,51.26,45.74,44.3,44.58,45.19,48.2,46.65,52.06
9,47.09,43.2,46.78,48.45,47.92,48.05,45.29,47.61,34.04,41.23,41.58,42.06,44.86,43.46,48.36
10,35.11,32.11,34.88,36.22,35.76,35.86,33.74,35.54,45.7,30.78,30.94,31.36,33.38,32.34,36.09
11,47.01,43.21,46.7,48.45,47.88,48.01,45.21,47.62,36.67,41.11,41.51,41.94,44.78,43.39,48.32
12,37.83,34.6,37.58,39.02,38.53,38.63,36.35,38.28,31.38,33.05,33.26,33.76,35.93,34.81,38.88
13,32.37,29.61,32.13,33.45,32.94,33.03,31.05,32.76,56.71,28.26,28.5,28.86,30.72,29.79,33.24
14,57.95,53.89,57.57,75.7,59.02,59.18,55.74,58.65,73.12,50.52,51.53,51.65,55.53,53.69,59.5
15,75.0,69.31,74.44,78.16,76.4,76.6,72.08,75.9,73.12,65.47,66.37,66.79,71.66,69.29,77.02
16,75.0,69.31,74.44,78.16,76.4,76.6,72.08,75.9,79.24,65.47,66.37,66.79,71.66,69.29,77.02
17,81.66,74.78,81.05,84.15,83.02,83.24,78.32,82.49,62.05,71.15,71.75,72.66,77.65,75.08,83.7
18,66.9,56.26,67.45,67.79,67.23,67.29,59.31,66.74,48.51,53.19,54.05,54.26,58.54,56.44,67.68
19,53.69,42.84,54.59,66.53,53.5,53.55,45.15,53.08,42.0,40.05,41.19,40.91,44.6,42.91,53.8
20,43.41,39.51,43.08,66.5,44.21,44.33,41.56,43.93,42.04,37.82,37.98,38.62,41.15,39.83,44.57
21,43.41,39.67,43.04,66.54,44.21,44.33,41.56,43.93,28.28,37.82,38.14,38.62,41.23,39.91,44.57
22,29.23,26.66,28.99,51.04,29.77,29.85,27.93,29.58,28.31,25.47,25.66,25.98,27.71,26.85,30.01
23,29.23,26.71,28.99,50.99,29.77,29.85,27.93,29.58,23.1,25.47,25.71,25.98,27.71,26.88,30.01
24,23.87,21.77,23.67,45.43,24.33,24.4,22.79,24.18,22.06,20.82,20.96,21.22,22.59,21.9,24.55
25,22.84,20.79,22.63,46.32,23.26,23.32,21.78,23.12,22.1,19.91,20.03,20.31,21.59,20.94,23.47
26,22.86,20.83,22.65,46.3,23.26,23.33,21.81,23.12,22.53,19.95,20.03,20.33,21.64,20.94,23.48
27,23.26,21.31,23.07,40.05,23.67,23.74,22.23,23.52,22.1,20.34,20.49,20.7,22.04,21.39,23.87
28,22.82,20.86,22.61,49.32,23.24,23.3,21.78,23.07,21.87,19.91,20.05,20.29,21.59,20.92,23.45
29,22.52,20.66,22.33,48.33,22.95,23.02,21.52,22.81,21.25,19.66,19.85,20.02,21.35,20.68,23.18
30,21.89,20.05,21.71,48.36,22.3,22.38,20.9,22.16,21.93,19.08,19.26,19.44,20.74,20.09,22.52
31,22.62,20.69,22.43,48.39,23.02,23.06,21.57,22.85,28.5,19.75,19.92,20.13,21.41,20.8,23.21
32,29.31,27.09,29.09,49.83,29.77,29.83,28.01,29.55,28.59,25.62,26.05,26.08,27.84,27.11,30.01
33,29.41,27.29,29.19,49.81,29.88,29.9,28.1,29.66,32.45,25.79,26.25,26.22,27.97,27.29,30.09
34,33.44,30.81,33.19,43.52,34.0,34.09,32.01,33.78,29.09,29.29,29.6,29.78,31.76,30.84,34.27
35,30.01,27.53,29.75,46.38,30.53,30.56,28.67,30.28,29.14,26.31,26.5,26.75,28.42,27.64,30.78
36,30.03,27.56,29.78,46.4,30.56,30.61,28.67,30.34,22.45,26.39,26.5,26.78,28.45,27.64,30.84
37,23.24,21.07,23.05,40.21,23.65,23.72,22.17,23.5,19.73,20.37,20.19,20.67,21.93,21.14,23.87
38,26.55,15.09,26.34,40.15,23.79,23.73,15.81,23.54,18.71,13.24,14.39,13.42,15.59,14.79,23.83
39,28.13,12.08,28.9,40.12,24.53,24.41,12.68,24.22,19.51,9.54,11.53,9.68,12.42,11.61,24.48
40,26.12,15.04,25.8,40.16,23.43,23.39,15.79,23.19,20.54,13.27,14.4,13.45,15.56,14.79,23.49
41,23.28,17.74,23.86,40.2,23.03,23.03,18.61,22.83,20.54,16.55,17.01,16.78,18.39,17.67,23.17
42,23.28,17.74,23.86,40.2,23.03,23.03,18.61,22.83,20.17,16.55,17.01,16.78,18.39,17.67,23.17
43,22.51,17.7,22.93,48.34,22.37,22.35,18.54,22.16,18.28,16.65,16.99,16.86,18.32,17.68,22.51
44,23.08,13.93,24.48,47.37,22.11,22.04,14.57,21.85,20.47,12.19,13.36,12.35,14.35,13.69,22.16
45,21.21,19.16,21.02,47.8,21.62,21.66,20.14,21.45,18.31,18.61,18.43,18.87,19.92,19.3,21.84
46,22.52,14.39,23.67,47.61,21.77,21.71,15.13,21.52,20.0,12.93,13.81,13.08,14.88,14.23,21.83
47,24.34,17.68,22.34,48.33,22.02,22.02,18.59,21.81,20.43,16.83,17.01,17.01,18.35,17.7,22.18
48,23.52,19.08,21.02,49.17,21.62,21.66,20.1,21.45,20.15,18.67,18.38,18.85,19.86,19.24,21.86
49,23.2,18.82,20.71,45.15,21.3,21.36,19.82,21.13,19.11,18.39,18.11,18.59,19.57,18.95,21.53
50,23.52,16.09,22.68,45.13,21.72,21.7,16.96,21.5,19.68,15.11,15.45,15.23,16.71,16.03,21.86
51,22.7,17.73,21.31,45.14,21.35,21.36,18.62,21.14,18.93,17.06,17.0,17.2,18.4,17.72,21.52
52,23.1,16.12,22.17,45.13,21.36,21.37,16.96,21.14,18.92,15.17,15.48,15.28,16.7,16.05,21.51
53,23.49,16.13,22.2,45.13,21.37,21.37,16.96,21.15,19.32,15.18,15.48,15.28,16.7,16.05,21.51
54,22.35,17.69,20.49,45.14,20.72,20.76,18.59,20.54,19.23,17.17,17.0,17.29,18.37,17.74,20.92
55,23.86,16.34,22.59,45.13,21.73,21.72,17.2,21.5,20.15,15.37,15.68,15.47,16.94,16.26,21.86
56,23.64,18.77,20.69,45.15,21.32,21.36,19.8,21.13,19.18,18.42,18.05,18.55,19.55,18.9,21.55
57,24.71,16.26,22.55,45.13,21.72,21.7,17.19,21.48,19.11,15.37,15.63,15.48,16.91,16.23,21.86
58,24.76,16.11,22.65,44.73,21.72,21.7,16.99,21.49,20.11,15.12,15.48,15.24,16.73,16.05,21.84
59,24.91,18.71,20.67,45.15,21.3,21.36,19.75,21.11,19.66,18.37,18.0,18.52,19.5,18.85,21.55
60,25.19,17.71,21.23,45.14,21.33,21.36,18.65,21.12,20.15,17.06,17.02,17.26,18.44,17.76,21.54
61,24.93,18.79,20.71,45.13,21.32,21.36,19.75,21.13,19.55,18.33,18.08,18.52,19.54,18.9,21.55
62,22.37,18.28,20.09,45.14,20.65,20.7,19.14,20.46,19.61,17.76,17.57,17.93,18.97,18.36,20.87
63,23.32,17.66,21.32,45.14,21.33,21.35,18.6,21.12,20.17,17.06,17.0,17.22,18.36,17.74,21.5
64,23.02,18.84,20.71,45.15,21.32,21.36,19.75,21.13,20.47,18.35,18.15,18.5,19.56,18.94,21.53
65,24.29,19.15,21.06,47.83,21.64,21.68,20.08,21.45,20.51,18.68,18.42,18.82,19.89,19.24,21.86
66,24.31,19.22,21.08,47.81,21.64,21.72,20.14,21.49,20.51,18.7,18.48,18.83,19.95,19.28,21.86
67,24.31,19.18,21.08,45.33,21.66,21.7,20.12,21.47,20.81,18.73,18.46,18.85,19.92,19.28,21.86
68,24.15,19.42,21.41,45.15,21.98,22.02,20.41,21.8,20.79,19.01,18.67,19.12,20.2,19.52,22.2
69,24.13,19.4,21.39,45.15,21.98,22.02,20.4,21.8,20.83,18.97,18.67,19.11,20.18,19.52,22.2
70,24.15,19.42,21.41,45.13,22.0,22.04,20.41,21.82,21.11,18.99,18.67,19.1,20.21,19.54,22.22
71,25.84,19.68,21.73,45.15,22.34,22.38,20.74,22.16,21.17,19.37,18.93,19.49,20.5,19.82,22.54
72,25.84,19.79,21.77,47.24,22.34,22.38,20.8,22.16,21.23,19.41,19.0,19.51,20.58,19.89,22.54
73,25.84,19.99,21.73,49.17,22.34,22.36,20.84,22.16,21.83,19.42,19.22,19.55,20.66,20.05,22.54
74,24.06,20.59,22.43,58.36,23.02,23.04,21.49,22.83,30.72,20.03,19.84,20.16,21.26,20.7,23.2
75,33.24,29.02,31.57,67.41,32.37,32.45,30.34,32.13,22.46,28.34,27.93,28.4,29.99,29.11,32.63
76,24.62,21.22,23.04,49.49,23.64,23.7,22.18,23.47,22.42,20.7,20.42,20.74,21.92,21.28,23.83
77,23.15,21.15,23.02,67.32,23.64,23.68,22.16,23.47,44.43,20.7,20.36,20.74,21.88,21.24,23.83
78,45.83,41.93,45.53,74.72,46.81,46.93,43.88,46.47,22.48,40.99,40.4,41.08,43.33,42.14,47.23
79,23.17,21.24,23.0,66.16,23.64,23.66,22.14,23.45,23.86,20.72,20.42,20.76,21.9,21.32,23.83
80,24.73,22.49,24.57,66.17,25.17,25.24,23.64,25.01,26.77,22.13,21.65,22.13,23.32,22.63,25.37
81,27.72,25.26,27.57,66.21,28.23,28.28,26.54,28.05,40.45,24.87,24.28,24.85,26.15,25.39,28.44
82,41.93,38.13,41.7,66.48,42.7,42.78,40.14,42.43,42.38,37.62,36.65,37.58,39.56,38.4,42.98
83,43.85,40.07,43.65,77.63,44.62,44.7,42.02,44.33,42.23,39.42,38.53,39.34,41.49,40.27,44.86
84,43.81,39.71,43.6,91.19,44.58,44.7,41.98,44.29,42.34,39.31,38.17,39.27,41.33,40.04,44.86
85,43.85,39.91,43.72,80.11,44.62,44.7,42.14,44.33,42.3,39.54,38.36,39.42,41.45,40.23,44.9
86,43.81,39.91,43.69,80.11,44.62,44.7,42.18,44.33,42.3,39.58,38.36,39.42,41.41,40.23,44.9
87,43.77,40.03,43.56,80.19,44.62,44.7,42.22,44.33,42.44,39.62,38.44,39.42,41.45,40.27,44.94
88,43.74,40.53,43.54,80.15,44.51,44.59,42.24,44.27,42.35,39.43,38.99,39.31,41.63,40.65,44.76
89,43.73,40.52,43.57,80.15,44.51,44.59,42.23,44.26,42.41,39.55,39.02,39.39,41.58,40.69,44.75
90,43.87,40.53,43.71,82.52,44.65,44.77,42.36,44.4,42.28,39.71,39.06,39.55,41.67,40.73,44.89
91,43.74,40.37,43.57,139.84,44.51,44.59,42.19,44.27,42.34,39.52,38.91,39.35,41.5,40.57,44.71
92,43.94,40.47,43.73,139.8,44.67,44.75,42.3,44.43,42.39,39.7,39.05,39.53,41.61,40.72,44.87
93,43.94,40.55,43.77,79.37,44.63,44.71,42.35,44.43,42.34,39.78,39.12,39.57,41.65,40.8,44.88
94,43.89,40.47,43.69,80.15,44.63,44.71,42.26,44.38,42.27,39.74,39.05,39.53,41.61,40.76,44.87
95,43.9,40.27,43.69,80.12,44.63,44.71,42.23,44.39,42.19,39.7,38.89,39.5,41.53,40.6,44.88
96,43.74,40.24,43.54,80.11,44.51,44.59,42.11,44.27,42.24,39.6,38.82,39.39,41.47,40.53,44.79
97,43.74,40.41,43.57,145.89,44.51,44.59,42.07,44.27,42.43,39.55,39.03,39.39,41.47,40.65,44.71
98,45.44,40.77,43.62,145.89,44.51,44.59,42.15,44.27,42.55,39.59,39.34,39.43,41.66,40.85,44.68
99,45.48,41.05,43.74,140.29,44.51,44.59,42.23,44.31,42.28,39.7,39.58,39.5,41.82,41.05,44.72
100,45.36,40.61,43.57,78.48,44.47,44.55,42.07,44.22,42.07,39.55,39.19,39.39,41.5,40.73,44.71
101,43.52,40.25,43.36,77.93,44.29,44.41,41.86,44.05,42.26,39.32,38.83,39.16,41.3,40.45,44.57
102,43.55,40.52,43.39,78.48,44.32,44.4,41.89,44.08,42.87,39.39,39.02,39.18,41.41,40.56,44.6
103,44.22,41.06,44.01,81.48,45.08,45.16,42.45,44.79,42.07,39.91,39.54,39.75,41.92,41.1,45.45
104,43.4,40.26,43.2,81.43,44.25,44.37,41.71,43.97,42.14,39.25,38.81,39.05,41.19,40.34,44.61
105,43.39,40.37,43.19,77.89,44.24,44.36,41.74,44.0,35.1,39.28,38.91,39.08,41.26,40.41,44.6
106,36.21,33.62,35.97,139.81,36.92,37.01,34.8,36.71,22.46,32.75,32.44,32.58,34.36,33.69,37.25
107,22.73,21.47,23.02,84.43,23.64,23.68,22.26,23.49,22.17,20.95,20.72,20.87,21.98,21.53,23.83
108,22.39,21.24,22.68,84.43,23.28,23.34,21.94,23.15,22.58,20.65,20.48,20.54,21.68,21.26,23.47
109,22.94,21.45,23.18,84.4,23.81,23.88,22.4,23.66,22.01,21.11,20.7,21.0,22.06,21.54,24.03
110,22.85,20.82,22.68,75.44,23.28,23.32,21.86,23.13,21.81,20.61,20.06,20.51,21.52,20.95,23.47
111,22.61,20.74,22.46,75.42,23.0,23.07,21.64,22.85,21.99,20.41,20.01,20.3,21.33,20.83,23.19
112,22.85,20.89,22.66,75.44,23.28,23.32,21.84,23.11,22.35,20.61,20.17,20.51,21.5,21.01,23.47
113,23.21,21.21,23.02,75.45,23.64,23.7,22.18,23.49,22.11,20.93,20.5,20.83,21.83,21.34,23.83
114,22.85,21.03,22.68,72.92,23.28,23.34,21.88,23.13,22.5,20.63,20.27,20.5,21.58,21.08,23.47
115,23.19,21.51,23.02,75.41,23.64,23.71,22.26,23.47,23.2,20.97,20.74,20.84,21.98,21.51,23.83
116,23.93,22.07,23.73,75.41,24.42,24.48,22.93,24.24,23.13,21.58,21.25,21.44,22.62,22.07,24.64
117,23.9,21.91,23.68,75.43,24.39,24.46,22.91,24.21,275.59,21.54,21.1,21.43,22.55,21.96,24.61
118,284.27,262.41,282.17,291.93,289.81,290.35,272.93,287.69,71.42,256.36,252.65,255.02,269.0,262.41,291.93
119,73.74,67.59,73.13,75.99,75.24,75.44,70.73,74.69,39.66,66.44,65.07,66.09,69.57,67.73,75.92
120,40.95,37.53,40.6,51.13,41.78,41.89,39.27,41.52,24.3,36.89,36.09,36.7,38.63,37.57,42.16
121,25.14,22.91,24.93,50.83,25.63,25.7,24.07,25.47,22.41,22.63,22.02,22.51,23.7,22.98,25.86
122,23.18,21.1,22.99,50.81,23.65,23.72,22.19,23.48,22.41,20.89,20.29,20.78,21.83,21.16,23.87
123,23.16,21.16,22.99,50.84,23.65,23.72,22.19,23.48,23.05,20.89,20.37,20.76,21.85,21.21,23.87
124,23.87,21.73,23.74,50.75,24.33,24.4,22.83,24.16,42.2,21.51,20.91,21.4,22.48,21.79,24.53
125,43.73,39.93,43.53,50.84,44.46,44.54,41.75,44.14,28.36,39.37,38.48,39.2,41.15,40.09,44.83
126,29.31,26.92,29.23,50.82,29.83,29.88,28.09,29.61,28.3,26.43,25.92,26.3,27.68,26.92,30.07
127,29.31,26.82,29.2,55.19,29.82,29.85,27.98,29.58,28.6,26.38,25.84,26.24,27.57,26.87,30.07
128,29.64,27.12,29.53,48.58,30.1,30.19,28.32,29.91,28.25,26.68,26.1,26.51,27.91,27.12,30.35
129,29.34,26.73,29.2,48.53,29.8,29.85,27.95,29.58,22.4,26.38,25.79,26.27,27.55,26.84,30.07
130,23.31,21.22,23.22,48.54,23.65,23.72,22.23,23.5,21.91,20.96,20.47,20.85,21.87,21.29,23.87
131,22.81,20.73,22.71,48.5,23.13,23.17,21.72,22.96,28.17,20.5,20.01,20.41,21.36,20.83,23.34
132,29.36,26.6,29.25,48.58,29.77,29.85,28.01,29.58,28.27,26.41,25.65,26.27,27.52,26.73,30.02
133,29.36,26.83,29.28,48.6,29.8,29.85,28.11,29.61,25.1,26.51,25.88,26.37,27.68,26.89,30.04
134,25.99,23.96,25.97,48.59,26.38,26.43,24.95,26.21,25.07,23.55,23.12,23.43,24.59,23.99,26.59
135,25.99,23.87,25.92,48.51,26.38,26.43,24.9,26.18,26.94,23.48,23.05,23.38,24.54,23.94,26.59
136,27.96,25.44,27.85,135.83,28.4,28.42,26.76,28.19,28.33,25.23,24.53,25.15,26.32,25.57,28.6
137,29.39,26.86,29.28,45.78,29.77,29.83,28.14,29.58,26.61,26.53,25.9,26.45,27.7,26.97,29.99
138,27.61,25.2,27.51,45.77,27.97,28.02,26.41,27.79,25.0,24.92,24.31,24.85,26.02,25.28,28.17
139,26.02,23.56,25.9,46.28,26.38,26.43,24.83,26.21,25.03,23.46,22.74,23.39,24.42,23.73,26.6
140,25.99,23.63,25.92,45.77,26.38,26.43,24.86,26.19,25.03,23.46,22.81,23.39,24.45,23.75,26.57
141,25.99,23.63,25.92,45.77,26.38,26.43,24.86,26.19,25.03,23.46,22.81,23.39,24.45,23.75,26.57
142,25.99,23.63,25.92,45.77,26.38,26.43,24.86,26.19,28.25,23.46,22.81,23.39,24.45,23.75,26.57
143,29.42,26.72,29.34,49.21,29.75,29.8,28.08,29.56,148.25,26.53,25.79,26.45,27.65,26.86,29.97
144,154.7,139.51,154.27,158.27,156.56,156.85,147.39,155.56,24.95,139.23,134.79,138.94,144.96,140.51,157.7
145,25.97,23.53,25.89,45.96,26.33,26.38,24.79,26.13,25.0,23.39,22.71,23.34,24.4,23.68,26.52
146,25.99,23.5,25.92,45.44,26.4,26.47,24.83,26.21,26.29,23.46,22.66,23.38,24.45,23.67,26.64
147,27.36,24.69,27.31,45.45,27.79,27.84,26.14,27.59,25.34,24.64,23.83,24.62,25.73,24.9,28.02
148,26.25,23.95,26.22,45.45,26.64,26.69,25.17,26.44,24.98,23.71,23.1,23.68,24.85,24.07,26.84
149,25.97,23.53,25.94,45.47,26.33,26.38,24.83,26.13,24.88,23.41,22.68,23.38,24.49,23.7,26.52
150,25.97,23.34,25.92,45.47,26.33,26.38,24.79,26.13,24.98,23.34,22.52,23.34,24.38,23.56,26.54
151,25.97,23.48,25.94,135.85,26.33,26.37,24.81,26.13,24.95,23.34,22.64,23.34,24.45,23.65,26.52
152,25.97,23.46,25.94,46.26,26.35,26.4,24.78,26.16,26.21,23.34,22.64,23.34,24.42,23.63,26.57
153,27.28,24.62,27.23,44.73,27.68,27.76,26.03,27.48,22.99,24.51,23.76,24.51,25.65,24.82,27.93
154,23.95,21.57,23.9,135.89,24.28,24.32,22.83,24.1,22.18,21.5,20.81,21.5,22.5,21.74,24.5
155,23.12,20.81,23.08,52.5,23.47,23.53,22.05,23.3,22.18,20.74,20.1,20.76,21.71,21.0,23.7
156,23.12,20.77,23.06,49.18,23.47,23.53,22.03,23.3,24.13,20.72,20.04,20.75,21.69,20.94,23.68
157,25.3,22.42,25.23,49.17,25.63,25.7,24.08,25.44,26.16,22.75,21.64,22.75,23.63,22.72,25.84
158,31.66,21.01,33.16,49.17,30.66,30.61,22.57,30.35,24.66,19.94,20.23,19.96,22.08,20.97,30.75
159,33.58,16.88,36.45,45.14,31.45,31.31,18.0,31.04,18.87,14.47,16.19,14.44,17.59,16.42,31.41
160,24.84,13.7,26.83,40.29,23.61,23.53,14.58,23.32,18.87,12.1,13.16,11.97,14.27,13.41,23.61
161,24.84,13.7,26.84,43.81,23.62,23.53,14.57,23.34,17.99,12.07,13.16,11.96,14.26,13.41,23.62
162,22.93,13.67,24.52,49.13,22.01,21.94,14.61,21.75,19.98,12.44,13.15,12.34,14.27,13.49,22.04
163,27.5,13.63,30.04,46.43,25.83,25.71,14.55,25.5,20.84,11.62,13.13,11.49,14.18,13.29,25.8
164,25.31,16.74,26.56,47.58,24.52,24.49,17.93,24.27,22.65,15.88,16.17,15.84,17.52,16.7,24.62
165,29.31,16.76,31.35,44.72,27.88,27.79,17.94,27.55,21.79,15.19,16.16,15.14,17.52,16.55,27.92
166,31.32,13.68,34.46,43.79,28.95,28.78,14.6,28.55,27.0,11.03,13.13,11.01,14.2,13.16,28.87
167,40.98,13.75,48.32,49.1,38.66,38.33,14.67,38.05,23.45,9.06,13.12,9.05,14.17,12.72,38.4
168,33.09,13.7,38.89,41.27,32.03,31.82,14.58,31.57,24.53,10.36,13.12,10.34,14.17,13.0,31.88
169,23.7,23.15,25.61,26.22,25.89,25.94,24.44,25.73,37.56,23.18,22.41,23.13,24.08,23.37,26.08
170,60.55,18.52,68.53,53.93,54.31,53.83,19.84,53.48,27.09,11.64,17.67,11.61,19.0,16.97,53.87
171,40.71,15.77,45.36,37.0,37.14,36.87,16.75,36.62,23.26,11.68,15.16,11.67,16.17,14.9,36.92
172,35.4,13.17,39.58,32.07,32.2,31.96,13.96,31.74,19.19,9.46,12.63,9.45,13.47,12.35,32.0
173,19.89,18.24,19.95,32.13,20.13,20.19,19.04,20.02,19.92,17.98,17.67,17.98,18.82,18.26,20.3
174,24.78,15.67,26.34,32.1,23.75,23.7,16.45,23.53,25.5,14.19,15.14,14.17,16.14,15.38,23.78
175,60.44,-2.88,73.03,49.26,50.22,49.38,-2.6,49.12,17.81,-13.86,-3.31,-13.83,-3.38,-5.6,49.3
176,45.92,-5.03,56.11,36.89,37.63,36.95,-4.89,36.76,20.27,-13.83,-5.35,-13.8,-5.48,-7.25,36.86
177,44.14,0.8,52.68,36.64,37.24,36.68,1.21,36.46,19.54,-6.57,0.43,-6.57,0.61,-1.0,36.63
178,42.61,0.72,50.86,35.39,35.95,35.41,1.15,35.19,17.88,-6.34,0.37,-6.35,0.56,-1.0,35.36
179,38.87,0.76,46.38,32.28,32.81,32.32,1.12,32.12,19.51,-5.71,0.44,-5.72,0.59,-0.82,32.28
180,42.52,0.79,50.76,35.23,35.85,35.31,1.13,35.1,23.45,-6.37,0.43,-6.37,0.57,-0.96,35.26
181,45.37,0.85,61.19,42.45,43.17,42.51,1.29,42.26,23.27,-7.74,0.42,-7.76,0.61,-1.25,42.45
182,18.23,22.08,24.13,35.43,24.43,24.5,23.03,24.32,13.53,21.74,21.41,21.76,22.76,22.08,24.63
183,23.41,0.7,34.86,36.12,24.72,24.35,0.96,24.21,13.21,-4.15,0.46,-4.16,0.53,-0.48,24.33
184,28.55,0.7,34.0,36.13,24.11,23.76,0.96,23.61,13.08,-4.02,0.46,-4.03,0.54,-0.45,23.73
185,28.28,0.7,33.67,36.13,23.88,23.53,0.95,23.38,12.88,-3.99,0.46,-3.99,0.54,-0.44,23.5
186,27.84,0.69,33.14,36.13,23.5,23.16,0.93,23.02,13.08,-3.93,0.46,-3.93,0.53,-0.43,23.13
187,28.29,0.7,33.68,36.12,23.88,23.53,0.94,23.39,12.53,-4.0,0.46,-4.0,0.53,-0.44,23.5
188,27.08,0.69,32.24,36.14,22.87,22.53,0.92,22.4,12.53,-3.8,0.46,-3.81,0.53,-0.4,22.51
189,27.08,0.69,32.24,36.13,22.87,22.53,0.92,22.4,10.67,-3.81,0.46,-3.81,0.53,-0.4,22.5
190,22.96,0.66,27.32,36.15,19.4,19.12,0.86,19.01,8.61,-3.14,0.47,-3.14,0.52,-0.26,19.1
191,18.39,0.63,21.86,36.17,15.56,15.34,0.8,15.24,10.3,-2.39,0.48,-2.39,0.53,-0.09,15.32
192,20.85,1.69,24.58,36.19,17.83,17.59,1.9,17.48,10.54,-1.58,1.49,-1.58,1.6,0.9,17.57
193,21.39,1.69,25.22,36.19,18.28,18.03,1.9,17.92,10.76,-1.68,1.49,-1.68,1.6,0.88,18.01
194,20.59,2.72,24.05,36.22,17.8,17.58,2.95,17.47,13.16,-0.32,2.51,-0.32,2.65,2.0,17.58
195,27.18,1.73,32.14,36.16,23.15,22.83,1.95,22.69,10.3,-2.63,1.48,-2.62,1.56,0.68,22.81
196,20.85,1.68,24.58,36.19,17.83,17.59,1.87,17.48,10.54,-1.59,1.49,-1.59,1.57,0.9,17.57
197,21.38,1.69,25.21,36.19,18.27,18.03,1.88,17.92,9.36,-1.67,1.49,-1.67,1.57,0.88,18.01
198,17.49,2.7,20.34,36.23,15.19,15.01,2.91,14.92,9.36,0.19,2.51,0.19,2.66,2.11,15.01
199,17.49,2.7,20.34,36.23,15.19,15.01,2.91,14.92,9.36,0.19,2.51,0.19,2.66,2.11,15.01
200,17.49,2.7,20.34,36.23,15.19,15.01,2.91,14.92,9.36,0.19,2.51,0.19,2.66,2.11,15.01
201,17.49,2.7,20.34,36.23,15.19,15.01,2.91,14.92,9.36,0.19,2.51,0.19,2.66,2.11,15.01
202,17.49,2.7,20.34,36.23,15.19,15.01,2.91,14.92,9.36,0.19,2.51,0.19,2.66,2.11,15.01
203,17.49,2.7,20.34,36.23,15.19,15.01,2.91,14.92,12.9,0.19,2.51,0.19,2.66,2.1,15.01
204,13.34,12.33,13.36,36.5,13.47,13.51,12.78,13.41,15.55,12.13,11.97,12.1,12.65,12.29,13.59
205,18.28,13.04,19.1,36.51,17.76,17.75,13.64,17.62,12.72,12.24,12.62,12.22,13.42,12.86,17.83
206,26.19,1.72,30.96,36.17,22.34,22.02,1.95,21.9,13.25,-2.44,1.48,-2.44,1.59,0.72,22.01
207,27.35,1.73,32.33,36.17,23.31,22.98,1.97,22.85,12.88,-2.62,1.48,-2.61,1.6,0.69,22.96
208,27.8,0.7,33.08,36.14,23.51,23.15,0.92,23.02,12.88,-3.9,0.46,-3.89,0.53,-0.4,23.13
209,27.81,0.7,33.09,36.14,23.51,23.15,0.91,23.02,12.88,-3.91,0.46,-3.9,0.52,-0.41,23.13
210,27.81,0.7,33.1,36.15,23.51,23.16,0.91,23.03,12.6,-3.91,0.46,-3.9,0.53,-0.41,23.13
211,27.2,0.7,32.37,36.15,22.99,22.65,0.89,22.52,12.55,-3.82,0.46,-3.81,0.52,-0.39,22.62
212,27.08,0.69,32.23,36.14,22.89,22.55,0.89,22.43,12.1,-3.8,0.46,-3.8,0.52,-0.39,22.53
213,26.1,0.69,31.05,36.15,22.07,21.74,0.89,21.62,12.1,-3.63,0.46,-3.63,0.52,-0.35,21.71
214,26.1,0.69,31.05,35.87,22.07,21.74,0.89,21.62,12.11,-3.63,0.46,-3.63,0.53,-0.35,21.72
215,26.1,0.69,31.06,35.87,22.07,21.74,0.89,21.62,13.17,-3.63,0.46,-3.62,0.53,-0.35,21.72
216,27.18,1.73,32.13,36.17,23.17,22.84,1.97,22.71,13.8,-2.6,1.48,-2.59,1.6,0.69,22.82
217,27.31,2.76,32.07,39.46,23.46,23.15,3.03,23.02,13.8,-1.41,2.5,-1.41,2.66,1.77,23.14
218,27.3,2.76,32.08,43.48,23.46,23.15,3.05,23.02,13.55,-1.4,2.49,-1.4,2.65,1.77,23.14
219,28.0,1.74,33.13,36.16,23.86,23.53,2.01,23.4,14.01,-2.71,1.48,-2.71,1.59,0.67,23.51
220,27.77,2.77,32.63,36.2,23.85,23.53,3.05,23.41,14.01,-1.48,2.5,-1.48,2.65,1.75,23.52
221,27.77,2.77,32.63,36.2,23.85,23.53,3.05,23.41,14.01,-1.48,2.5,-1.48,2.65,1.75,23.52
222,27.77,2.77,32.62,36.2,23.85,23.53,3.05,23.4,13.55,-1.48,2.5,-1.48,2.65,1.76,23.52
223,28.0,1.74,33.12,36.17,23.86,23.53,2.0,23.4,13.55,-2.72,1.48,-2.71,1.59,0.67,23.51
224,28.01,1.74,33.13,36.16,23.86,23.53,2.0,23.4,13.55,-2.72,1.48,-2.72,1.59,0.67,23.51
225,28.02,1.74,33.13,36.16,23.87,23.53,1.99,23.41,14.01,-2.73,1.48,-2.72,1.59,0.67,23.51
226,27.77,2.77,32.63,36.19,23.85,23.54,3.05,23.41,14.01,-1.48,2.5,-1.48,2.65,1.75,23.52
227,27.77,2.77,32.63,36.2,23.85,23.53,3.05,23.41,14.01,-1.48,2.5,-1.48,2.65,1.75,23.52
228,27.76,2.77,32.62,36.19,23.85,23.53,3.05,23.4,17.72,-1.48,2.5,-1.48,2.65,1.75,23.52
229,35.93,2.83,42.38,36.16,30.73,30.3,3.16,30.14,19.44,-2.82,2.49,-2.81,2.64,1.47,30.29
230,26.99,13.08,29.56,36.49,25.06,24.94,13.78,24.8,14.83,10.88,12.65,10.83,13.39,12.62,24.97
231,28.58,3.58,33.42,36.21,24.67,24.36,3.89,24.24,14.56,-0.68,3.29,-0.67,3.46,2.57,24.36
232,28.98,2.78,34.06,36.19,24.86,24.54,3.06,24.41,14.79,-1.69,2.49,-1.69,2.62,1.71,24.52
233,29.48,2.78,34.66,36.19,25.27,24.95,3.06,24.82,14.47,-1.78,2.49,-1.77,2.62,1.69,24.94
234,28.77,2.77,33.82,36.19,24.68,24.36,3.05,24.24,14.47,-1.67,2.49,-1.66,2.62,1.71,24.35
235,28.78,2.77,33.82,36.19,24.68,24.36,3.05,24.24,14.56,-1.67,2.49,-1.67,2.62,1.71,24.35
236,28.98,2.78,34.06,36.19,24.86,24.53,3.06,24.41,14.46,-1.7,2.49,-1.69,2.62,1.71,24.52
237,28.77,2.78,33.82,36.19,24.68,24.36,3.05,24.24,14.56,-1.67,2.49,-1.66,2.62,1.71,24.35
238,28.98,2.78,34.06,36.19,24.85,24.53,3.05,24.41,14.79,-1.7,2.49,-1.7,2.62,1.7,24.52
239,29.48,2.78,34.66,36.19,25.27,24.95,3.06,24.82,14.79,-1.78,2.49,-1.78,2.62,1.69,24.93
240,29.48,2.78,34.66,36.19,25.27,24.95,3.07,24.82,15.91,-1.77,2.49,-1.77,2.62,1.69,24.93
241,33.24,1.78,39.36,37.34,28.24,27.84,2.05,27.71,14.81,-3.59,1.47,-3.59,1.55,0.47,27.82
242,29.53,2.79,34.7,36.19,25.32,24.98,3.05,24.86,19.43,-1.78,2.49,-1.78,2.64,1.69,24.97
243,26.91,13.08,29.47,36.5,25.06,24.92,13.79,24.78,14.58,10.87,12.65,10.85,13.43,12.65,24.97
244,29.01,2.78,34.09,36.19,24.89,24.56,3.04,24.44,14.46,-1.7,2.49,-1.7,2.64,1.7,24.55
245,28.75,2.78,33.78,36.19,24.67,24.35,3.04,24.23,14.34,-1.65,2.49,-1.65,2.64,1.71,24.34
246,28.5,2.78,33.48,36.19,24.46,24.14,3.03,24.02,19.43,-1.61,2.49,-1.61,2.64,1.72,24.13
247,26.92,13.07,29.47,36.5,25.07,24.93,13.78,24.79,20.62,10.82,12.64,10.81,13.41,12.64,24.97
248,26.2,15.68,28.06,36.52,24.96,24.89,16.54,24.73,20.03,14.07,15.19,14.05,16.19,15.42,24.93
249,28.23,13.08,31.05,36.21,26.17,26.02,13.81,25.87,23.26,10.63,12.65,10.62,13.42,12.61,26.06
250,35.42,13.12,39.62,38.63,32.2,31.95,13.88,31.78,23.25,9.44,12.64,9.43,13.39,12.35,31.98
251,35.42,13.11,39.61,41.05,32.21,31.96,13.88,31.79,24.58,9.45,12.63,9.43,13.38,12.35,32.0
252,25.56,23.21,25.73,41.14,25.87,25.92,24.55,25.75,25.29,23.31,22.66,23.26,24.15,23.48,26.01
253,26.31,23.82,26.48,45.84,26.62,26.67,25.29,26.5,14.78,24.06,23.23,23.99,24.88,24.11,26.75
254,29.49,2.79,34.68,46.75,25.29,24.95,3.03,24.81,13.54,-1.82,2.49,-1.81,2.64,1.67,24.93
255,28.03,1.75,33.16,44.7,23.86,23.52,1.92,23.4,13.38,-2.81,1.48,-2.8,1.56,0.63,23.51
256,27.68,1.75,32.74,42.7,23.56,23.23,1.92,23.11,13.81,-2.75,1.48,-2.75,1.56,0.64,23.21
257,27.34,2.77,32.11,39.1,23.47,23.16,3.0,23.04,18.46,-1.46,2.5,-1.46,2.65,1.75,23.15
258,24.62,13.05,26.69,41.05,23.21,23.12,13.97,22.97,18.74,11.48,12.64,11.45,13.58,12.81,23.17
259,25.21,13.07,27.4,41.8,23.68,23.57,13.98,23.43,14.01,11.38,12.65,11.34,13.59,12.8,23.62
260,27.78,2.77,32.63,36.19,23.85,23.53,3.01,23.4,13.54,-1.53,2.49,-1.52,2.65,1.74,23.52
261,28.03,1.75,33.15,36.16,23.86,23.52,1.93,23.4,13.48,-2.81,1.48,-2.8,1.56,0.63,23.51
262,26.62,2.76,31.25,36.19,22.87,22.56,2.99,22.44,18.17,-1.34,2.5,-1.34,2.65,1.77,22.55
263,23.91,13.04,25.79,36.53,22.65,22.56,14.02,22.4,16.35,11.65,12.64,11.6,13.61,12.85,22.62
264,24.5,9.46,27.34,36.42,22.39,22.23,10.12,22.09,17.06,7.09,9.1,7.07,9.75,8.97,22.26
265,26.13,9.46,29.31,36.42,23.74,23.55,10.07,23.41,16.38,6.75,9.09,6.73,9.69,8.89,23.58
266,24.6,9.45,27.44,39.52,22.47,22.3,10.08,22.17,17.06,7.06,9.1,7.03,9.73,8.96,22.33
267,26.11,9.46,29.24,36.41,23.74,23.55,10.1,23.42,15.19,6.83,9.09,6.8,9.73,8.91,23.58
268,27.16,5.35,31.42,36.27,23.81,23.54,5.72,23.42,17.06,1.68,5.03,1.67,5.38,4.5,23.54
269,26.14,9.45,29.29,36.4,23.75,23.56,10.09,23.43,18.49,6.82,9.09,6.78,9.72,8.9,23.59
270,25.3,12.57,27.57,36.49,23.68,23.55,13.46,23.41,20.4,10.79,12.14,10.72,13.07,12.26,23.61
271,23.67,17.17,24.6,36.65,23.22,23.19,18.37,23.03,19.17,16.62,16.65,16.51,17.94,17.2,23.26
272,24.24,14.6,25.85,36.59,23.19,23.11,15.6,22.97,20.34,13.41,14.14,13.33,15.2,14.45,23.17
273,23.62,17.15,24.55,36.66,23.16,23.14,18.33,22.98,20.34,16.62,16.67,16.52,17.91,17.2,23.2
274,23.62,17.15,24.55,36.64,23.16,23.12,18.33,22.98,21.73,16.62,16.67,16.52,17.91,17.2,23.2
275,22.8,20.24,22.87,36.71,23.08,23.12,21.67,22.95,21.85,20.58,19.71,20.43,21.22,20.55,23.23
276,22.76,20.45,22.78,36.76,23.1,23.12,21.89,22.95,20.84,20.81,19.89,20.66,21.44,20.74,23.21
277,23.31,18.23,23.88,36.69,23.14,23.14,19.65,22.98,18.48,18.21,17.71,18.09,19.17,18.42,23.21
278,25.31,12.56,27.58,36.51,23.69,23.57,13.48,23.42,18.48,10.85,12.14,10.79,13.06,12.28,23.61
279,25.35,12.56,27.63,36.52,23.7,23.58,13.41,23.43,18.92,10.77,12.14,10.7,13.02,12.25,23.62
280,26.34,12.57,28.81,36.51,24.52,24.38,13.42,24.24,21.06,10.6,12.13,10.54,13.01,12.21,24.43
281,23.91,18.23,24.61,36.71,23.61,23.6,19.57,23.44,22.27,17.99,17.7,17.89,19.1,18.36,23.68
282,23.25,20.89,23.25,36.77,23.55,23.59,22.32,23.42,22.28,21.21,20.3,21.08,21.86,21.17,23.68
283,23.21,20.89,23.23,36.47,23.55,23.6,22.3,23.4,22.27,21.19,20.31,21.06,21.86,21.17,23.68
284,23.25,20.89,23.25,36.43,23.55,23.59,22.3,23.42,22.42,21.21,20.32,21.08,21.86,21.17,23.7
285,23.27,21.12,23.31,36.73,23.57,23.62,22.4,23.44,22.38,21.27,20.49,21.14,22.01,21.31,23.7
286,23.31,21.07,23.33,36.73,23.59,23.64,22.4,23.46,22.92,21.29,20.48,21.16,21.99,21.31,23.73
287,23.91,21.63,23.91,36.74,24.19,24.24,22.97,24.06,22.7,21.83,21.07,21.7,22.52,21.9,24.31
288,23.65,21.38,23.65,155.37,23.96,24.0,22.72,23.82,21.61,21.56,20.81,21.42,22.28,21.64,24.09
289,22.44,20.35,22.44,46.79,22.78,22.82,21.55,22.65,20.34,20.42,19.79,20.29,21.15,20.56,22.95
290,22.22,18.27,22.62,42.0,22.21,22.22,19.37,22.06,18.64,18.01,17.71,17.89,18.98,18.37,22.33
291,23.26,14.38,24.68,35.42,22.35,22.28,15.34,22.12,18.27,13.31,13.88,13.23,14.98,14.25,22.35
292,24.76,12.6,26.85,35.35,23.24,23.12,13.45,22.97,18.67,10.92,12.14,10.86,13.1,12.32,23.17
293,24.53,13.46,26.39,32.29,23.23,23.13,14.39,22.96,22.7,12.01,12.98,11.94,14.02,13.24,23.17
294,23.63,21.16,23.65,35.6,23.98,24.02,22.68,23.82,23.14,21.52,20.48,21.41,22.22,21.45,24.11
295,24.04,21.6,24.04,41.5,24.39,24.44,23.07,24.24,22.64,21.93,20.9,21.78,22.63,21.84,24.55
296,23.59,21.08,23.61,41.47,23.96,24.0,22.62,23.81,22.7,21.5,20.45,21.37,22.16,21.39,24.11
297,23.58,21.21,23.61,158.66,23.96,24.0,22.66,23.8,22.7,21.54,20.55,21.39,22.24,21.48,24.11
298,23.56,21.19,23.61,46.82,23.96,24.02,22.64,23.83,23.09,21.54,20.53,21.39,22.22,21.48,24.14
299,24.01,21.57,24.04,46.78,24.39,24.44,23.05,24.24,23.05,21.93,20.9,21.78,22.63,21.87,24.57
300,23.95,21.45,23.95,30.15,24.37,24.42,22.99,24.21,28.7,21.83,20.76,21.67,22.54,21.74,24.55
301,29.78,26.56,29.67,35.9,30.33,30.41,28.53,30.13,36.6,27.06,25.71,26.96,27.95,26.95,30.6
302,37.94,33.93,37.81,45.81,38.63,38.73,36.37,38.38,23.3,34.5,32.84,34.35,35.66,34.39,38.98
303,24.14,21.72,24.1,45.76,24.52,24.57,23.16,24.37,23.12,21.99,21.02,21.89,22.75,21.96,24.73
304,23.93,21.63,23.95,45.74,24.35,24.42,23.03,24.19,23.03,21.83,20.93,21.69,22.63,21.85,24.55
305,23.9,21.45,23.9,45.76,24.35,24.42,22.99,24.19,23.1,21.79,20.76,21.65,22.52,21.74,24.55
306,23.9,21.56,23.9,41.55,24.35,24.39,23.03,24.19,23.08,21.81,20.85,21.67,22.59,21.81,24.53
307,23.9,21.54,23.9,41.55,24.35,24.42,23.01,24.19,23.24,21.81,20.82,21.67,22.59,21.81,24.55
308,24.05,21.72,24.1,45.74,24.5,24.57,23.2,24.35,29.27,21.96,21.02,21.83,22.75,21.99,24.7
309,30.26,27.38,30.29,70.92,30.83,30.91,29.19,30.63,41.35,27.63,26.48,27.46,28.65,27.69,31.08
310,42.71,38.68,42.71,78.44,43.5,43.62,41.19,43.23,53.92,39.0,49.42,38.76,40.48,39.08,43.86
311,55.75,50.38,55.8,78.61,56.89,57.0,53.82,56.53,28.58,51.06,60.82,50.64,52.78,51.0,57.36
312,29.69,26.53,29.72,77.0,30.27,30.35,28.61,30.08,21.29,27.14,37.7,26.92,28.0,26.95,30.55
313,23.85,18.33,24.48,67.22,23.77,23.79,19.87,23.58,21.18,18.3,17.69,18.15,19.4,18.52,23.94
314,23.58,18.35,24.14,67.26,23.57,23.59,19.86,23.36,18.25,18.38,17.71,18.21,19.4,18.54,23.74
315,24.51,12.62,26.53,67.16,23.15,23.05,13.55,22.86,17.79,11.1,12.14,11.03,13.2,12.38,23.13
316,23.54,12.61,25.37,67.15,22.31,22.22,13.54,22.04,18.1,11.25,12.14,11.17,13.21,12.42,22.3
317,23.35,13.27,25.03,67.16,22.29,22.22,14.24,22.04,18.28,12.04,12.77,11.97,13.91,13.1,22.31
318,24.62,12.63,26.69,67.15,23.22,23.1,13.54,22.93,18.65,11.05,12.14,10.98,13.2,12.38,23.18
319,24.45,13.4,26.32,67.16,23.2,23.1,14.35,22.92,19.06,11.98,12.89,11.91,14.02,13.18,23.17
320,25.33,13.46,27.37,67.16,23.95,23.86,14.43,23.67,22.61,11.94,12.96,11.85,14.07,13.24,23.92
321,23.48,20.99,23.54,67.28,23.94,24.0,22.55,23.78,22.62,21.34,20.27,21.2,22.13,21.28,24.13
322,23.43,21.03,23.45,68.38,23.94,23.98,22.56,23.76,22.56,21.34,20.29,21.18,22.14,21.29,24.13
323,23.43,20.97,23.46,68.38,23.91,23.98,22.52,23.74,21.39,21.32,20.25,21.17,22.08,21.25,24.11
324,24.09,18.37,24.78,126.79,23.97,23.98,19.8,23.76,20.24,18.17,17.72,18.04,19.36,18.52,24.11
325,28.94,12.68,31.85,126.7,26.84,26.68,13.54,26.49,21.8,10.31,12.15,10.25,13.18,12.22,26.75
326,24.48,18.81,25.15,126.75,24.38,24.39,20.22,24.16,21.66,18.58,18.14,18.44,19.79,18.93,24.52
327,28.62,15.36,30.87,49.37,27.13,27.02,16.46,26.82,24.36,13.62,14.74,13.51,16.05,15.07,27.13
328,26.37,21.67,26.81,49.41,26.59,26.63,23.31,26.37,22.91,21.75,20.89,21.55,22.87,21.9,26.78
329,23.75,21.21,23.75,49.41,24.28,24.37,22.82,24.13,22.95,21.61,20.45,21.45,22.38,21.52,24.52
330,23.79,21.31,23.82,49.41,24.3,24.39,22.88,24.15,22.94,21.62,20.56,21.49,22.44,21.58,24.55
331,23.85,21.26,23.85,49.42,24.33,24.39,22.85,24.15,21.79,21.63,20.5,21.47,22.39,21.54,24.55
332,24.48,18.81,25.15,49.41,24.36,24.37,20.22,24.14,28.64,18.56,18.14,18.43,19.79,18.94,24.52
333,29.72,26.62,29.75,52.81,30.33,30.41,28.56,30.11,28.67,27.01,25.68,26.84,28.03,26.98,30.6
334,29.72,26.65,29.75,52.76,30.3,30.39,28.58,30.11,28.64,27.01,25.71,26.84,28.06,27.01,30.58
335,29.72,26.59,29.75,49.45,30.33,30.41,28.58,30.11,20.68,27.01,25.65,26.84,28.03,26.95,30.6
336,27.38,14.64,29.55,48.02,25.91,25.81,15.74,25.61,23.46,13.03,14.06,12.93,15.33,14.4,25.89
337,36.13,12.72,40.46,49.33,32.83,32.58,13.63,32.36,27.26,9.17,12.13,9.1,13.18,11.97,32.62
338,31.49,22.81,32.68,48.07,30.98,30.95,24.64,30.71,20.28,22.37,21.98,22.18,24.11,22.93,31.08
339,27.27,14.02,29.58,45.73,25.68,25.57,15.12,25.38,17.57,12.35,13.45,12.26,14.73,13.75,25.64
340,29.28,9.53,30.28,46.67,24.58,24.39,10.24,24.23,18.1,6.88,9.1,6.83,9.89,8.99,24.43
341,28.98,10.7,29.66,46.68,24.56,24.39,11.52,24.23,22.28,8.4,10.25,8.34,11.15,10.27,24.44
342,39.79,9.57,42.86,49.88,33.4,33.07,10.23,32.87,20.67,5.07,9.08,5.04,9.79,8.58,33.1
343,25.27,16.21,26.72,46.72,24.46,24.42,17.55,24.24,20.24,15.47,15.6,15.34,17.13,16.2,24.51
344,27.27,13.97,29.58,47.89,25.68,25.57,15.11,25.39,20.0,12.38,13.43,12.28,14.69,13.75,25.65
345,28.36,12.67,31.18,48.53,26.35,26.2,13.7,26.01,19.01,10.58,12.15,10.5,13.29,12.31,26.28
346,26.15,12.66,28.53,48.01,24.5,24.38,13.69,24.2,19.02,10.94,12.15,10.86,13.3,12.38,24.46
347,26.13,12.68,28.48,47.7,24.5,24.38,13.72,24.2,20.03,10.98,12.15,10.91,13.33,12.41,24.46
348,28.34,12.71,31.15,49.87,26.35,26.2,13.7,26.01,21.38,10.55,12.16,10.47,13.3,12.31,26.28
349,35.52,9.58,40.44,107.85,31.7,31.4,10.21,31.2,22.29,5.39,9.09,5.35,9.8,8.65,31.43
350,37.55,9.59,42.88,83.03,33.4,33.08,10.22,32.88,20.02,5.05,9.08,5.01,9.8,8.57,33.11
351,27.2,13.57,29.61,108.85,25.56,25.45,14.66,25.26,21.51,11.84,13.02,11.74,14.27,13.31,25.53
352,31.68,12.71,35.17,108.81,29.14,28.94,13.66,28.75,27.91,9.94,12.14,9.86,13.25,12.16,29.01
353,50.02,9.66,57.8,66.65,43.87,43.38,10.24,43.14,22.31,2.92,9.06,2.9,9.72,8.1,43.39
354,37.54,9.6,42.87,54.36,33.4,33.08,10.24,32.88,21.64,5.07,9.08,5.03,9.83,8.58,33.11
355,31.96,12.71,35.52,51.28,29.38,29.18,13.66,28.98,23.05,9.89,12.14,9.81,13.26,12.16,29.25
356,36.61,11.6,41.32,54.84,33.04,32.76,12.42,32.55,22.31,7.68,11.04,7.62,11.99,10.76,32.81
357,37.54,9.6,42.87,67.06,33.4,33.08,10.24,32.88,20.03,5.07,9.08,5.03,9.82,8.59,33.11
358,28.32,12.71,31.16,76.66,26.34,26.21,13.67,26.02,22.66,10.53,12.15,10.45,13.31,12.31,26.28
359,27.13,18.12,28.59,76.74,26.44,26.41,19.49,26.2,63.62,17.27,17.38,17.14,19.11,18.1,26.55
360,65.33,59.77,65.76,72.48,66.62,66.8,63.13,66.25,92.91,59.59,57.57,59.22,62.4,60.26,67.17
361,95.68,87.72,96.4,101.16,97.38,97.64,92.37,96.84,173.01,87.01,84.68,86.65,91.21,88.44,98.09
362,178.34,163.01,179.85,184.52,181.69,182.01,172.17,180.68,123.48,162.19,157.35,161.51,169.84,164.69,183.03
363,127.42,116.22,128.5,131.59,129.93,130.29,123.25,129.21,299.87,116.1,112.17,115.5,121.35,117.53,131.0
364,308.26,282.86,310.85,317.21,314.3,314.89,298.44,312.57,535.61,281.42,272.75,279.68,294.4,285.46,316.61
365,547.42,509.39,552.6,562.88,558.72,559.76,532.01,555.64,228.37,501.19,490.9,498.09,526.34,511.98,562.33
366,234.07,215.43,236.04,242.19,239.12,239.78,227.05,237.8,219.97,213.67,207.09,212.57,224.19,216.96,241.09
367,226.07,211.97,233.91,241.31,237.39,238.06,225.0,236.1,127.39,211.74,203.92,204.99,221.52,214.14,239.35
368,130.72,125.21,137.77,142.25,139.94,140.34,132.76,139.18,36.19,124.82,120.47,118.29,130.72,126.49,141.1
369,37.32,39.45,43.58,140.85,44.31,44.43,41.92,44.02,42.11,39.45,37.99,33.39,41.27,39.93,44.67
370,43.24,39.55,43.61,140.85,44.3,44.42,41.95,44.01,45.99,39.47,38.05,39.27,41.34,40.0,44.66
371,47.42,43.2,47.77,140.91,48.53,48.66,45.95,48.22,43.44,43.24,41.6,43.07,45.2,43.78,48.93
372,44.79,40.97,45.16,81.56,45.75,45.84,43.36,45.46,72.53,40.76,39.5,40.63,42.73,41.52,46.05
373,73.5,68.92,75.74,77.28,76.59,76.72,72.57,76.16,55.63,68.22,66.39,67.83,71.66,69.69,77.0
374,56.06,53.03,58.21,75.83,58.8,58.91,55.83,58.48,43.33,52.54,51.08,52.07,55.08,53.62,59.13
375,43.4,41.43,45.39,75.71,45.81,45.89,43.62,45.56,43.73,41.05,39.91,40.63,42.99,41.85,45.89
376,45.08,41.62,45.5,75.71,45.88,45.92,43.73,45.63,43.73,41.2,40.1,40.98,43.18,42.0,45.92
377,45.08,41.62,45.5,75.71,45.88,45.92,43.73,45.63,134.24,41.24,40.1,40.98,43.18,42.0,46.01
378,138.39,127.37,139.82,142.54,140.85,141.12,134.11,140.34,134.35,126.72,122.69,125.93,132.29,128.53,141.38
379,138.64,127.48,140.06,142.54,141.1,141.36,134.23,140.46,72.86,126.69,122.67,125.92,132.27,128.64,141.75
380,75.11,69.2,75.82,77.15,76.38,76.52,72.72,76.1,43.75,68.71,66.67,68.29,71.73,69.84,76.73
381,45.15,41.55,45.57,83.79,45.95,46.03,43.71,45.74,43.71,41.3,40.03,41.05,43.08,41.98,46.16
382,45.11,41.52,45.53,140.46,45.95,46.04,43.67,45.74,43.72,41.27,40.04,41.01,43.04,41.94,46.17
383,45.07,41.7,45.49,140.62,45.91,46.0,43.59,45.7,551.12,41.02,40.22,40.85,43.0,42.03,46.17
384,567.03,525.67,571.3,585.1,578.72,579.8,548.5,575.52,42.88,515.61,506.6,513.46,542.11,529.4,581.9
385,44.83,40.26,44.79,140.53,45.37,45.49,42.84,45.16,41.13,40.31,38.77,40.18,42.13,40.85,45.66
386,43.01,38.63,42.96,115.57,43.52,43.59,41.05,43.27,40.56,38.55,37.19,38.46,40.41,39.18,43.79
387,42.38,38.17,42.32,109.03,42.87,42.99,40.4,42.67,28.72,37.93,36.76,37.86,39.85,38.64,43.18
388,29.72,27.06,29.91,74.26,30.33,30.39,28.56,30.16,25.76,26.76,26.07,26.76,28.2,27.37,30.55
389,26.63,24.3,26.8,74.23,27.15,27.22,25.56,27.02,66.03,23.97,23.38,23.95,25.29,24.54,27.35
390,68.19,62.29,68.7,76.63,69.66,69.85,65.59,69.28,28.81,61.46,60.0,61.46,64.83,62.98,70.23
391,29.67,27.26,29.89,74.28,30.3,30.39,28.56,30.16,20.6,26.76,26.23,26.73,28.28,27.48,30.55
392,21.21,19.45,21.33,72.94,21.68,21.74,20.42,21.56,67.03,19.09,18.72,19.09,20.2,19.61,21.84
393,69.09,63.18,69.48,74.56,70.64,70.83,66.45,70.25,25.14,62.08,60.79,62.15,65.75,63.75,71.41
394,25.89,23.69,26.03,74.22,26.52,26.59,24.92,26.37,22.56,23.26,22.82,23.28,24.66,23.93,26.81
395,23.17,21.35,23.3,74.2,23.73,23.79,22.35,23.58,23.13,20.81,20.53,20.85,22.15,21.5,23.95
396,23.81,21.82,23.93,50.86,24.37,24.43,22.95,24.21,26.22,21.37,20.99,21.44,22.7,21.99,24.57
397,27.95,24.6,27.28,50.92,27.71,27.79,26.12,27.54,23.1,24.35,23.67,24.43,25.74,24.88,27.94
398,24.67,21.76,24.04,50.89,24.37,24.44,22.99,24.23,23.23,21.48,20.96,21.52,22.68,21.99,24.59
399,24.82,21.91,24.17,50.88,24.53,24.6,23.12,24.39,28.81,21.61,21.14,21.66,22.8,22.17,24.75
400,31.22,27.17,29.89,50.94,30.33,30.41,28.58,30.13,26.24,26.7,26.15,26.76,28.25,27.4,30.58
401,28.61,24.78,27.23,50.94,27.66,27.73,26.02,27.48,26.57,24.4,23.87,24.4,25.77,24.98,27.88
402,28.94,25.03,27.56,50.92,28.0,28.07,26.36,27.82,41.55,24.7,24.11,24.7,26.05,25.26,28.25
403,42.87,39.19,43.11,51.12,43.79,43.95,41.23,43.51,41.84,38.67,37.72,38.64,40.75,39.52,44.23
404,43.0,39.63,43.28,51.12,43.92,44.04,41.44,43.64,112.18,38.86,38.1,38.83,41.07,39.83,44.37
405,115.08,106.91,115.95,119.18,117.45,117.77,111.1,116.8,28.8,104.21,102.92,104.11,110.24,107.23,118.42
406,29.66,27.14,29.86,50.94,30.33,30.41,28.58,30.13,25.31,26.81,26.15,26.78,28.28,27.39,30.6
407,26.11,23.8,26.28,50.91,26.7,26.77,25.14,26.53,22.1,23.55,22.94,23.55,24.84,24.07,26.94
408,24.44,19.42,25.1,135.85,24.46,24.5,20.7,24.27,19.55,18.96,18.72,18.96,20.39,19.6,24.64
409,25.9,13.81,28.02,83.23,24.57,24.49,14.75,24.28,19.5,12.06,13.27,12.07,14.45,13.59,24.59
410,25.09,14.36,26.94,83.22,24.01,23.95,15.28,23.73,22.02,12.76,13.8,12.79,14.99,14.18,24.06
411,24.3,19.4,24.93,75.45,24.33,24.37,20.59,24.12,20.6,18.84,18.72,18.88,20.33,19.55,24.53
412,25.18,16.28,26.66,75.41,24.41,24.39,17.21,24.15,21.84,14.89,15.66,14.96,16.97,16.16,24.49
413,22.51,20.48,22.6,75.45,23.0,23.08,21.53,22.85,21.35,20.17,19.73,20.23,21.38,20.65,23.25
414,22.76,19.43,23.07,75.46,23.02,23.08,20.52,22.83,21.76,19.05,18.74,19.11,20.33,19.61,23.24
415,22.49,20.36,22.56,50.87,23.0,23.08,21.51,22.85,21.78,20.15,19.63,20.21,21.3,20.59,23.25
416,22.47,20.34,22.52,50.87,23.0,23.08,21.49,22.83,20.93,20.11,19.59,20.19,21.32,20.55,23.25
417,21.62,19.54,21.68,50.86,22.12,22.2,20.67,21.96,20.1,19.38,18.82,19.44,20.49,19.77,22.36
418,20.8,18.74,20.86,50.85,21.24,21.32,19.89,21.09,20.5,18.67,18.07,18.73,19.69,18.98,21.47
419,21.31,19.01,21.35,50.86,21.79,21.85,20.36,21.63,20.87,19.13,18.36,19.19,20.1,19.35,22.0
420,21.69,19.39,21.75,50.86,22.16,22.22,20.76,22.0,25.53,19.55,18.72,19.59,20.48,19.73,22.38
421,26.56,23.69,26.61,75.61,27.06,27.13,25.4,26.86,28.66,24.01,22.85,24.04,25.08,24.09,27.28
422,29.75,26.64,29.83,75.64,30.33,30.41,28.5,30.14,25.5,26.89,25.67,26.92,28.17,27.03,30.58
423,26.44,23.7,26.51,83.65,26.96,27.03,25.33,26.76,22.99,23.87,22.81,23.92,25.03,24.05,27.18
424,23.88,21.3,23.95,83.6,24.32,24.39,22.86,24.17,22.97,21.56,20.5,21.59,22.57,21.63,24.55
425,23.86,21.26,23.9,83.58,24.32,24.39,22.81,24.17,19.01,21.59,20.43,21.57,22.52,21.59,24.55
426,26.19,12.68,28.59,72.82,24.51,24.4,13.61,24.2,19.05,10.8,12.15,10.77,13.29,12.36,24.47
427,27.8,12.67,28.76,72.81,24.62,24.5,13.57,24.31,19.05,10.75,12.15,10.72,13.26,12.35,24.58
428,27.8,12.67,28.76,72.81,24.62,24.5,13.57,24.31,19.05,10.75,12.15,10.72,13.26,12.35,24.58
429,27.8,12.67,28.76,72.81,24.62,24.5,13.57,24.31,12.16,10.75,12.15,10.72,13.26,12.35,24.58
430,30.14,-2.26,36.61,76.62,24.8,24.36,-2.4,24.23,17.57,-8.07,-2.4,-8.05,-2.74,-3.73,24.3
431,27.03,9.55,30.29,76.73,24.57,24.39,10.2,24.21,19.0,6.79,9.09,6.77,9.89,8.95,24.43
432,26.21,12.67,28.61,72.79,24.5,24.38,13.55,24.2,20.66,10.73,12.15,10.7,13.23,12.32,24.46
433,26.11,16.32,26.68,50.84,24.4,24.38,17.44,24.17,12.55,15.33,15.68,15.29,17.14,16.22,24.47
434,31.76,-2.22,37.5,50.54,25.48,25.03,-2.25,24.88,18.7,-8.08,-2.37,-8.07,-2.68,-3.7,24.97
435,42.86,-0.11,50.32,50.55,35.18,34.63,0.01,34.42,27.72,-7.52,-0.38,-7.49,-0.57,-1.94,34.58
436,64.59,2.89,69.19,50.56,49.44,48.73,3.24,48.42,28.17,-6.76,2.4,-6.74,2.47,0.52,48.69
437,65.48,2.95,70.23,50.56,50.22,49.5,3.37,49.17,19.98,-6.76,2.45,-6.74,2.56,0.57,49.45
438,46.7,3.34,47.65,53.84,34.54,34.08,3.71,33.85,19.91,-3.0,2.98,-3.0,3.16,1.81,34.05
439,45.58,3.34,47.46,49.88,34.41,33.94,3.7,33.72,15.04,-2.99,2.98,-2.98,3.15,1.81,33.92
440,34.78,3.28,34.53,49.87,25.33,25.01,3.58,24.84,18.67,-1.19,3.0,-1.19,3.18,2.21,24.99
441,47.35,-0.18,50.36,47.89,35.18,34.63,-0.02,34.42,20.76,-7.54,-0.47,-7.53,-0.6,-2.0,34.58
442,46.46,3.35,49.73,45.66,36.01,35.51,3.72,35.28,23.57,-3.3,2.97,-3.3,3.14,1.74,35.49
443,52.68,3.39,57.18,45.67,41.23,40.66,3.79,40.39,24.38,-4.33,2.96,-4.33,3.13,1.51,40.62
444,54.52,3.4,59.39,53.84,42.76,42.17,3.77,41.89,28.31,-4.7,2.96,-4.68,3.1,1.43,42.13
445,58.93,3.45,69.83,49.3,50.08,49.37,3.86,49.05,14.7,-6.19,2.93,-6.15,3.07,1.11,49.32
446,28.68,3.28,33.62,45.67,24.69,24.37,3.59,24.21,14.7,-1.07,3.0,-1.06,3.15,2.24,24.36
447,28.68,3.28,33.62,47.92,24.69,24.37,3.58,24.21,14.33,-1.07,3.0,-1.06,3.15,2.24,24.36
448,27.87,3.28,32.66,47.93,24.01,23.71,3.58,23.54,14.01,-0.93,3.0,-0.93,3.15,2.27,23.7
449,27.15,3.27,31.79,45.67,23.4,23.11,3.57,22.95,12.58,-0.81,3.0,-0.81,3.16,2.29,23.1
450,23.98,3.25,28.0,45.67,20.75,20.49,3.54,20.35,16.33,-0.28,3.01,-0.27,3.18,2.41,20.49
451,28.88,9.31,27.36,45.68,22.44,22.29,9.98,22.11,11.69,6.98,8.96,6.96,9.61,8.85,22.34
452,26.29,3.24,25.63,18.85,19.08,18.85,3.52,18.72,11.54,0.06,3.01,0.06,3.19,2.49,18.85
453,25.96,3.24,25.23,18.58,18.81,18.58,3.52,18.45,11.51,0.12,3.01,0.12,3.19,2.5,18.58
454,12.38,10.37,12.49,12.58,12.46,12.49,11.1,12.37,12.23,10.45,10.11,10.42,10.91,10.51,12.57
455,13.99,10.39,14.42,13.9,13.81,13.82,11.11,13.69,9.86,10.16,10.11,10.14,10.89,10.45,13.9
456,16.63,4.24,18.98,14.66,14.78,14.64,4.55,14.53,20.6,2.21,4.03,2.2,4.3,3.78,14.65
457,25.21,19.37,21.38,21.86,21.62,21.68,20.4,21.5,14.76,19.45,18.87,19.41,20.14,19.59,21.8
458,22.2,11.45,19.49,17.64,17.6,17.56,12.16,17.41,15.13,10.62,11.11,10.59,11.91,11.36,17.63
459,22.96,11.46,20.38,18.3,18.29,18.23,12.27,18.09,14.13,10.65,11.12,10.59,11.98,11.39,18.3
460,18.26,10.42,19.57,17.36,17.35,17.3,11.13,17.16,14.1,9.48,10.11,9.45,10.84,10.31,17.37
461,26.03,4.3,30.23,22.41,22.68,22.41,4.63,22.26,15.23,0.64,4.02,0.63,4.24,3.44,22.41
462,20.73,10.43,22.55,19.38,19.41,19.31,11.11,19.17,16.89,9.03,10.09,8.98,10.8,10.19,19.38
463,24.41,10.46,26.95,22.42,22.51,22.37,11.18,22.2,17.6,8.45,10.1,8.4,10.8,10.08,22.42
464,26.03,10.47,28.89,23.73,23.85,23.7,11.17,23.52,16.92,8.15,10.12,8.11,10.78,10.01,23.74
465,24.5,10.46,27.07,22.48,22.58,22.44,11.16,22.28,10.54,8.42,10.12,8.37,10.79,10.08,22.49
466,27.01,-2.74,32.94,21.68,22.13,21.72,-2.9,21.59,7.29,-8.18,-2.95,-8.14,-3.25,-4.14,21.67
467,20.76,-3.53,25.63,16.37,16.74,16.4,-3.67,16.31,18.24,-7.94,-3.68,-7.9,-3.96,-4.66,16.35
468,18.98,17.15,19.0,19.36,19.23,19.29,18.15,19.13,23.05,17.42,16.74,17.35,17.85,17.38,19.41
469,23.95,21.7,23.99,24.4,24.24,24.31,22.96,24.1,18.23,22.06,21.18,21.97,22.6,21.97,24.42
470,19.0,17.04,19.04,19.39,19.25,19.3,18.18,19.14,17.85,17.45,16.62,17.4,17.86,17.31,19.41
471,18.61,16.59,18.63,19.01,18.86,18.89,17.8,18.74,17.21,17.08,16.16,17.03,17.46,16.87,19.01
472,17.95,16.05,17.97,18.35,18.17,18.22,17.16,18.07,17.05,16.45,15.66,16.42,16.84,16.32,18.32
473,17.79,15.92,17.82,18.17,17.99,18.04,16.99,17.89,16.69,16.3,15.55,16.25,16.69,16.19,18.15
474,18.68,14.54,19.17,18.61,18.5,18.51,15.54,18.35,17.88,14.47,14.17,14.45,15.25,14.67,18.6
475,23.98,12.52,25.97,22.48,22.51,22.42,13.34,22.25,16.18,10.98,12.14,10.98,12.97,12.27,22.49
476,20.22,12.5,21.5,19.39,19.36,19.32,13.28,19.17,17.65,11.57,12.13,11.57,12.97,12.39,19.39
477,23.45,12.51,25.35,22.06,22.07,21.99,13.31,21.82,17.93,11.0,12.13,11.02,12.95,12.26,22.06
478,26.76,10.48,29.79,24.3,24.43,24.27,11.09,24.09,15.1,7.88,10.11,7.89,10.69,9.95,24.3
479,28.25,4.31,32.9,24.25,24.53,24.25,4.62,24.08,23.13,0.26,4.02,0.26,4.18,3.36,24.24
480,24.06,21.78,24.13,24.42,24.28,24.33,23.0,24.15,19.83,21.96,21.24,22.01,22.68,22.03,24.44
481,29.68,11.53,33.04,26.93,27.08,26.89,12.29,26.7,19.18,8.77,11.13,8.78,11.82,10.98,26.93
482,28.22,11.52,31.29,25.75,25.87,25.7,12.27,25.52,17.63,9.03,11.13,9.05,11.84,11.03,25.74
483,23.45,12.5,25.34,22.08,22.09,21.99,13.36,21.83,17.17,11.14,12.13,11.16,13.0,12.29,22.06
484,23.68,11.48,25.83,22.08,22.1,21.98,12.28,21.83,15.68,9.87,11.14,9.89,11.92,11.22,22.04
485,20.44,11.43,21.97,19.39,19.36,19.29,12.17,19.15,15.24,10.32,11.1,10.33,11.87,11.27,19.36
486,20.74,10.42,22.56,19.4,19.4,19.31,11.1,19.17,16.92,9.02,10.11,9.04,10.79,10.19,19.37
487,24.47,10.47,27.01,22.46,22.54,22.39,11.15,22.23,15.24,8.43,10.13,8.44,10.78,10.08,22.44
488,20.76,10.42,22.58,19.4,19.41,19.31,11.09,19.18,14.81,9.0,10.12,9.03,10.79,10.19,19.37
489,27.6,4.31,32.1,23.71,23.99,23.71,4.59,23.54,15.23,0.37,4.02,0.37,4.18,3.38,23.7
490,20.77,10.42,22.6,19.39,19.41,19.31,11.06,19.18,16.08,8.98,10.11,9.0,10.77,10.18,19.37
491,22.63,10.45,24.8,20.92,20.98,20.86,11.12,20.71,12.42,8.7,10.13,8.73,10.79,10.14,20.91
492,22.3,4.27,25.77,19.33,19.54,19.32,4.56,19.19,13.88,1.27,4.03,1.27,4.22,3.58,19.32
493,25.54,4.3,29.64,22.01,22.26,22.0,4.58,21.85,12.09,0.72,4.02,0.73,4.2,3.46,22.0
494,21.56,4.27,24.89,18.72,18.91,18.71,4.59,18.58,11.84,1.4,4.03,1.4,4.23,3.61,18.71
495,21.03,4.26,24.25,18.28,18.46,18.27,4.59,18.14,11.85,1.49,4.03,1.5,4.24,3.63,18.27
496,21.03,4.26,24.25,18.28,18.46,18.27,4.59,18.14,14.17,1.49,4.03,1.49,4.24,3.63,18.27
497,18.26,10.44,19.56,17.37,17.33,17.28,11.23,17.15,11.61,9.59,10.14,9.61,10.91,10.34,17.34
498,20.5,4.26,23.61,17.84,18.02,17.83,4.59,17.71,10.31,1.59,4.03,1.59,4.25,3.65,17.83
499,17.62,4.24,20.18,15.47,15.6,15.45,4.57,15.34,10.31,2.07,4.04,2.08,4.27,3.75,15.46
500,17.62,4.24,20.17,15.47,15.6,15.45,4.56,15.34,10.31,2.07,4.04,2.08,4.27,3.75,15.46
501,17.62,4.24,20.17,15.47,15.6,15.45,4.56,15.34,10.31,2.07,4.04,2.07,4.27,3.75,15.46
502,17.62,4.24,20.18,15.47,15.6,15.45,4.56,15.34,10.31,2.07,4.04,2.08,4.27,3.75,15.46
503,17.62,4.24,20.17,15.46,15.6,15.44,4.56,15.34,11.61,2.06,4.03,2.07,4.26,3.74,15.46
504,20.5,4.26,23.61,17.84,18.02,17.83,4.59,17.71,10.31,1.58,4.03,1.59,4.25,3.65,17.83
505,17.62,4.24,20.17,15.46,15.6,15.45,4.57,15.34,10.31,2.07,4.03,2.07,4.27,3.75,15.45
506,17.62,4.24,20.16,15.47,15.61,15.45,4.54,15.34,11.61,2.07,4.04,2.08,4.29,3.75,15.46
507,20.5,4.26,23.6,17.84,18.02,17.83,4.55,17.71,11.97,1.57,4.03,1.58,4.26,3.65,17.83
508,21.3,4.27,24.57,18.5,18.69,18.49,4.55,18.37,11.97,1.43,4.03,1.44,4.26,3.61,18.5
509,21.3,4.27,24.56,18.5,18.69,18.49,4.55,18.36,11.73,1.44,4.03,1.44,4.26,3.61,18.49
510,20.77,4.26,23.92,18.06,18.25,18.05,4.55,17.93,11.61,1.53,4.03,1.53,4.26,3.63,18.05
511,20.5,4.26,23.6,17.84,18.02,17.83,4.55,17.71,11.73,1.58,4.03,1.58,4.27,3.65,17.83
512,20.76,4.26,23.92,18.06,18.24,18.05,4.56,17.92,14.41,1.53,4.03,1.54,4.26,3.64,18.05
513,18.91,10.39,20.35,17.89,17.88,17.8,11.14,17.68,13.88,9.38,10.09,9.4,10.84,10.26,17.86
514,25.54,4.29,29.63,22.01,22.26,22.0,4.59,21.86,14.54,0.72,4.02,0.73,4.23,3.46,22.0
515,19.16,10.4,20.64,18.1,18.09,18.01,11.16,17.89,14.88,9.37,10.1,9.38,10.86,10.26,18.08
516,18.65,11.41,19.82,17.9,17.84,17.8,12.2,17.66,17.16,10.65,11.11,10.65,11.91,11.35,17.86
517,23.75,11.46,25.94,22.08,22.11,21.99,12.2,21.84,11.66,9.73,11.14,9.73,11.85,11.17,22.04
518,29.23,-2.52,35.52,23.6,24.09,23.67,-2.62,23.52,15.1,-8.15,-2.75,-8.15,-3.02,-3.93,23.63
519,28.25,4.31,32.88,24.25,24.54,24.25,4.6,24.09,15.1,0.26,4.02,0.26,4.2,3.36,24.24
520,28.25,4.31,32.88,24.25,24.54,24.25,4.6,24.09,15.46,0.26,4.02,0.26,4.2,3.36,24.24
521,29.05,4.32,33.83,24.9,25.21,24.9,4.61,24.74,17.64,0.13,4.02,0.13,4.19,3.33,24.9
522,26.06,10.46,28.9,23.74,23.86,23.7,11.22,23.54,14.81,8.22,10.13,8.21,10.8,10.03,23.73
523,27.6,4.31,32.1,23.71,23.99,23.7,4.6,23.55,16.96,0.37,4.02,0.37,4.2,3.39,23.7
524,24.52,10.45,27.07,22.51,22.58,22.45,11.22,22.3,15.68,8.5,10.13,8.48,10.81,10.09,22.49
525,20.45,11.41,21.98,19.38,19.35,19.28,12.27,19.14,17.37,10.44,11.1,10.4,11.9,11.3,19.34
526,24.14,11.47,26.38,22.45,22.47,22.35,12.36,22.19,17.63,9.9,11.15,9.87,11.93,11.23,22.41
527,23.45,12.47,25.32,22.41,22.08,21.99,13.46,21.84,16.12,11.3,12.14,11.24,13.02,12.33,22.06
528,20.17,12.41,21.43,19.4,19.32,19.28,13.37,19.14,16.12,11.78,12.11,11.72,12.99,12.41,19.35
529,20.17,12.41,21.42,22.41,19.32,19.28,13.36,19.14,17.34,11.74,12.12,11.68,12.97,12.41,19.35
530,24.15,11.45,26.42,22.45,22.46,22.35,12.25,22.19,17.64,9.78,11.14,9.74,11.84,11.18,22.4
531,23.49,12.48,25.4,22.12,22.1,22.0,13.34,21.85,18.89,11.16,12.13,11.09,12.95,12.3,22.06
532,26.25,12.51,28.71,24.37,24.4,24.28,13.39,24.11,18.89,10.73,12.15,10.67,12.95,12.23,24.33
533,26.25,12.51,28.72,24.35,24.4,24.28,13.4,24.11,18.87,10.75,12.15,10.68,12.97,12.23,24.33
534,26.24,12.5,28.71,24.35,24.4,24.28,13.4,24.11,18.88,10.75,12.15,10.68,12.96,12.23,24.33
535,26.2,12.51,28.65,24.35,24.39,24.27,13.47,24.1,22.49,10.82,12.15,10.76,13.02,12.26,24.32
536,23.53,20.82,23.63,24.01,23.79,23.83,22.61,23.68,20.55,21.74,20.36,21.58,22.03,21.3,23.94
537,24.65,16.59,25.88,23.97,23.89,23.85,18.0,23.7,20.76,16.29,16.17,16.16,17.48,16.73,23.95
538,25.23,16.58,26.6,24.4,24.36,24.31,17.95,24.15,22.66,16.15,16.17,16.02,17.43,16.7,24.39
539,24.18,20.69,24.42,24.46,24.27,24.31,22.48,24.15,17.1,21.55,20.22,21.38,21.93,21.18,24.41
540,19.61,14.5,20.24,19.36,19.28,19.27,15.69,19.13,17.3,14.53,14.16,14.42,15.27,14.7,19.36
541,20.09,14.5,20.85,19.78,19.68,19.67,15.62,19.52,18.76,14.35,14.16,14.22,15.2,14.65,19.75
542,23.31,14.54,24.7,22.42,22.39,22.34,15.69,22.18,18.65,13.86,14.17,13.72,15.23,14.55,22.41
543,20.42,16.57,20.79,20.51,20.36,20.39,17.94,20.24,18.97,16.95,16.19,16.78,17.47,16.86,20.48
544,23.75,14.54,25.24,22.79,22.75,22.7,15.69,22.56,20.08,13.82,14.16,13.66,15.24,14.53,22.77
545,20.95,18.65,21.0,21.39,21.22,21.27,20.18,21.12,20.04,19.39,18.24,19.17,19.71,19.06,21.37
546,20.9,18.61,20.94,21.34,21.18,21.24,20.18,21.08,20.69,19.39,18.22,19.2,19.69,19.04,21.34
547,22.29,18.66,22.6,22.48,22.34,22.36,20.29,22.21,21.46,19.28,18.21,19.06,19.74,19.04,22.46
548,22.38,19.9,22.45,22.8,22.66,22.72,21.63,22.55,21.44,20.79,19.46,20.54,21.08,20.37,22.83
549,22.38,19.9,22.43,22.74,22.66,22.7,21.63,22.55,21.46,20.79,19.46,20.56,21.08,20.39,22.8
550,22.38,19.95,22.43,22.76,22.66,22.72,21.63,22.55,20.82,20.77,21.4,20.54,21.1,20.39,22.83
551,21.7,19.36,21.72,22.04,21.96,22.02,20.94,21.86,19.95,20.11,20.82,19.88,20.43,19.76,22.12
552,20.74,18.68,20.78,21.02,21.0,21.06,19.98,20.91,19.95,19.08,20.13,18.91,19.55,18.99,21.16
553,20.75,18.68,20.8,21.02,21.01,21.04,19.81,20.89,19.94,18.83,18.21,18.68,19.44,18.92,21.16
554,20.67,18.68,20.69,21.0,20.96,21.02,19.94,20.87,20.04,19.03,18.23,18.87,19.55,18.99,21.14
555,20.8,18.81,20.82,21.05,21.07,21.11,20.06,20.97,21.59,19.18,18.34,18.99,19.67,19.12,21.23
556,22.37,20.29,22.41,22.6,22.64,22.7,21.57,22.53,22.52,20.63,19.77,20.42,21.17,20.58,22.81
557,23.35,21.14,23.42,23.59,23.66,23.72,22.52,23.55,22.67,21.53,20.57,21.32,22.1,21.45,23.83
558,23.48,21.32,23.55,23.7,23.79,23.86,22.65,23.68,23.1,21.65,20.78,21.43,22.25,21.63,23.97
559,23.95,21.77,24.01,24.2,24.26,24.31,23.07,24.15,23.12,22.06,21.21,21.86,22.69,22.08,24.42
560,23.95,21.75,23.97,24.2,24.26,24.33,23.07,24.15,23.1,22.08,21.17,21.86,22.69,22.06,24.42
561,23.93,21.75,23.95,24.17,24.26,24.31,23.03,24.15,23.07,22.04,21.17,21.84,22.67,22.04,24.42
562,23.93,21.73,23.93,24.2,24.24,24.31,23.01,24.13,23.31,22.04,21.13,21.82,22.63,22.0,24.42
563,24.14,21.88,24.14,24.41,24.48,24.55,23.21,24.37,22.25,22.24,21.27,22.02,22.85,22.17,24.66
564,23.05,20.89,23.03,23.35,23.4,23.46,22.17,23.29,21.47,21.24,20.31,21.02,21.82,21.17,23.59
565,22.28,20.05,22.26,22.66,22.66,22.72,21.41,22.53,20.58,20.51,19.49,20.3,21.05,20.39,22.85
566,21.28,19.31,21.24,21.68,21.64,21.7,20.46,21.54,20.64,19.55,18.75,19.35,20.15,19.55,21.82
567,22.18,18.75,22.41,22.32,22.29,22.3,19.82,22.13,22.34,18.68,18.21,18.53,19.5,18.95,22.42
568,23.09,21.09,23.07,23.4,23.42,23.48,22.19,23.31,21.68,21.17,20.46,20.98,21.89,21.28,23.59
569,22.41,20.46,22.41,22.66,22.72,22.79,21.53,22.62,21.68,20.55,19.85,20.36,21.24,20.67,22.89
570,22.43,20.42,22.43,22.66,22.75,22.81,21.53,22.64,21.7,20.53,19.81,20.34,21.24,20.63,22.91
571,22.45,20.54,22.43,22.62,22.75,22.81,21.59,22.64,20.66,20.58,19.96,20.4,21.28,20.75,22.91
572,21.36,19.56,21.36,21.52,21.66,21.7,20.58,21.56,20.66,19.58,18.99,19.41,20.24,19.74,21.8
573,21.38,19.56,21.38,21.54,21.68,21.72,20.58,21.58,22.13,19.58,18.99,19.41,20.24,19.73,21.82
574,22.88,20.94,22.88,22.99,23.18,23.25,22.03,23.08,22.11,20.96,21.54,20.77,21.67,21.11,23.35
575,22.89,20.88,22.86,22.95,23.18,23.23,22.01,23.08,21.1,20.9,21.5,20.73,21.65,21.07,23.35
576,21.85,19.88,21.85,22.06,22.14,22.2,21.02,22.03,20.51,19.95,20.52,19.79,20.67,20.08,22.32
577,21.32,19.28,21.32,21.62,21.64,21.7,20.47,21.52,20.51,19.44,18.74,19.32,20.09,19.55,21.82
578,21.32,19.28,21.3,21.68,21.64,21.68,20.43,21.52,20.6,19.42,18.74,19.32,20.05,19.58,21.82
579,21.34,19.47,21.32,21.76,21.64,21.68,20.45,21.52,20.69,19.45,18.87,19.35,20.15,19.67,21.82
580,21.32,19.65,21.3,21.82,21.64,21.68,20.45,21.52,22.12,19.39,19.06,19.29,20.21,19.77,21.82
581,22.82,20.99,22.82,23.38,23.16,23.21,21.88,23.04,22.38,20.74,20.35,20.65,21.63,21.14,23.35
582,23.1,21.29,23.07,23.68,23.44,23.48,22.15,23.29,22.34,20.98,20.62,20.9,21.89,21.41,23.59
583,23.07,21.22,23.07,34.53,23.42,23.46,22.12,23.29,23.08,20.98,20.6,20.88,21.85,21.39,23.59
584,23.83,21.9,23.81,34.95,24.17,24.21,22.88,24.03,23.17,21.66,21.23,21.54,22.54,22.06,24.34
585,23.93,22.03,23.93,34.95,24.26,24.31,22.99,24.13,23.17,21.74,21.38,21.65,22.68,22.19,24.42
586,23.95,22.03,23.95,34.97,24.28,24.31,23.01,24.15,23.19,21.78,21.4,21.67,22.68,22.21,24.44
587,23.93,22.07,23.95,34.95,24.28,24.31,23.01,24.15,23.06,21.76,21.43,21.67,22.7,22.23,24.44
588,23.91,21.77,23.88,34.95,24.26,24.31,22.93,24.13,20.31,21.64,21.13,21.59,22.55,22.02,24.44
589,24.13,16.72,25.24,35.03,23.5,23.46,17.6,23.3,21.27,15.67,16.16,15.65,17.28,16.68,23.56
590,23.63,18.8,24.18,35.08,23.44,23.46,19.73,23.28,22.85,18.1,18.21,18.08,19.45,18.87,23.59
591,23.6,21.71,23.6,35.15,23.93,23.97,22.63,23.77,22.79,21.33,21.03,21.29,22.37,21.86,24.11
592,23.58,21.52,23.56,35.13,23.91,23.97,22.57,23.78,23.02,21.23,20.84,21.23,22.26,21.71,24.11
593,23.81,21.64,23.79,35.13,24.17,24.21,22.77,24.01,22.77,21.4,20.94,21.4,22.46,21.87,24.36
594,23.58,21.45,23.56,35.13,23.93,23.97,22.55,23.78,22.3,21.17,20.77,21.19,22.24,21.67,24.11
595,23.07,21.04,23.05,35.16,23.42,23.46,22.07,23.27,22.83,20.69,20.35,20.74,21.77,21.21,23.61
596,23.58,21.56,23.56,35.47,23.91,23.97,22.57,23.75,23.25,21.21,20.84,21.21,22.31,21.74,24.11
597,23.94,22.0,23.96,35.8,24.3,24.34,22.96,24.14,24.18,21.58,21.26,21.58,22.72,22.13,24.48
598,24.85,22.85,24.77,38.2,25.18,25.25,23.82,25.02,24.37,22.32,22.06,22.41,23.56,22.97,25.39
599,25.09,22.98,25.0,37.68,25.42,25.47,24.03,25.26,23.14,22.51,22.18,22.6,23.74,23.12,25.61
600,24.04,21.72,23.97,36.05,24.26,24.31,22.97,24.11,8.32,21.57,21.01,21.63,22.59,21.97,24.46
601,24.63,-4.7,30.55,35.34,19.72,19.32,-5.5,19.32,17.96,-9.95,-4.77,-9.95,-5.45,-6.12,19.22
602,25.07,11.86,27.39,35.29,23.36,23.24,12.41,23.09,18.12,9.79,11.43,9.8,12.17,11.54,23.32
603,22.63,14.06,23.99,34.09,21.74,21.67,14.72,21.51,18.16,12.68,13.57,12.7,14.5,13.91,21.78
604,18.85,17.04,18.82,34.12,19.14,19.19,17.95,19.02,17.89,16.83,16.47,16.86,17.72,17.22,19.33
605,18.5,16.84,18.49,31.24,18.8,18.83,17.68,18.66,17.89,16.58,16.27,16.6,17.46,16.98,18.97
606,18.5,16.84,18.49,31.24,18.8,18.83,17.68,18.66,25.64,16.58,16.27,16.6,17.46,16.98,18.97
607,26.31,24.3,26.26,35.23,26.74,26.82,25.25,26.57,23.32,23.63,23.42,23.63,25.03,24.37,27.02
608,24.17,21.81,24.11,35.14,24.58,24.64,23.12,24.42,23.35,21.73,21.1,21.75,22.78,22.08,24.82
609,24.18,21.87,24.12,35.16,24.61,24.68,23.15,24.43,23.83,21.71,21.13,21.74,22.81,22.12,24.86
610,24.65,22.36,24.53,35.17,25.11,25.18,23.62,24.9,23.81,22.13,21.6,22.15,23.27,22.59,25.36
611,24.64,22.33,24.52,35.17,25.1,25.16,23.61,24.89,23.5,22.12,21.57,22.14,23.26,22.55,25.37
612,24.18,22.26,24.15,35.14,24.58,24.65,23.25,24.4,23.03,21.81,21.49,21.83,23.0,22.37,24.85
613,23.69,21.74,23.67,35.15,24.15,24.22,22.76,23.97,22.73,21.35,21.01,21.37,22.5,21.9,24.44
614,23.39,21.4,23.39,35.15,23.86,23.93,22.49,23.67,22.98,21.07,20.7,21.11,22.21,21.57,24.13
615,23.64,21.62,23.62,35.15,24.13,24.2,22.7,23.93,23.52,21.24,20.89,21.31,22.43,21.77,24.42
616,24.17,22.15,24.13,35.16,24.67,24.76,23.21,24.47,23.68,21.72,21.4,21.79,22.96,22.28,24.96
617,24.43,22.22,24.38,35.19,24.95,25.02,23.42,24.74,17.66,21.92,21.51,21.99,23.11,22.45,25.24
618,18.19,16.75,18.2,35.33,18.47,18.53,17.44,18.34,18.27,16.34,16.19,16.39,17.29,16.83,18.68
619,18.84,17.36,18.87,35.62,19.12,19.15,18.06,18.98,19.49,16.92,16.78,16.98,17.91,17.43,19.31
620,20.07,18.51,20.1,37.64,20.35,20.4,19.24,20.2,18.22,18.03,17.9,18.08,19.07,18.57,20.55
621,18.82,17.22,18.85,36.37,19.12,19.17,18.03,18.98,17.64,16.89,16.65,16.94,17.84,17.33,19.31
622,18.19,16.76,18.22,36.34,18.47,18.51,17.46,18.32,17.67,16.34,16.19,16.39,17.27,16.81,18.66
623,18.24,16.73,18.26,35.45,18.53,18.58,17.49,18.39,18.45,16.37,16.17,16.43,17.29,16.82,18.72
624,18.97,17.53,18.97,35.36,19.29,19.34,18.24,19.14,23.24,17.06,16.95,17.11,18.05,17.59,19.5
625,23.73,22.27,23.73,35.44,24.15,24.22,22.89,23.98,19.7,21.4,21.51,21.44,22.73,22.22,24.4
626,20.13,18.83,20.15,35.38,20.51,20.56,19.45,20.36,22.12,18.19,18.19,18.24,19.26,18.83,20.73
627,22.65,21.04,22.67,35.39,23.08,23.16,21.89,22.91,22.1,20.53,20.32,20.55,21.63,21.08,23.35
628,22.65,21.02,22.67,35.42,23.1,23.16,21.89,22.91,21.18,20.53,20.3,20.55,21.61,21.08,23.35
629,21.75,20.1,21.75,35.4,22.16,22.24,20.98,21.99,19.87,19.7,19.45,19.72,20.71,20.18,22.42
630,20.4,18.84,20.4,35.39,20.81,20.86,19.68,20.65,19.82,18.46,18.21,18.5,19.43,18.92,21.05
631,20.28,18.86,20.3,35.39,20.66,20.72,19.6,20.51,19.91,18.36,18.21,18.4,19.39,18.87,20.89
632,20.43,18.86,20.45,35.49,20.81,20.89,19.72,20.66,22.79,18.46,18.19,18.52,19.47,18.92,21.06
633,23.4,21.59,23.43,35.82,23.84,23.91,22.59,23.67,21.18,21.17,20.86,21.21,22.31,21.7,24.1
634,21.75,20.14,21.77,36.42,22.14,22.2,21.0,21.98,21.12,19.66,19.45,19.72,20.75,20.18,22.38
635,21.73,20.02,21.75,35.66,22.11,22.17,20.96,21.95,21.66,19.62,19.35,19.68,20.67,20.12,22.38
636,22.28,20.53,22.3,35.82,22.68,22.74,21.49,22.51,21.64,20.1,19.85,20.18,21.2,20.64,22.93
637,22.26,20.5,22.28,35.82,22.66,22.72,21.47,22.49,22.06,20.08,19.79,20.14,21.2,20.6,22.91
638,22.69,20.89,22.72,35.82,23.1,23.16,21.87,22.93,22.77,20.47,20.19,20.53,21.61,21.0,23.35
639,23.45,21.54,23.47,35.82,23.86,23.93,22.57,23.69,23.15,21.11,20.8,21.19,22.31,21.67,24.1
640,23.75,22.02,23.8,36.05,24.17,24.24,22.93,24.0,23.13,21.42,21.26,21.51,22.69,22.09,24.42
641,23.73,21.98,23.78,36.07,24.17,24.24,22.93,24.0,23.17,21.42,21.22,21.49,22.64,22.04,24.42
642,23.75,22.06,23.8,36.09,24.17,24.24,22.95,24.0,23.15,21.42,21.29,21.51,22.71,22.11,24.44
643,23.77,21.97,23.84,36.24,24.2,24.26,22.95,24.02,23.15,21.4,21.2,21.49,22.69,22.06,24.44
644,23.77,22.02,23.84,36.48,24.17,24.26,22.97,24.02,23.21,21.42,21.26,21.53,22.71,22.11,24.44
645,23.79,22.15,23.88,36.51,24.2,24.26,23.04,24.04,23.49,21.46,21.36,21.54,22.79,22.19,24.44
646,24.08,22.39,24.17,36.53,24.51,24.58,23.31,24.33,23.74,21.71,21.6,21.8,23.04,22.46,24.76
647,24.34,22.65,24.43,36.53,24.75,24.81,23.56,24.59,19.23,21.92,21.87,22.03,23.31,22.72,25.0
648,19.77,18.25,19.82,32.15,20.12,20.17,19.12,19.97,18.26,17.81,17.61,17.88,18.88,18.36,20.32
649,18.91,17.14,18.93,35.46,19.26,19.31,18.22,19.12,18.77,16.99,16.54,17.07,17.92,17.36,19.49
650,19.39,17.64,19.43,36.38,19.77,19.84,18.7,19.62,18.83,17.4,17.02,17.49,18.39,17.83,20.0
651,19.37,17.83,19.43,22.54,19.75,19.81,18.7,19.62,18.98,17.38,17.2,17.47,18.45,17.94,19.97
652,19.51,17.98,19.56,37.6,19.87,19.95,18.85,19.74,19.89,17.48,17.36,17.59,18.6,18.09,20.11
653,20.42,18.88,20.5,31.15,20.82,20.88,19.75,20.67,23.15,18.34,18.19,18.44,19.51,18.97,21.04
654,23.77,22.0,23.86,31.16,24.2,24.26,23.02,24.04,23.43,21.35,21.2,21.46,22.73,22.11,24.44
655,24.04,22.28,24.15,45.64,24.47,24.53,23.3,24.31,26.62,21.61,21.48,21.72,23.01,22.4,24.71
656,27.39,25.29,27.52,42.86,27.87,27.95,26.52,27.69,24.86,24.62,24.37,24.72,26.16,25.47,28.15
657,25.58,23.62,25.7,39.81,26.01,26.06,24.79,25.86,28.86,22.99,22.76,23.09,24.43,23.78,26.2
658,29.78,27.39,29.89,48.81,30.31,30.36,28.8,30.11,46.19,26.75,26.41,26.86,28.39,27.64,30.53
659,47.57,43.75,47.8,48.86,48.46,48.55,46.06,48.15,23.07,42.77,42.15,42.95,45.44,44.2,48.91
660,23.69,22.01,23.83,24.2,24.11,24.16,22.98,23.98,28.62,21.34,21.21,21.43,22.72,22.16,24.34
661,29.34,27.33,29.53,30.16,29.94,30.0,28.54,29.75,125.79,26.5,26.34,26.61,28.18,27.52,30.22
662,128.93,119.97,129.66,132.07,131.59,131.84,125.42,130.74,52.2,116.71,115.63,116.96,123.73,120.83,132.81
663,53.56,49.74,53.91,54.77,54.62,54.72,52.16,54.32,39.4,48.49,47.94,48.64,51.35,50.1,55.12
664,40.54,37.46,40.8,41.49,41.34,41.41,39.44,41.11,133.53,36.7,36.09,36.78,38.75,37.77,41.72
665,137.39,126.96,138.15,140.47,140.09,140.35,133.65,139.18,80.1,124.38,122.45,124.63,131.33,128.12,141.24
666,82.58,75.93,83.12,84.35,84.2,84.35,80.18,83.66,39.32,74.69,73.14,74.84,78.78,76.7,84.9
667,40.54,37.27,40.8,41.45,41.33,41.41,39.36,41.1,34.09,36.63,35.91,36.7,38.67,37.65,41.68
668,35.17,32.31,35.41,36.0,35.86,35.93,34.15,35.67,29.74,31.78,31.15,31.88,33.56,32.7,36.16
669,30.63,28.25,30.83,31.29,31.2,31.26,29.74,31.03,29.68,27.67,27.22,27.73,29.25,28.51,31.43
670,32.61,28.16,30.86,31.31,31.2,31.23,29.74,31.03,43.33,27.7,27.16,27.76,29.22,28.48,31.4
671,46.7,41.19,45.0,45.71,45.55,45.59,43.41,45.25,277.93,40.44,39.73,40.48,42.65,41.61,45.84
672,289.0,263.71,288.68,292.17,292.17,292.71,278.47,290.56,230.62,259.4,254.29,259.93,273.62,266.67,294.86
673,241.47,219.25,239.55,242.2,242.44,242.65,231.07,240.87,80.95,215.48,211.69,215.69,226.84,221.72,244.43
674,87.18,76.73,84.24,85.1,85.26,85.41,81.27,84.79,43.49,75.71,73.92,75.71,79.7,77.51,85.89
675,48.45,41.13,45.21,45.84,45.8,45.92,43.65,45.59,29.68,40.63,39.62,40.67,42.81,41.6,46.18
676,30.68,28.1,30.86,31.29,31.26,31.31,29.8,31.09,24.17,27.73,27.07,27.76,29.22,28.39,31.49
677,24.99,22.91,25.13,25.48,25.46,25.53,24.27,25.34,24.15,22.56,22.07,22.61,23.82,23.15,25.67
678,24.97,22.87,25.11,25.46,25.44,25.5,24.24,25.32,24.15,22.54,22.03,22.59,23.8,23.1,25.65
679,24.99,22.87,25.11,25.46,25.44,25.5,24.24,25.32,22.92,22.52,22.03,22.56,23.8,23.12,25.65
680,23.71,21.74,23.82,24.11,24.11,24.18,22.98,24.0,40.6,21.39,20.95,21.43,22.61,21.96,24.31
681,41.98,38.37,42.14,42.92,42.8,42.92,40.68,42.57,71.23,37.86,36.96,37.94,39.94,38.8,43.2
682,73.71,67.31,73.99,75.29,75.15,75.37,71.44,74.75,70.08,66.56,64.9,66.62,70.13,68.07,75.92
683,72.39,66.36,72.73,74.01,73.81,74.01,70.22,73.4,43.08,65.42,63.93,65.48,69.07,67.04,74.48
684,44.41,40.76,44.62,45.41,45.28,45.41,43.12,45.03,41.31,40.05,39.22,40.14,42.42,41.13,45.7
685,42.46,39.2,42.7,43.42,43.3,43.42,41.27,43.06,38.65,38.37,37.7,38.41,40.67,39.44,43.65
686,39.72,36.64,39.84,40.65,40.51,40.58,38.54,40.24,29.32,35.9,35.23,35.94,37.98,36.9,40.88
687,30.28,27.65,30.33,32.26,30.87,30.93,29.29,30.67,24.4,27.28,26.66,27.34,28.78,27.99,31.18
688,28.12,23.11,25.15,32.21,25.59,25.64,24.33,25.43,24.33,22.64,22.26,22.69,23.95,23.3,25.83
689,28.1,23.09,25.15,32.21,25.57,25.62,24.28,25.41,22.94,22.64,22.25,22.67,23.91,23.28,25.79
690,26.69,21.7,23.73,24.35,24.15,24.22,22.94,24.0,22.92,21.35,20.91,21.37,22.54,21.9,24.38
691,23.62,21.68,23.67,24.37,24.13,24.18,22.87,23.95,21.32,21.33,20.91,21.35,22.5,21.9,24.35
692,21.92,20.19,21.98,22.61,22.39,22.43,21.24,22.22,19.87,19.8,19.48,19.83,20.91,20.36,22.59
693,20.45,18.86,20.51,22.51,20.87,20.91,19.82,20.74,19.63,18.48,18.19,18.5,19.51,19.01,21.06
694,20.18,18.65,20.22,20.8,20.59,20.63,19.55,20.46,19.4,18.21,17.97,18.25,19.27,18.78,20.78
695,20.02,18.36,20.04,20.58,20.41,20.45,19.36,20.28,24.44,18.04,17.7,18.08,19.05,18.52,20.6
696,25.19,23.17,25.21,25.87,25.66,25.71,24.37,25.5,25.64,22.72,22.34,22.74,23.97,23.36,25.89
697,26.26,24.46,26.31,27.04,26.77,26.82,25.47,26.6,25.59,23.72,23.55,23.77,25.15,24.54,27.02
698,26.23,24.42,26.28,27.02,26.72,26.77,25.45,26.58,25.52,23.73,23.53,23.75,25.1,24.51,26.97
699,26.23,24.17,26.28,35.72,26.77,26.82,25.4,26.6,24.41,23.7,23.31,23.75,25.0,24.34,27.02
700,25.14,23.03,25.19,37.71,25.68,25.73,24.32,25.52,25.52,22.7,22.2,22.74,23.9,23.24,25.94
701,26.23,24.05,26.26,37.83,26.8,26.85,25.37,26.62,24.9,23.71,23.14,23.73,24.98,24.22,27.04
702,25.59,23.46,25.61,41.4,26.11,26.19,24.75,25.95,24.42,23.15,22.58,23.15,24.37,23.63,26.38
703,25.1,22.99,25.13,41.42,25.64,25.71,24.28,25.48,23.07,22.66,22.12,22.71,23.9,23.18,25.9
704,23.68,21.71,23.68,41.4,24.19,24.26,22.91,24.04,22.28,21.38,20.9,21.43,22.56,21.87,24.44
705,22.9,20.95,22.9,41.37,23.41,23.46,22.15,23.24,20.09,20.7,20.18,20.72,21.79,21.12,23.65
706,20.69,18.91,20.69,37.67,21.13,21.17,19.97,20.98,19.63,18.68,18.21,18.7,19.64,19.06,21.34
707,20.18,18.56,20.2,35.67,20.61,20.65,19.52,20.46,23.0,18.24,17.88,18.25,19.2,18.67,20.8
708,23.69,21.63,23.73,48.53,24.19,24.24,22.87,24.02,23.32,21.39,20.83,21.41,22.49,21.81,24.44
709,23.64,24.52,23.71,41.45,24.17,24.24,22.87,24.02,23.07,21.35,18.64,21.37,22.84,21.74,24.42
710,23.67,21.66,23.71,41.45,24.17,24.24,22.85,24.02,22.98,21.35,20.81,21.37,22.52,21.77,24.44
711,23.69,21.55,23.73,46.28,24.17,24.24,22.85,24.02,23.09,21.35,20.75,21.39,22.45,21.72,24.44
712,23.75,21.71,23.8,41.45,24.22,24.26,22.91,24.04,23.04,21.4,20.9,21.43,22.58,21.85,24.44
713,23.73,21.65,23.77,41.8,24.19,24.26,22.87,24.04,23.02,21.41,20.83,21.41,22.53,21.8,24.44
714,23.71,21.61,23.75,37.72,24.17,24.24,22.85,24.02,22.28,21.39,20.81,21.41,22.49,21.76,24.44
715,22.92,20.93,22.94,40.21,23.39,23.46,22.11,23.22,22.28,20.7,20.14,20.7,21.77,21.06,23.63
716,22.92,20.93,22.94,40.21,23.39,23.46,22.11,23.22,22.28,20.7,20.14,20.7,21.77,21.06,23.63
717,22.92,20.93,22.94,40.21,23.39,23.46,22.11,23.22,20.1,20.7,20.14,20.7,21.77,21.06,23.63
718,20.68,18.91,20.72,41.37,21.11,21.14,19.93,20.95,20.08,18.67,18.23,18.67,19.62,19.02,21.32
719,20.68,18.91,20.72,48.81,21.09,21.14,19.91,20.93,20.2,18.67,18.23,18.67,19.62,19.0,21.3
720,20.81,18.98,20.82,110.92,21.21,21.27,20.03,21.06,20.12,18.81,18.28,18.79,19.74,19.1,21.43
721,20.78,18.89,20.82,51.08,21.15,21.23,20.01,21.03,19.63,18.79,18.21,18.77,19.68,19.0,21.36
722,20.22,18.46,20.26,48.8,20.59,20.67,19.48,20.48,20.09,18.28,17.79,18.26,19.2,18.54,20.8
723,20.79,18.87,20.79,41.41,21.18,21.24,20.0,21.04,20.1,18.81,18.21,18.77,19.67,19.01,21.37
724,21.64,18.82,20.82,41.41,21.19,21.25,20.01,21.05,19.62,18.82,18.17,18.79,19.66,18.98,21.38
725,21.05,18.37,20.26,41.41,20.59,20.67,19.46,20.48,18.31,18.31,17.67,18.28,19.16,18.46,20.8
726,19.74,17.16,18.94,37.91,19.24,19.3,18.18,19.12,18.31,17.11,16.55,17.07,17.89,17.25,19.42
727,20.83,17.15,18.94,37.91,19.26,19.31,18.18,19.14,18.34,17.11,16.53,17.07,17.89,17.23,19.44
728,20.89,17.19,18.98,37.91,19.28,19.33,18.22,19.15,18.27,17.14,16.57,17.1,17.92,17.28,19.45
729,20.85,17.13,18.94,37.91,19.24,19.31,18.18,19.14,18.27,17.13,16.53,17.07,17.87,17.23,19.42
730,20.67,17.09,18.94,37.89,19.26,19.31,18.17,19.14,19.06,17.13,16.51,17.07,17.85,17.22,19.44
731,21.45,17.94,19.7,37.91,20.03,20.09,18.92,19.91,17.55,17.81,17.32,17.78,18.62,18.02,20.2
732,19.84,16.58,18.1,37.89,18.42,18.47,17.39,18.3,16.62,16.38,16.03,16.35,17.14,16.62,18.57
733,19.77,15.69,17.16,37.85,17.5,17.56,16.5,17.38,16.49,15.56,15.19,15.51,16.23,15.75,17.67
734,19.7,15.49,17.09,34.42,17.4,17.44,16.39,17.28,16.5,15.47,14.99,15.44,16.11,15.6,17.55
735,19.69,15.5,17.09,41.3,17.38,17.43,16.41,17.27,16.31,15.47,14.98,15.44,16.14,15.58,17.54
736,17.96,15.33,16.9,37.86,17.14,17.19,16.18,17.03,15.52,15.25,14.8,15.22,15.93,15.38,17.28
737,17.1,14.67,16.06,37.84,16.25,16.3,15.37,16.16,15.54,14.49,14.15,14.46,15.16,14.67,16.39
738,17.16,14.64,16.11,37.83,16.34,16.38,15.41,16.23,14.76,14.52,14.15,14.51,15.18,14.69,16.47
739,16.75,13.99,15.3,37.81,15.49,15.53,14.65,15.39,14.56,13.82,13.55,13.81,14.45,14.02,15.61
740,16.57,13.8,15.11,37.79,15.29,15.33,14.47,15.2,15.14,13.67,13.39,13.64,14.26,13.86,15.42
741,17.16,14.36,15.69,37.79,15.88,15.93,15.04,15.79,15.38,14.22,13.91,14.17,14.82,14.39,16.01
742,17.18,14.59,15.94,37.78,16.14,16.18,15.28,16.05,15.36,14.45,14.13,14.4,15.05,14.62,16.27
743,17.11,14.59,15.89,35.4,16.07,16.13,15.23,15.98,17.99,14.4,14.13,14.36,15.02,14.61,16.22
744,19.8,17.16,18.62,36.93,18.77,18.84,17.8,18.69,19.6,16.82,16.63,16.77,17.6,17.13,18.93
745,22.75,20.93,22.85,34.17,22.96,23.0,21.79,22.83,21.98,20.56,20.27,20.54,21.52,20.88,23.09
746,46.48,-10.73,57.86,36.09,37.07,36.31,-10.96,36.08,14.84,-20.61,-10.9,-20.57,-11.57,-13.21,36.2
747,33.34,15.73,35.01,29.84,29.85,29.69,16.52,29.48,23.23,13.05,15.18,13.02,16.08,15.16,29.74
748,34.48,15.73,36.38,30.78,30.8,30.63,16.52,30.42,23.74,12.84,15.17,12.82,16.06,15.11,30.68
749,32.55,15.72,34.1,29.14,29.15,29.02,16.46,28.81,22.86,13.11,15.18,13.08,16.04,15.16,29.07
750,18.97,15.62,19.41,19.01,18.8,18.82,16.29,18.69,17.28,15.1,15.14,15.06,16.04,15.54,18.9
751,23.89,13.58,25.72,22.62,22.58,22.5,14.21,22.34,18.35,11.86,13.13,11.83,13.89,13.22,22.55
752,23.49,14.67,25.0,22.51,22.43,22.36,15.33,22.22,18.78,13.2,14.2,13.17,15.02,14.36,22.43
753,18.97,15.6,19.4,19.01,18.81,18.84,16.28,18.69,17.29,15.06,15.14,15.03,16.03,15.52,18.91
754,18.99,15.44,19.47,18.96,18.8,18.82,16.09,18.67,17.2,14.85,14.97,14.82,15.84,15.33,18.9
755,18.92,15.62,19.32,36.85,18.8,18.81,16.29,18.67,17.29,15.12,15.14,15.11,16.04,15.57,18.91
756,133.6,-446.97,254.63,27.14,28.35,18.97,-462.07,19.9,-192.36,-547.16,-439.46,-546.57,-464.89,-473.53,15.44
757,26.16,4.3,30.37,36.56,22.77,22.51,4.59,22.36,14.15,0.59,4.02,0.59,4.2,3.42,22.5
758,21.44,5.31,24.51,36.6,18.98,18.8,5.61,18.67,12.6,2.59,5.04,2.58,5.3,4.68,18.81
759,24.94,5.33,28.7,37.01,21.93,21.71,5.65,21.56,14.19,2.01,5.04,2.01,5.29,4.55,21.71
760,22.12,5.32,25.33,37.52,19.55,19.36,5.62,19.24,12.91,2.48,5.05,2.47,5.3,4.66,19.37
761,21.44,5.31,24.51,37.52,18.98,18.8,5.61,18.68,12.6,2.58,5.04,2.58,5.3,4.68,18.81
762,21.68,4.27,25.02,37.5,19.0,18.8,4.54,18.67,12.13,1.33,4.03,1.33,4.22,3.58,18.8
763,21.43,5.31,24.5,37.02,18.98,18.8,5.61,18.67,12.6,2.59,5.04,2.58,5.3,4.68,18.81
764,21.44,5.31,24.51,37.02,18.98,18.8,5.61,18.67,12.6,2.58,5.04,2.58,5.3,4.67,18.81
765,21.44,5.31,24.51,36.6,18.98,18.8,5.61,18.68,12.61,2.59,5.04,2.58,5.3,4.68,18.81
766,23.93,5.32,27.49,36.59,21.08,20.87,5.64,20.73,13.73,2.18,5.04,2.18,5.29,4.59,20.87
767,25.1,14.71,26.88,36.79,23.82,23.75,15.5,23.57,19.58,13.19,14.22,13.15,15.12,14.42,23.83
768,22.34,15.6,23.38,36.81,21.69,21.67,16.46,21.5,18.82,14.81,15.14,14.77,16.1,15.49,21.78
769,18.68,15.56,19.01,36.83,18.63,18.66,16.44,18.5,17.18,15.44,15.14,15.39,16.12,15.62,18.77
770,19.52,15.61,20.03,36.83,19.31,19.32,16.38,19.17,17.58,15.21,15.17,15.16,16.09,15.57,19.42
771,19.54,15.59,20.07,36.83,19.32,19.34,16.35,19.18,17.57,15.17,15.16,15.12,16.06,15.55,19.43
772,19.55,15.62,20.1,36.83,19.34,19.36,16.38,19.2,17.61,15.2,15.17,15.16,16.11,15.57,19.43
773,19.53,15.62,20.07,36.83,19.32,19.34,16.38,19.18,17.6,15.21,15.17,15.16,16.11,15.57,19.42
774,19.53,15.62,20.07,36.83,19.32,19.34,16.38,19.18,17.6,15.21,15.16,15.16,16.11,15.57,19.43
775,19.76,14.74,20.53,36.81,19.34,19.34,15.45,19.19,17.18,14.1,14.31,14.06,15.17,14.64,19.41
776,19.53,15.62,20.07,36.83,19.32,19.34,16.38,19.18,17.59,15.21,15.17,15.16,16.09,15.59,19.43
777,22.39,15.62,23.49,36.81,21.71,21.69,16.38,21.52,18.86,14.7,15.17,14.65,16.06,15.47,21.76
778,23.37,15.56,24.67,36.8,22.52,22.49,16.34,22.31,19.28,14.46,15.07,14.43,16.0,15.35,22.56
779,24.47,13.58,26.38,36.76,23.08,23.0,14.31,22.83,18.64,11.98,13.14,11.94,13.94,13.26,23.06
780,23.86,13.57,25.64,36.76,22.56,22.49,14.33,22.32,18.36,12.12,13.14,12.09,13.96,13.3,22.55
781,20.07,13.53,21.12,36.78,19.37,19.35,14.29,19.2,16.65,12.74,13.13,12.68,13.97,13.42,19.41
782,19.26,13.53,20.17,36.79,18.7,18.68,14.27,18.54,16.29,12.84,13.12,12.8,13.96,13.43,18.75
783,18.32,14.04,18.94,36.8,18.0,18.01,14.78,17.87,16.15,13.58,13.63,13.55,14.51,14.0,18.09
784,19.26,13.54,20.18,36.79,18.7,18.68,14.24,18.54,16.29,12.81,13.13,12.79,13.96,13.43,18.75
785,19.27,13.52,20.19,36.77,18.7,18.68,14.22,18.54,16.26,12.78,13.13,12.75,13.92,13.43,18.75
786,18.17,13.51,18.87,36.79,17.78,17.78,14.22,17.64,15.77,12.98,13.13,12.95,13.94,13.45,17.86
787,18.17,13.51,18.85,36.78,17.78,17.79,14.23,17.64,15.78,13.01,13.13,12.97,13.95,13.47,17.86
788,18.18,13.52,18.87,36.79,17.79,17.79,14.23,17.65,15.8,13.0,13.13,12.96,13.95,13.47,17.87
789,18.19,13.51,18.91,36.79,17.79,17.79,14.19,17.65,15.79,12.94,13.12,12.91,13.92,13.44,17.87
790,13.86,12.67,13.91,36.78,13.99,14.03,13.25,13.91,13.37,12.64,12.33,12.61,13.07,12.72,14.1
791,17.7,15.58,17.84,36.83,17.74,17.78,16.35,17.64,16.73,15.49,15.16,15.42,16.06,15.62,17.88
792,21.44,19.72,21.5,36.91,21.62,21.7,20.56,21.52,20.72,19.58,19.2,19.48,20.24,19.7,21.78
793,19.16,17.6,19.21,36.84,19.3,19.37,18.37,19.21,18.48,17.53,17.14,17.42,18.08,17.6,19.42
794,20.47,18.69,20.55,36.88,20.62,20.7,19.67,20.53,19.72,18.84,18.17,18.69,19.32,18.75,20.76
795,20.47,18.69,20.55,36.88,20.62,20.7,19.67,20.53,19.72,18.84,18.19,18.69,19.32,18.75,20.76
796,20.55,18.71,20.61,36.88,20.71,20.79,19.73,20.61,19.79,18.88,18.19,18.75,19.36,18.77,20.84
797,20.58,18.71,20.65,36.88,20.73,20.81,19.75,20.63,19.79,18.9,18.19,18.77,19.38,18.79,20.89
798,21.64,18.7,21.9,36.85,21.64,21.7,19.8,21.52,20.27,18.79,18.19,18.64,19.4,18.77,21.78
799,21.64,18.72,21.89,36.87,21.64,21.7,19.82,21.52,20.28,18.82,18.21,18.66,19.42,18.78,21.78
800,21.46,19.49,21.52,36.89,21.62,21.7,20.6,21.52,20.62,19.73,18.97,19.57,20.21,19.59,21.78
801,21.47,19.46,21.56,36.89,21.62,21.7,20.56,21.52,20.64,19.69,18.9,19.53,20.18,19.54,21.78
802,23.23,18.73,23.79,36.87,22.98,23.0,19.84,22.84,21.0,18.59,18.19,18.42,19.41,18.72,23.08
803,23.37,15.61,24.63,36.8,22.53,22.5,16.53,22.35,19.3,14.78,15.15,14.66,16.11,15.47,22.58
804,25.38,13.59,27.45,36.76,23.84,23.75,14.45,23.59,19.05,12.03,13.14,11.93,13.98,13.27,23.8
805,23.62,14.48,25.15,36.8,22.54,22.49,15.39,22.33,18.78,13.41,14.03,13.31,14.97,14.29,22.55
806,25.05,13.56,27.07,36.77,23.56,23.47,14.33,23.31,18.88,11.9,13.13,11.83,13.92,13.23,23.52
807,25.38,13.61,27.45,36.78,23.84,23.75,14.39,23.59,19.07,11.91,13.16,11.83,13.97,13.27,23.81
808,25.39,13.58,27.47,36.78,23.84,23.75,14.36,23.59,19.06,11.86,13.14,11.79,13.96,13.23,23.81
809,25.38,13.6,27.47,36.77,23.85,23.75,14.4,23.59,19.07,11.89,13.14,11.82,13.98,13.25,23.81
810,24.52,15.64,25.99,36.83,23.52,23.46,16.53,23.3,19.86,14.48,15.14,14.39,16.14,15.43,23.53
811,25.38,13.6,27.45,36.78,23.85,23.75,14.4,23.59,19.07,11.91,13.14,11.83,13.98,13.25,23.81
812,25.38,13.61,27.45,36.78,23.85,23.76,14.41,23.59,19.1,11.92,13.15,11.84,14.01,13.27,23.82
813,25.39,13.57,27.47,36.78,23.85,23.75,14.37,23.59,19.06,11.87,13.13,11.8,13.96,13.24,23.82
814,25.4,13.59,27.48,36.78,23.86,23.76,14.37,23.6,19.07,11.86,13.15,11.79,13.97,13.25,23.82
815,27.1,5.34,31.25,37.01,23.76,23.5,5.73,23.36,15.17,1.69,5.04,1.68,5.3,4.49,23.5
816,29.17,4.32,33.94,37.0,25.31,25.01,4.67,24.86,15.52,0.11,4.02,0.11,4.2,3.32,25.0
817,29.17,4.32,33.96,37.0,25.3,25.0,4.63,24.87,15.52,0.11,4.02,0.11,4.21,3.32,25.0
818,29.05,4.32,33.82,37.0,25.2,24.9,4.63,24.77,15.46,0.13,4.02,0.13,4.21,3.33,24.9
819,27.71,5.35,32.0,37.01,24.27,24.0,5.7,23.87,15.44,1.58,5.04,1.58,5.3,4.47,24.01
820,28.57,5.35,33.02,37.01,24.99,24.72,5.72,24.58,15.83,1.45,5.03,1.44,5.3,4.44,24.72
821,28.79,5.35,33.29,37.5,25.18,24.9,5.72,24.76,15.93,1.41,5.03,1.4,5.3,4.43,24.9
822,28.58,5.35,33.04,37.5,25.0,24.73,5.72,24.59,15.84,1.44,5.03,1.44,5.3,4.44,24.73
823,27.09,5.34,31.25,37.5,23.75,23.5,5.71,23.36,15.17,1.7,5.04,1.69,5.31,4.49,23.5
824,26.83,13.64,29.18,37.07,25.1,24.98,14.45,24.82,19.76,11.7,13.18,11.64,14.04,13.27,25.04
825,26.87,13.63,29.24,37.71,25.11,25.0,14.44,24.84,19.76,11.68,13.17,11.62,14.03,13.26,25.06
826,29.29,13.63,32.12,37.7,27.16,27.0,14.46,26.83,20.85,11.27,13.16,11.22,14.02,13.18,27.06
827,31.05,5.37,35.98,37.01,27.08,26.77,5.75,26.62,16.95,1.04,5.03,1.04,5.29,4.35,26.77
828,27.85,14.2,30.26,37.73,26.09,25.98,15.16,25.8,20.56,12.35,13.73,12.29,14.7,13.87,26.04
829,31.07,6.4,35.79,37.52,27.3,27.01,6.82,26.86,17.55,2.31,6.04,2.29,6.36,5.45,27.01
830,31.15,6.4,35.89,37.52,27.37,27.07,6.81,26.92,17.59,2.28,6.04,2.27,6.35,5.45,27.08
831,31.15,6.4,35.89,37.52,27.37,27.07,6.81,26.93,17.59,2.27,6.05,2.27,6.35,5.45,27.08
832,31.05,5.37,35.99,37.49,27.08,26.77,5.71,26.63,16.95,1.04,5.03,1.04,5.26,4.35,26.77
833,27.11,6.38,31.07,37.53,23.98,23.73,6.79,23.6,15.77,2.96,6.05,2.95,6.38,5.6,23.74
834,25.11,8.44,28.22,37.59,22.7,22.51,8.99,22.38,16.05,5.82,8.08,5.79,8.61,7.87,22.54
835,26.23,6.37,30.01,37.54,23.24,23.01,6.79,22.88,15.37,3.11,6.05,3.1,6.39,5.63,23.02
836,26.24,6.37,30.02,36.9,23.24,23.01,6.78,22.88,15.37,3.1,6.05,3.09,6.39,5.63,23.02
837,27.12,6.38,31.08,37.02,23.98,23.74,6.78,23.6,15.77,2.94,6.05,2.93,6.37,5.59,23.74
838,25.1,8.44,28.21,37.04,22.7,22.51,9.01,22.38,16.06,5.83,8.09,5.81,8.62,7.88,22.54
839,25.11,8.44,28.21,37.04,22.7,22.51,9.01,22.38,16.05,5.85,8.08,5.82,8.62,7.88,22.54
840,20.68,10.7,22.43,41.23,19.43,19.35,11.45,19.22,15.38,9.37,10.32,9.33,11.1,10.47,19.4
841,23.57,10.52,25.9,37.25,21.83,21.71,11.28,21.57,16.57,8.68,10.12,8.63,10.91,10.16,21.74
842,23.05,12.57,24.85,37.69,21.79,21.71,13.5,21.56,17.52,11.28,12.13,11.2,13.09,12.36,21.77
843,25.59,11.15,28.21,39.38,23.63,23.49,11.94,23.34,17.82,9.07,10.74,9.01,11.54,10.74,23.53
844,27.46,10.53,30.59,38.56,25.08,24.9,11.28,24.76,18.31,8.0,10.12,7.94,10.87,10.01,24.92
845,24.63,12.59,26.73,40.29,23.13,23.03,13.51,22.87,18.23,11.03,12.14,10.94,13.11,12.32,23.07
846,24.62,12.58,26.71,40.95,23.12,23.03,13.53,22.87,18.23,11.04,12.13,10.96,13.11,12.32,23.07
847,25.18,12.59,27.37,37.79,23.6,23.49,13.55,23.33,18.49,10.97,12.15,10.9,13.13,12.33,23.53
848,26.92,12.52,29.47,38.09,25.03,24.9,13.43,24.75,19.22,10.52,12.06,10.46,13.0,12.15,24.93
849,23.82,15.69,25.05,40.12,23.07,23.03,16.87,22.86,19.67,14.99,15.17,14.88,16.45,15.66,23.09
850,23.78,15.68,25.0,39.74,23.05,23.02,16.85,22.85,19.63,14.97,15.17,14.87,16.41,15.66,23.09
851,23.51,14.33,24.98,37.81,22.57,22.52,15.4,22.35,18.75,13.35,13.86,13.26,14.98,14.23,22.58
852,20.5,14.0,21.43,37.8,20.01,19.99,15.1,19.84,17.23,13.54,13.55,13.43,14.71,14.04,20.06
853,22.71,13.53,24.18,38.09,21.76,21.7,14.5,21.53,17.95,12.5,13.06,12.42,14.12,13.43,21.78
854,25.66,8.46,28.85,40.19,23.2,23.01,9.0,22.86,16.33,5.75,8.08,5.7,8.66,7.88,23.04
855,27.16,8.47,30.64,39.04,24.45,24.24,9.01,24.09,17.0,5.49,8.08,5.45,8.65,7.81,24.26
856,26.88,8.47,30.31,39.38,24.22,24.01,9.02,23.86,16.88,5.55,8.08,5.51,8.67,7.84,24.03
857,22.57,20.05,22.53,41.22,22.98,23.04,21.64,22.83,21.68,20.48,19.36,20.38,21.18,20.36,23.15
858,22.87,18.86,23.2,43.85,22.98,23.02,20.32,22.83,21.1,18.96,18.21,18.82,19.86,19.06,23.11
859,22.88,18.85,23.2,41.18,22.98,23.02,20.26,22.82,21.11,18.89,18.21,18.78,19.83,19.05,23.12
860,22.03,19.71,22.01,45.07,22.46,22.52,21.17,22.32,21.23,20.04,19.07,19.92,20.74,19.98,22.62
861,22.03,19.79,22.01,41.37,22.46,22.52,21.21,22.34,21.27,20.06,19.13,19.95,20.76,20.04,22.62
862,22.71,20.51,22.69,43.84,23.16,23.2,21.85,23.01,21.95,20.7,19.83,20.6,21.42,20.76,23.31
863,24.05,21.66,24.01,47.23,24.5,24.52,23.11,24.32,23.22,21.86,20.92,21.75,22.67,21.92,24.66
864,25.51,22.04,25.12,40.9,25.48,25.55,23.76,25.34,23.94,22.41,21.28,22.27,23.23,22.37,25.64
865,26.15,21.89,25.96,40.89,25.95,26.0,23.53,25.79,24.13,22.04,21.11,21.91,22.99,22.14,26.09
866,26.07,17.34,26.88,40.77,25.01,24.96,18.54,24.77,21.45,16.47,16.71,16.36,18.1,17.28,25.04
867,25.4,22.04,25.09,42.55,25.48,25.54,23.77,25.34,23.94,22.54,21.28,22.41,23.26,22.37,25.66
868,25.77,22.59,25.41,42.56,25.91,25.98,24.39,25.76,24.46,23.11,21.79,23.0,23.87,22.95,26.09
869,26.6,23.4,26.23,47.22,26.77,26.84,25.23,26.62,25.28,23.89,22.59,23.76,24.69,23.79,26.94
870,26.93,23.39,26.28,44.54,26.87,26.92,25.25,26.7,25.33,23.93,22.58,23.81,24.71,23.78,27.06
871,26.88,23.37,26.26,44.54,26.82,26.89,25.18,26.65,25.28,23.91,22.56,23.76,24.67,23.74,27.01
872,26.49,22.97,25.86,42.49,26.39,26.46,24.78,26.25,24.85,23.53,22.18,23.38,24.25,23.36,26.58
873,25.7,21.79,25.87,41.66,25.99,26.05,23.5,25.81,24.09,22.12,21.03,21.98,22.98,22.11,26.14
874,26.02,22.04,26.21,41.68,26.31,26.34,23.75,26.13,24.39,22.34,21.28,22.2,23.25,22.34,26.45
875,26.52,16.48,28.06,41.09,25.59,25.52,17.67,25.33,21.37,15.33,15.87,15.25,17.21,16.38,25.61
876,26.3,16.48,26.98,43.28,24.81,24.76,17.57,24.57,20.95,15.35,15.85,15.27,17.16,16.37,24.85
877,26.4,17.36,26.92,41.21,25.09,25.06,18.52,24.87,21.53,16.45,16.69,16.35,18.13,17.3,25.16
878,28.96,16.65,30.11,40.76,27.11,27.03,17.83,26.82,22.28,15.23,15.99,15.13,17.39,16.48,27.11
879,26.33,23.28,26.25,41.67,26.89,26.96,25.13,26.69,25.3,23.79,22.43,23.65,24.62,23.65,27.08
880,26.22,22.12,26.4,41.66,26.53,26.59,23.87,26.35,24.58,22.34,21.27,22.23,23.35,22.39,26.72
881,26.33,23.38,26.25,41.67,26.84,26.91,25.11,26.67,25.3,23.75,22.5,23.62,24.62,23.7,27.06
882,26.35,23.35,26.28,40.24,26.91,26.99,25.13,26.72,25.33,23.74,22.48,23.65,24.65,23.69,27.11
883,26.33,23.43,26.25,40.95,26.89,26.96,25.16,26.72,25.38,23.74,22.52,23.62,24.69,23.72,27.08
884,26.33,23.55,26.25,41.0,26.86,26.94,25.18,26.69,25.4,23.77,22.64,23.67,24.74,23.81,27.06
885,25.9,23.23,25.87,41.67,26.42,26.5,24.79,26.26,25.03,23.42,22.34,23.3,24.38,23.47,26.62
886,26.35,23.52,26.28,44.91,26.92,26.99,25.2,26.74,25.42,23.81,22.64,23.69,24.76,23.84,27.13
887,26.38,23.37,26.3,40.7,26.94,27.04,25.23,26.77,25.35,23.84,22.49,23.69,24.72,23.74,27.16
888,31.18,18.42,30.46,40.81,28.02,27.97,19.81,27.74,23.55,17.34,17.73,17.23,19.31,18.38,28.07
889,30.06,18.31,29.16,42.18,27.08,27.04,19.69,26.82,22.98,17.41,17.61,17.3,19.21,18.3,27.14
890,28.66,26.88,26.28,40.95,26.94,26.99,25.16,26.74,25.4,23.79,19.36,23.67,25.23,24.25,27.16
891,27.57,18.2,27.62,40.8,25.97,25.93,19.54,25.72,22.4,17.5,17.47,17.39,19.11,18.22,26.05
892,28.25,15.83,29.02,40.74,26.05,25.97,16.94,25.75,21.3,14.44,15.18,14.34,16.54,15.64,26.06
893,26.84,18.18,26.79,40.82,25.34,25.32,19.51,25.1,22.05,17.54,17.46,17.44,19.09,18.19,25.41
894,26.48,19.52,26.7,40.83,25.71,25.69,20.72,25.48,22.86,18.84,18.74,18.77,20.32,19.53,25.83
895,26.86,26.76,26.25,41.69,26.84,26.88,25.09,26.64,25.3,23.7,19.35,23.58,25.1,24.15,27.05
896,26.72,21.89,26.39,41.66,26.44,26.49,23.62,26.25,24.32,22.13,21.08,21.99,23.08,22.2,26.62
897,27.2,23.33,26.23,41.67,26.84,26.91,25.06,26.64,25.2,23.75,22.51,23.62,24.52,23.72,27.08
898,27.25,23.5,26.28,41.67,26.91,26.96,25.16,26.69,25.33,23.81,22.64,23.69,24.64,23.84,27.13
899,27.98,24.26,27.0,41.67,27.68,27.72,25.87,27.45,26.1,24.51,23.38,24.36,25.39,24.56,27.9
900,30.0,25.85,28.73,41.69,29.43,29.48,27.56,29.21,27.77,26.11,24.94,25.93,27.02,26.19,29.67
901,30.91,26.66,29.63,42.28,30.35,30.41,28.42,30.1,28.62,26.96,25.72,26.74,27.85,27.02,30.6
902,31.5,27.14,30.25,44.26,30.98,31.07,29.02,30.76,29.19,27.47,26.18,27.25,28.4,27.47,31.23
903,37.22,33.33,37.12,48.9,38.05,38.16,35.61,37.77,35.85,33.68,32.09,33.44,34.85,33.71,38.36
904,49.18,44.13,49.05,61.33,50.23,50.32,47.0,49.82,47.41,44.49,42.58,44.22,46.04,44.67,50.64
905,49.23,44.21,49.09,61.33,50.28,50.36,47.04,49.86,47.45,44.53,42.62,44.21,46.13,44.71,50.68
906,70.52,63.46,70.32,80.46,72.03,72.22,67.45,71.5,68.04,63.86,61.17,63.46,66.15,64.11,72.68
907,45.95,41.23,45.82,53.64,46.93,47.01,43.95,46.55,44.29,41.61,39.74,41.31,43.06,41.7,47.31
908,39.38,35.26,39.27,51.09,40.19,40.29,37.67,39.89,37.93,35.66,34.02,35.41,36.87,35.7,40.55
909,52.77,46.54,51.95,61.7,53.2,53.34,49.77,52.82,50.16,47.12,44.9,46.83,48.71,47.12,53.68
910,41.43,36.23,40.61,48.92,41.63,41.7,38.91,41.29,39.14,36.84,34.99,36.61,38.01,36.8,42.0
911,27.37,23.69,26.64,47.22,27.3,27.38,25.52,27.08,25.62,24.19,22.88,24.01,24.93,24.06,27.57
912,26.86,18.14,26.8,41.41,25.39,25.38,19.58,25.15,21.99,17.65,17.48,17.53,19.06,18.21,25.5
913,27.0,19.92,26.54,42.18,25.86,25.88,21.48,25.63,23.07,19.79,19.23,19.65,20.95,20.12,26.05
914,27.02,19.92,26.56,47.2,25.91,25.91,21.48,25.66,23.12,19.77,19.2,19.65,20.95,20.1,26.09
915,29.2,23.38,26.23,47.26,26.88,26.93,25.11,26.67,25.28,23.77,22.53,23.6,24.6,23.7,27.15
916,28.94,23.11,25.95,47.27,26.6,26.67,24.84,26.38,25.01,23.49,22.26,23.35,24.31,23.42,26.86
917,28.77,23.1,25.78,47.26,26.43,26.47,24.7,26.21,24.9,23.36,22.26,23.22,24.25,23.39,26.67
918,28.95,23.27,26.0,47.28,26.65,26.7,24.91,26.41,25.08,23.59,22.48,23.42,24.43,23.59,26.89
919,27.41,21.94,24.49,47.27,25.06,25.12,23.49,24.85,23.6,22.21,21.21,22.05,23.01,22.26,25.3
920,28.95,23.27,26.03,47.89,26.65,26.72,24.96,26.44,25.08,23.61,22.47,23.44,24.43,23.61,26.94
921,29.39,23.84,26.56,47.42,27.28,27.35,25.52,27.06,25.7,24.14,23.0,23.99,25.03,24.16,27.57
922,32.42,26.63,29.61,47.28,30.38,30.46,28.45,30.13,28.65,26.94,25.72,26.74,27.9,26.96,30.71
923,32.93,27.23,30.18,45.42,30.85,30.94,28.97,30.6,29.17,27.43,26.31,27.23,28.44,27.54,31.19
924,29.75,26.82,29.75,45.75,30.38,30.46,28.53,30.13,28.67,27.01,25.93,26.82,27.98,27.15,30.68
925,29.72,26.77,29.72,45.7,30.35,30.44,28.53,30.1,28.64,26.99,25.88,26.79,27.93,27.12,30.68
926,29.72,26.85,29.75,45.7,30.38,30.46,28.56,30.13,28.7,27.01,25.93,26.82,28.01,27.15,30.68
927,30.31,27.24,30.31,45.18,30.98,31.04,29.1,30.73,29.21,27.52,26.31,27.32,28.5,27.6,31.29
928,30.34,27.24,30.34,44.69,31.01,31.07,29.13,30.76,29.24,27.55,26.31,27.35,28.51,27.61,31.32
929,29.75,26.79,29.75,41.69,30.38,30.44,28.56,30.13,28.73,27.01,25.85,26.82,28.01,27.09,30.68
930,30.15,26.76,29.75,45.26,30.35,30.44,28.56,30.13,28.67,27.04,25.88,26.82,27.98,27.12,30.66
931,30.63,27.28,30.23,42.28,30.82,30.87,29.02,30.57,29.16,27.48,26.33,27.25,28.49,27.56,31.1
932,30.09,26.77,29.69,42.33,30.35,30.46,28.61,30.13,28.67,27.04,25.86,26.79,28.01,27.07,30.66
933,29.64,26.63,29.64,56.48,30.35,30.44,28.53,30.1,28.64,26.99,25.69,26.77,27.93,26.99,30.66
934,29.63,26.65,29.66,57.77,30.35,30.44,28.56,30.13,28.67,27.01,25.69,26.79,27.95,27.01,30.68
935,21.23,19.02,21.29,21.8,21.72,21.78,20.46,21.57,20.46,19.3,18.33,19.16,20.01,19.26,21.94
936,24.1,18.51,22.28,22.58,22.42,22.46,20.2,22.22,20.61,18.96,17.88,18.84,19.67,18.88,22.63
937,24.58,19.92,22.62,36.04,23.08,23.16,21.68,22.91,21.59,20.46,19.23,20.32,21.11,20.3,23.33
938,23.95,19.53,22.01,36.25,22.42,22.5,21.09,22.25,21.05,19.97,18.85,19.81,20.61,19.85,22.64
939,23.78,19.06,21.29,39.7,21.69,21.76,20.46,21.55,20.44,19.35,18.39,19.2,20.03,19.31,21.9
940,24.7,19.89,22.26,39.71,22.65,22.71,21.37,22.49,21.33,20.24,19.21,20.05,20.9,20.2,22.88
941,24.78,19.97,22.33,39.95,22.73,22.79,21.46,22.56,21.42,20.3,19.25,20.12,20.99,20.26,22.93
942,32.24,21.8,24.28,39.98,24.7,24.77,23.38,24.55,23.33,22.12,21.01,21.89,22.86,22.09,24.93
943,34.9,24.04,26.97,40.06,27.44,27.54,25.94,27.27,25.84,24.54,23.19,24.29,25.34,24.44,27.72
944,38.71,27.27,30.77,39.78,31.31,31.43,29.57,31.11,29.4,27.98,26.32,27.69,28.83,27.81,31.62
945,41.09,30.11,33.95,55.26,34.61,34.73,32.66,34.39,32.5,30.9,29.04,30.58,31.84,30.71,34.95
946,40.95,29.95,33.84,76.55,34.46,34.59,32.52,34.21,32.33,30.8,28.92,30.49,31.68,30.58,34.81
947,30.95,21.03,23.78,44.61,24.2,24.29,22.83,24.04,22.7,21.64,20.28,21.42,22.24,21.47,24.42
948,23.76,20.26,22.99,44.61,23.44,23.5,22.09,23.26,21.94,20.94,19.52,20.73,21.52,20.73,23.65
949,24.18,20.68,23.39,44.59,23.87,23.94,22.53,23.7,22.37,21.35,19.9,21.12,21.96,21.12,24.09
950,23.45,20.26,22.68,39.25,23.13,23.19,21.86,22.98,21.78,20.68,19.49,20.45,21.36,20.6,23.36
951,22.58,20.22,22.68,44.59,23.15,23.21,21.84,22.98,21.74,20.68,19.46,20.45,21.34,20.58,23.36
952,22.56,20.16,22.68,44.57,23.12,23.21,21.84,22.98,21.72,20.66,19.4,20.43,21.29,20.52,23.36
953,23.6,21.07,23.71,44.59,24.19,24.26,22.83,24.02,22.72,21.58,20.28,21.36,22.28,21.45,24.41
954,35.16,23.2,26.08,44.58,26.59,26.66,25.09,26.39,24.99,23.73,22.31,23.49,24.51,23.61,26.83
955,33.37,21.6,24.28,44.59,24.75,24.82,23.36,24.6,23.25,22.08,20.79,21.85,22.8,22.01,24.98
956,32.82,21.03,23.71,44.57,24.19,24.26,22.81,24.02,22.68,21.56,20.26,21.36,22.24,21.45,24.41
957,35.35,20.12,22.68,44.57,23.12,23.19,21.8,22.96,21.67,20.6,19.39,20.41,21.26,20.5,23.33
958,35.66,20.37,22.99,44.59,23.44,23.5,22.09,23.27,21.97,20.9,19.63,20.69,21.54,20.78,23.65
959,36.37,21.05,23.71,48.63,24.19,24.26,22.81,24.02,22.68,21.6,20.28,21.36,22.24,21.45,24.41
960,37.54,21.51,24.28,48.61,24.78,24.87,23.36,24.62,23.22,22.12,20.73,21.87,22.75,21.94,25.02
961,37.18,21.22,23.92,45.67,24.41,24.5,23.01,24.26,22.9,21.8,20.44,21.55,22.44,21.64,24.66
962,36.95,21.01,23.69,48.63,24.2,24.26,22.79,24.02,22.68,21.58,20.22,21.34,22.22,21.41,24.44
963,36.25,20.99,23.71,48.63,24.2,24.28,22.79,24.02,22.68,21.56,20.2,21.34,22.2,21.39,24.44
964,36.23,21.06,23.69,48.63,24.17,24.26,22.79,24.0,22.72,21.56,20.24,21.34,22.24,21.41,24.41
965,36.23,21.03,23.69,48.63,24.17,24.26,22.77,24.0,22.68,21.56,20.24,21.34,22.22,21.41,24.41
966,36.46,20.99,23.71,42.28,24.17,24.26,22.77,24.02,22.68,21.56,20.2,21.34,22.2,21.39,24.44
967,36.44,21.06,23.67,24.28,24.2,24.26,22.79,24.02,22.7,21.56,20.27,21.34,22.22,21.43,24.44
968,35.68,20.38,22.91,23.5,23.42,23.5,22.06,23.25,21.99,20.87,19.59,20.65,21.5,20.72,23.67
969,36.53,20.4,22.91,23.5,23.42,23.5,22.06,23.25,21.99,20.84,19.63,20.65,21.5,20.74,23.65
970,36.55,20.38,22.93,42.28,23.42,23.5,22.06,23.25,21.97,20.84,19.61,20.65,21.48,20.72,23.65
971,43.97,27.35,30.4,54.53,30.99,31.1,29.3,30.79,29.27,27.66,26.31,27.38,28.62,27.66,31.3
972,35.9,31.58,34.6,54.55,35.27,35.37,33.41,35.05,33.5,31.51,30.35,31.22,32.8,31.77,35.6
973,35.01,30.52,33.71,48.59,34.37,34.5,32.49,34.15,32.55,30.71,29.36,30.39,31.8,30.83,34.71
974,35.04,30.15,33.71,48.6,34.43,34.55,32.43,34.21,32.4,30.68,29.05,30.4,31.65,30.58,34.77
975,39.32,30.21,33.68,48.6,34.43,34.52,32.43,34.18,32.46,30.68,29.08,30.4,31.68,30.61,34.74
976,36.11,27.36,30.47,48.64,31.15,31.26,29.34,30.92,29.37,27.75,26.34,27.5,28.66,27.7,31.43
977,33.19,24.76,27.55,48.62,28.16,28.24,26.5,27.95,26.57,25.09,23.84,24.86,25.93,25.04,28.41
978,29.46,24.04,26.8,48.62,27.43,27.5,25.78,27.23,25.86,24.41,23.12,24.17,25.21,24.34,27.68
979,28.28,23.12,25.64,48.62,26.19,26.29,24.69,26.03,24.76,23.36,22.26,23.12,24.17,23.36,26.45
980,28.44,23.12,25.78,44.65,26.4,26.5,24.82,26.21,24.87,23.46,22.26,23.24,24.23,23.41,26.67
981,30.48,27.3,30.51,40.15,31.3,31.44,29.4,31.08,29.46,27.79,26.31,27.53,28.69,27.67,31.64
982,30.38,27.36,30.41,40.18,31.21,31.32,29.34,30.98,29.39,27.73,26.31,27.47,28.69,27.67,31.54
983,29.61,27.01,29.69,84.36,30.36,30.47,28.67,30.16,28.81,27.09,25.99,26.84,28.12,27.2,30.66
984,30.93,27.36,29.8,84.36,30.41,30.49,28.8,30.19,29.0,27.16,26.33,26.94,28.33,27.44,30.66
985,31.18,27.32,30.0,84.31,30.64,30.73,28.94,30.42,29.1,27.34,26.34,27.15,28.38,27.57,30.92
986,53.8,47.78,52.69,54.36,53.87,53.97,50.82,53.43,51.02,48.12,46.06,47.73,49.79,48.27,54.36
987,52.32,42.95,47.32,48.91,48.51,48.69,45.77,48.16,45.95,43.26,41.36,42.9,44.84,43.35,49.0
988,38.69,30.6,33.71,45.74,34.53,34.66,32.58,34.28,32.71,30.79,29.47,30.54,31.92,30.86,34.84
989,33.24,25.66,28.24,45.7,28.92,29.0,27.21,28.71,27.4,25.79,24.73,25.6,26.71,25.92,29.21
990,35.26,23.86,26.26,45.72,26.93,27.02,25.38,26.75,25.48,23.98,22.98,23.81,24.87,24.06,27.17
991,35.29,23.69,26.26,41.03,26.93,27.02,25.33,26.76,25.41,23.96,22.86,23.79,24.8,23.96,27.19
992,35.26,23.74,26.24,27.07,26.93,27.02,25.36,26.75,25.43,24.01,22.91,23.81,24.82,24.01,27.17
993,47.53,43.01,47.45,48.86,48.64,48.77,45.85,48.29,46.03,43.41,41.46,43.06,44.92,43.41,49.04
994,75.6,68.34,75.39,77.71,77.29,77.5,72.71,76.72,73.13,69.05,65.88,68.48,71.3,69.05,78.0
995,47.53,43.01,47.53,48.91,48.55,48.64,45.8,48.2,45.93,43.45,41.5,43.1,44.87,43.45,48.91
996,29.69,26.95,29.69,36.25,30.3,30.36,28.64,30.08,28.75,27.14,26.0,26.95,28.08,27.22,30.52
997,44.43,40.28,44.38,45.76,45.38,45.46,42.81,45.05,42.97,40.61,38.91,40.32,41.98,40.74,45.72
998,252.26,228.69,252.01,257.21,256.99,257.43,243.3,255.32,243.53,230.8,221.14,229.4,238.6,231.52,258.62
999,44.43,40.07,44.26,45.71,45.38,45.46,42.77,45.04,42.89,40.49,38.66,40.24,41.94,40.57,45.71
