,copula_z,copula_y,copula_x
0,-0.9825200108544963,0.0018644129014441066,5.732634416693369e-12
1,0.19323622821291617,9.084042156420477e-08,0.9546564227803244
2,-0.9156433684796166,1.5881651509447787e-15,0.690283167410015
3,0.9148212660587264,0.0812698651715581,0.00014281693474200533
4,0.2178918967572193,2.231928662944469e-13,0.9999919429093675
5,0.2265267789932545,4.901720730681587e-05,0.9907502688104552
6,8.199628619559729,0.8877151375845616,0.9984620536085955
7,3.2190285304397808,0.13713472987399933,0.999999970941828
8,0.7131963154960228,0.03241118617370466,0.39040553293935576
9,0.7704231227275493,0.0001368915788388914,0.9998116385875269
10,9.195886791815019,0.7699622547615983,0.9999977362458932
11,0.5332730132677777,8.186878390416395e-13,0.2617699711763178
12,0.3782661159662951,0.007208261804168135,0.09143355058100729
13,3.9840020678794135,0.46207940075917925,0.2695871478002182
14,0.11726644460228419,0.1700073639477509,0.9999999999993916
15,10.946009894011652,0.7860336909894633,0.06726813074562074
16,0.8579543269453588,5.551389448906116e-06,0.7314323207606799
17,1.4473945212118218,0.043769842500993646,1.1592834652064185e-10
18,-1.0594499487423334,0.11932121358755832,0.09435668145812158
19,-0.5441163403483483,6.7551643814232645e-06,0.14906208930283127
20,4.100405740807009,0.738375647399336,0.9999936194972404
21,0.022313060463124555,0.003746020372458719,0.9476641054941812
22,0.2368713159075924,0.000339558237498804,0.9827090261605409
23,0.8833514474220301,4.389160755632043e-05,0.5476074984158245
24,9.008062437675758,0.998556324597748,0.9989872154466971
25,-1.1252954395757344,0.001395532662048025,0.0054675104944340875
26,-1.0370359925117418,0.0007115648491166552,0.6484211616346068
27,-0.8651180862394819,1.403520443858502e-06,0.005876274008812635
28,0.19563291106891018,1.0778241324902287e-08,4.018824748185073e-05
29,-0.2997416415763159,1.8515454757448336e-16,0.2700948137896998
30,0.14998789556702216,4.047811660822531e-08,0.9603969405354588
31,2.0083240985646538,0.07356377536517372,1.8181649431599227e-07
32,0.4993606479834169,0.02315459455504813,0.9305677670921223
33,0.9382749508671463,0.036142606848278816,0.9998224295973789
34,-0.8817205574718363,1.1139525196395953e-06,0.08670451178312104
35,2.0977149864327522,1.7723943967161725e-09,0.9999999998537329
36,0.24153451423397634,1.333903477925705e-07,0.001666473493186053
37,1.9547084531447791,0.08571879078306942,3.010417967231783e-06
38,1.393094326877689,0.21933928582883402,0.999604672368784
39,-0.6482159260804968,4.16420751617711e-12,0.9615425968105814
40,1.136884423443681,0.007489078848345447,0.9999999763800009
41,0.5223435112624158,0.004611628293418421,0.9575444825548529
42,0.3188861844780698,0.05548399198703569,0.9936287127617803
43,-0.09338198189951395,2.3882724775864144e-16,0.009145798199313541
44,-1.4185769688049248,4.599811118513984e-09,0.03315148525556259
45,-1.255947252894296,4.6346876147249576e-08,0.14228033150008026
46,1.3780521748981718,0.1865588971998669,0.0027014761127692774
47,0.6401759931563401,4.8823218883180945e-05,0.0480399850814662
48,-0.3471411301243994,1.786576251643255e-12,0.9997616138996395
49,8.628256750885782,0.9513069104084252,0.9999993286446744
50,0.5988246346826873,3.474957444151434e-06,0.9574127415593965
51,-1.190857918476032,8.239104281165473e-07,0.002897555759375867
52,1.1896994100590474,0.0005320213258514045,0.00235821712892953
53,3.848035981555989,0.4959351066889611,0.5236182603524921
54,7.402607955849975,0.7770221087771639,5.182134443297766e-09
55,0.7196217548328732,2.46647131645325e-07,0.9999999999998969
56,-0.51614235785402,0.002187250851285619,0.08557290243727449
57,-1.076680004002221,1.2000413855906895e-08,0.24226023796150878
58,0.22152387560448114,1.558708854789481e-16,0.999999980451922
59,-1.7523136143470528,0.012161075088702412,0.9994880132538712
60,2.6839076122659327,0.2126949990620867,0.9999999999999009
61,1.416148325444253,0.014688826047368974,0.4094522118623901
62,0.41208785990157554,6.997146106218547e-05,0.9999999999999993
63,0.0010172069531377281,0.010648566878138461,0.00044632626139053995
64,-0.07769454034994965,0.002476775531386463,5.675098584207536e-10
65,6.171465770177554,0.645525853350417,0.9998094272070941
66,9.632893728719798,0.8421147678539028,6.509494968585128e-06
67,0.36310004747085184,0.0004207788497267398,0.9183015077644213
68,8.34360413204352,0.9998921492156951,0.04163904900217392
69,-0.6279385926967959,0.006447131488303584,0.004851184681142358
70,-0.47085088457481955,1.756963672498106e-10,0.9999999999999
71,-0.5640501682592305,5.569929387007656e-05,6.724989939415322e-09
72,3.3730755258866285,0.3638931504023297,0.9999999999889758
73,-0.1423993969415796,0.003917961224794257,0.9973982763918372
74,-0.7194569267505908,1.8022365236463697e-05,0.08587460007504472
75,0.2157781223062901,3.3400338866787043e-15,7.432276507482842e-13
76,3.351927212669264,0.3089979142425326,0.04725143493778554
77,0.0801144548141534,0.001061820065507306,0.9999999999999094
78,5.501738254607859,0.4523645803089345,0.9983375081891763
79,0.5811212860263955,0.0015147927369438135,2.4584566781647078e-18
80,-0.04672682312759648,6.520883563530944e-07,0.9999968761516681
81,-0.51399780037192,1.425699438362948e-11,0.7583962434646605
82,5.555062111836331,0.6701766381180974,0.9999999969319364
83,-1.0369867962695414,1.8897963442800287e-07,0.39216714618739995
84,0.7568564931987456,2.1890982647067677e-06,2.1205294503358394e-05
85,1.2213738075939278,0.25759334676274803,0.975633662704497
86,0.6306495465568354,0.00015938093581862158,0.9267946589348179
87,0.034696343342072125,1.682779279758994e-05,0.030088012291401282
88,1.4317813764764422,1.858844475269538e-07,0.9956177957605304
89,7.91568639678687,0.9017804418222873,0.043923862095429644
90,-0.5233237982178399,2.0892217053883353e-05,0.022982199699640334
91,2.385910450536114,0.16133774571875498,0.9839298466158615
92,-0.4305093080597757,0.015540969565876953,0.4805152841538385
93,1.859454971965157,0.10064772691592293,0.999808319059132
94,10.191867850095601,0.9916573206125515,0.9999999997382093
95,-0.4541778865302797,9.00303034597277e-05,0.9998376692750321
96,1.0460386210365697,9.743856539360905e-06,4.886751377750257e-10
97,10.658320381003888,0.9999758185433454,0.9994157105125431
98,0.7135206718622631,1.9652642124581907e-22,0.5854097284558709
99,-0.2909809208625956,1.817315903121725e-05,1.0
100,1.334215429093003,0.2126658673438339,0.8786817911915922
101,7.554426614441041,0.5674463602232064,2.06840036395784e-05
102,4.615322427248047,0.3074360465276143,0.9999754975917203
103,2.815236905836956,4.0531540879930094e-07,0.8377181597000046
104,-1.817410619749966,1.3970648355480071e-08,0.9981163170835007
105,4.28950549930007,0.40868994308355355,0.8507337427503912
106,6.2218897839264296,0.8136365549392861,0.9489803631570106
107,0.41889484110537306,1.6508376236712642e-06,0.007207139019889204
108,-1.5692901067602045,1.0399556524891416e-33,2.305437805262596e-12
109,-1.6753190602922647,1.6303002015970347e-07,6.233632026144964e-14
110,-1.3295202493899976,0.0066227260232100274,1.647795654079095e-16
111,1.6146602936994088,4.499023557877387e-07,0.7295449548431342
112,0.029808664056562906,0.010748361238114635,0.8937471581226972
113,-0.171907229059818,3.0296189337276125e-05,0.18818535194860614
114,0.354775494208294,4.393564610976436e-29,0.14214460661508604
115,0.258979477695263,2.2358773361373472e-06,0.7160150771378142
116,2.2188792064981833,8.028020634813894e-05,0.4973232318990131
117,0.8336641549378304,0.000333235353216767,1.161473154312992e-08
118,0.9097174284397398,0.13278552058754584,5.224164388541939e-13
119,0.5907264971282855,2.7698542317819775e-11,0.9999999999974981
120,-0.19743695036564915,0.01292754342106114,0.5129507892573987
121,0.9408090516200174,4.4332649282290423e-05,5.919088818162044e-09
122,0.22947385487731445,0.046718096121614164,0.8931776925429923
123,6.67751427127149,0.7647434723980568,0.00012286802328385392
124,-0.3640703941010409,0.0160854235393436,0.5078610745842671
125,1.1097343688517034,1.3380883697256719e-18,0.9999998042178133
126,0.5546311524068342,6.89199151955221e-05,0.9438139109993274
127,-0.5646715700454545,2.8371642938105977e-05,0.01193273713419078
128,-0.27368936280165845,4.0854027563140785e-10,0.007999468428291637
129,0.5372457388832936,7.429728174595909e-09,0.9999998658118646
130,0.5590306390192594,0.0008899127986734527,0.9999999974432522
131,0.10419450289557557,0.004354084147075127,0.9962958986992855
132,9.317019878451747,0.9907908635516028,8.729127590734295e-23
133,-0.4708102076089742,0.02714111649215399,0.027866665182595646
134,0.5142991762782861,0.025872782771666922,0.001106406402379563
135,-0.2880385401422481,0.03255167602855873,0.9999912653790551
136,-1.1040836915254026,4.030054177966536e-09,0.01250148864240486
137,4.460884459492527,0.26523454257067103,0.9999999999999999
138,7.575015534067784,0.7545791685316722,5.567856397283748e-12
139,4.3906529021476945,0.2896970655524544,0.9994865793290595
140,-0.8161765413494381,0.0064754210398127645,0.9688084853620293
141,-0.36509154631141855,0.0007064678407903574,0.9131374736115995
142,0.7051977676356149,0.008013178520221572,7.770785390363942e-10
143,0.05899061961746501,8.110203149588957e-06,0.9565675719491649
144,-0.891829150731908,6.156768197478364e-06,0.8520279407838919
145,8.847456969192077,0.9376336813424908,0.07371545840294633
146,-1.6238159435612243,3.8758086322626774e-07,0.9997650802072615
147,-0.3496219900897954,0.03566286750449276,3.0367149661426397e-15
148,0.23540936002119436,0.006940130996155378,1.0470916758774752e-17
149,-0.5848644780778924,3.422749884772406e-08,1.0585565176538241e-08
150,9.785693048535304,0.954086644997648,0.9999857097367816
151,8.017011531027165,0.9396212915778959,0.09671453279822477
152,0.435739006321615,0.0010382076069171615,1.0624900324063253e-05
153,-0.9643190491890723,3.6567461638324896e-09,0.9999639975543028
154,-0.8778859921507416,3.7203023077890764e-08,0.999999756972203
155,-0.4467175494554514,0.0007771001905553704,0.8776498616145799
156,0.8344020209016082,0.01451291404148556,0.30776646445583433
157,0.9666764940009948,1.6650647795989172e-16,1.0989207922711977e-06
158,-0.05416832177237918,0.10134554545884547,0.4385771977692445
159,0.22480332866325403,1.9674303922444664e-05,0.007080991151122941
160,0.32078076702985653,2.40913169390868e-07,0.7757591325949724
161,9.941460155224407,0.9126870224573446,0.004054060780884591
162,-0.16598803248351363,0.0002660776816348427,0.9902002588437846
163,-0.6954926865662282,1.1075984485819207e-11,0.24334584926078542
164,-0.20898555303713331,5.475626689932953e-08,0.00024505466937420946
165,0.5898759757719491,8.888234367651235e-18,3.3592233008769353e-13
166,-0.7572906945171074,0.00030520953192740596,0.9999999993254447
167,7.159981916112507,0.8335418036203449,1.8398088763705337e-06
168,1.1703301519459715,0.00016389854685269084,1.0
169,8.72344190285734,0.930433603796808,0.999999264876346
170,0.2695209914584504,1.0976717748776707e-08,0.9735378757300546
171,-0.620623032850952,4.587872358702078e-12,1.0
172,-1.0622008208133775,0.00022645500627810125,0.9988493827174262
173,-1.4085250110292178,9.641795535222628e-06,0.9957119408552518
174,2.046493841801963,0.30912426230883394,0.9999925624477742
175,0.3672862550493697,0.0018360091064496967,0.001931595027965858
176,6.032874575919881,0.7770996406336064,4.471213287384746e-05
177,-0.9390390635313306,0.02480600173082577,0.021038708881072652
178,2.7901399647598457,0.23680089099917984,0.0009299350378692404
179,-0.7736570198261008,5.059948641714051e-09,1.6972991814152744e-09
180,1.6313007800022008,6.736033812457068e-10,0.019591953232623704
181,0.2672456983241215,1.563566708490392e-05,0.844371563385354
182,-0.19824392627694434,8.504732045903557e-06,0.999991744042266
183,0.090736328130164,1.2845352629438442e-08,9.883583776695744e-09
184,6.448138701056581,0.6266829258880973,0.999995993884053
185,-0.5693064868079885,9.63088694627783e-11,0.9999997618705863
186,7.820337315273079,0.6848883822106288,0.06845057901422145
187,1.851497550362919,0.005718026663709976,0.03845245196067323
188,1.1529202517488706,0.1350334719482898,0.8572491872309812
189,7.438141601123874,0.8590329514687075,0.0012334251886942287
190,8.724726327394503,0.862970563818025,0.999983812498685
191,1.2103174124106069,1.937177875159915e-08,0.9999990496035173
192,2.000545691494226,0.06607959732284695,1.0
193,-0.36921234978693773,0.0008361133137437423,0.9999977601026602
194,0.5585151381256995,0.0002540639594135512,0.9936349124550778
195,1.3355011589593475,1.6856837663418154e-12,0.8226420717134736
196,9.931226811799403,0.9831359448473289,0.9999710257816138
197,7.13751359785482,0.913450495648304,0.9980910209253826
198,0.05589893723444192,3.226670300422326e-06,0.00039276987841549833
199,2.475903197593848,0.24323805236619703,0.002019406409940679
200,0.35769044576641273,3.6116496802883966e-13,0.532065146302236
201,-1.0119734931897773,0.008796130508974006,0.9999948337557679
202,0.12447835953804347,0.01506933287745035,0.9999999999999943
203,-1.665357583247267,0.006807412215432706,0.09853722987427417
204,-0.025009682278933392,1.884123791613005e-14,0.30021659642363213
205,0.20223483250869745,7.01589076634171e-08,0.00012155945005869775
206,-2.2011630130051727,5.245774694272101e-13,0.9999937770701829
207,2.2277234428258406,0.0040848489311972064,2.4963483138911915e-22
208,4.263291024100861,0.6444624612068274,1.514210210594758e-07
209,5.614631238431272,0.572868757844016,5.2048909180626314e-08
210,0.36959064806596365,1.1066668932925627e-14,3.562253042141431e-14
211,-0.37704581272578896,0.15384870752760468,0.9980860407331611
212,-2.655458575950228,2.280598619144658e-06,2.2840470288266683e-13
213,-0.5404553867854461,0.029444140984498723,1.0
214,0.3215270273740612,3.618695593719932e-07,0.999776485837705
215,-0.9202957484206981,0.00018667375481015721,0.00034846717389433934
216,1.0918643861081616,5.2965497735381873e-05,1.581125906621562e-05
217,0.4951134265491615,0.0016631693381495049,0.9999734331521317
218,9.650383387802435,0.7558910924395235,0.7206659155351035
219,9.28862274428332,0.9984924034761767,0.9999999985643111
220,0.9400406192300037,0.12577674586727358,1.3524735224499798e-11
221,9.65865076549954,0.9990647410129124,0.32622634719492527
222,-1.1502073931951469,8.627091834855569e-05,0.9998782466295824
223,8.753481748058752,0.8840806552544164,0.957240280783578
224,2.705182618037219,2.2501163591916842e-10,2.3797752920756892e-11
225,2.7166108583309194,0.3922228784672457,0.00016407563927662352
226,0.33401685850603713,4.793172718631711e-06,0.1369390294590791
227,1.1704849235430101,4.061266306580137e-08,6.37268106044276e-14
228,1.8789147307987082,0.019742311654486845,0.9999912018010211
229,1.5070734325476907,2.5358101936946017e-06,0.3262395333463298
230,-0.6851843717731007,0.03625829831280852,6.575951362720352e-07
231,8.347790990987551,0.9185277450443597,0.99999783243348
232,2.051037197062883,0.019569436666651605,5.242667192796836e-06
233,0.4952328309944082,0.00948048154405969,1.2214810668063134e-18
234,0.4308752182591343,1.9146010038595053e-06,6.041024327255906e-08
235,1.0603161110903092,0.002090657871993097,2.486511450597336e-05
236,-0.5874135568297636,0.15856607816028492,0.9995397744526677
237,7.128534805539571,0.7907338406452005,0.9999997259092308
238,-0.4161135873258358,1.0737480959188714e-15,0.9999999950490558
239,9.020123363556529,0.9054676306612097,4.8541299577357453e-08
240,-0.694471752423344,6.068911612924149e-06,0.6240567075581147
241,0.8015695197293485,0.0008321321729121468,0.999999767932991
242,-1.0208229396485098,6.756239440111071e-07,2.927736656099054e-05
243,3.898572808333217,0.47131300055668285,0.06227600965764392
244,-0.6674567123916674,1.0335626474132556e-16,3.5212998920277495e-07
245,2.0145249233121856,0.05215276684376752,0.999999962302732
246,-1.1493437355462435,0.003974046574137693,0.10808325570854246
247,-0.8877183768130644,0.008366486649704494,0.9999999999991788
248,1.0502568932013874,6.518679819803577e-05,0.9999998880460529
249,2.1192207867427157,0.10651792796779035,0.9850104858495596
250,-2.4561639737893137,2.4377634448602565e-07,0.026457482763256206
251,1.6365030603348103,6.282210658419419e-06,0.9897150276526937
252,-0.46850318186413725,1.2882780296218648e-08,0.9106699771208192
253,-0.44646981895783916,0.0020762982760150774,0.9999999999999871
254,9.005297827326935,0.9970033923767304,0.999843640065373
255,-0.09284827160383291,0.019163588995155495,7.565392502579511e-07
256,-1.3393616389529168,6.813210712801932e-14,0.6848730639978433
257,10.18976376974054,0.9925365482803802,2.860296930515182e-10
258,5.3062852555725595,0.43458903610222843,0.9963862771214242
259,1.7257921091634765,0.005608618791064677,0.9999999999960183
260,-0.0024005564014489833,0.0372900604154157,0.8974007470989894
261,-1.782295527816358,6.473828392266155e-06,4.242600848771927e-10
262,-1.331040972405088,2.8863087556247865e-09,0.9994393159457128
263,3.1109168191818197,0.028675237794944936,0.9107374037294526
264,0.1671422330741046,5.8743540812153605e-06,0.0014043802231218253
265,1.320066634783997,0.00038732944915090473,0.003897921287055812
266,6.807909511741767,0.6822286229230755,0.9461585380760873
267,1.0416986149319185,0.01055638921988774,0.9497463310981866
268,10.996765503923593,0.9788156772927314,0.3919119255772175
269,2.6078039202786916,0.09394461552424899,0.9757478548436632
270,2.2061782175959115,2.6187525932555673e-06,0.18887656652735496
271,0.7641179973874996,3.597177040713606e-05,0.9999995597468339
272,0.42731326245446327,6.914703202024538e-18,0.9999999999999741
273,-1.5796572903088704,6.446430740407839e-05,0.04765370821404038
274,0.7690568464161124,0.02615928684169497,2.2833326949565327e-06
275,1.4853542291916773,0.21426544912345158,0.9978149390110801
276,0.9733932000083868,9.146277771727187e-09,0.10688224769751704
277,1.0464456404292972,4.695584051866192e-08,0.28608421704406883
278,-0.4669293197805566,0.0008358783170173115,6.327270590047937e-07
279,-0.5487570989695002,1.0013003298111538e-06,0.9999999854753485
280,7.601633682549504,0.6913411477300699,0.0919770077792869
281,-1.7049414259145261,0.0018614428398970471,0.0054494235862831125
282,9.69191132609631,0.9441638561699383,6.695635652072989e-08
283,-0.8652648828979644,0.0003617955479375887,2.8726435462757744e-05
284,8.757235642619412,0.9998263428934498,0.9999999999320498
285,1.4032386777422532,1.4289530983854474e-07,0.9963534280795079
286,-1.1109206681789598,0.0005083892120684438,6.026249932448014e-05
287,-1.4496282584188258,0.0005410904784963769,1.1390812581245054e-16
288,5.0217641893355935,0.6682548991951379,2.9385985516878056e-05
289,4.925333885992458,0.41623817904898897,7.608427758133776e-10
290,-0.2836793610801989,3.2246182731736123e-16,0.9999999999985287
291,8.784618992663773,0.8156581880882092,1.4343368669911217e-11
292,1.1191993025819422,0.05299745319814814,2.833638266749443e-06
293,1.9599443590209908,1.0206687754755165e-10,0.00795612339887528
294,-1.1209026767371688,0.00017404577621809615,0.00014441581702281041
295,6.623925385778996,0.5961019912499688,0.9947672478200146
296,0.05235971110347677,6.580179481544175e-11,0.4930370153747476
297,7.823461011038141,0.9984970931415822,0.4976713755965084
298,-1.1141176305244347,4.203285127235831e-06,6.3868661678189535e-27
299,-0.44935097738777885,0.0001996961338340213,0.9977968927676739
300,0.8620852136275028,8.228271408055809e-07,4.150435983248363e-12
301,8.703612256518232,0.7762688628262456,1.1090215133609922e-07
302,2.2937318474528885,0.2872930143964847,0.9997313525788615
303,0.6885051394052355,0.05819958262681357,4.521460624683379e-11
304,-0.7513397784701586,0.020884783559487943,0.9999946141438812
305,0.2560598923020239,0.004150685738316631,0.9811627570580047
306,9.007122634074324,0.9027569496085206,0.020891232505207417
307,-0.14241095883559227,0.0030911323788615414,0.013007137661495855
308,1.7985386352709285,0.13540900199480882,0.9999999999997938
309,1.3209431258144988,3.1784237543681386e-05,0.9999946447576086
310,9.565562209593764,0.999322383003913,6.9703323551417626e-06
311,1.7507454959150308,0.0014833590040381306,0.08991011821874835
312,0.7514036176931936,0.007575675931705443,5.717256630260315e-06
313,1.5185686109694718,0.0009520429731907983,0.9999993822524006
314,-0.14856936057504685,7.098359176903561e-05,0.43674391085390357
315,1.2819482238093962,8.14476950706652e-07,0.9944185859250504
316,0.0049699789595222255,0.012150593796057345,0.40966367194670533
317,7.349600181910411,0.7491060653565993,0.9987778152172869
318,1.1058302966297762,0.0072969867890448695,5.186508739750389e-13
319,-1.565862194433902,0.004755306041829732,0.8964697503823572
320,3.026178906847761,0.19975370441919796,0.764725657838942
321,9.497352956926525,0.8157008895758536,1.8951250757297859e-06
322,0.7200775357500308,0.0002947607881643799,0.018638009862701796
323,9.945663005795522,0.9683546687909953,0.6417845182415954
324,0.0768786865227893,0.0023354178054310667,7.001546961070879e-06
325,1.4222038816027596,0.0401171048548375,0.04139251718347407
326,-0.4023843147407256,1.2543445288671905e-11,0.999974007826077
327,0.9725418706854297,3.0427637990884184e-16,0.9403427307295087
328,0.9669028382146669,0.04685829052591539,0.9998683367190783
329,-0.25382189759329987,0.023019995173111877,0.9851774993683848
330,2.9427022684491404,0.3211116042550598,5.4013183103727924e-17
331,8.767748162309157,0.8970095661400905,0.999052048691024
332,1.0283573425559447,1.0955121741360461e-10,0.06398309285214958
333,-0.04873178855840484,0.0014994772020648689,0.9999987434120616
334,1.2861524780242874,7.715097650358712e-09,0.9213880406696943
335,-1.7996621316961285,1.2943127385098487e-12,1.5433704819475945e-05
336,2.430981153558105,0.21057185369963888,4.568792570934817e-07
337,1.2453850125679617,0.15385879166669308,0.1730440092774012
338,0.48583800824789464,4.9004757194253e-05,1.2816710760288547e-10
339,1.0740084785131407,0.13080561023602968,0.016828837189445885
340,5.566135791956091,0.5717697474934107,0.999994491778186
341,2.34720433905112,0.10395652425509622,0.7700240817680377
342,9.229291159463179,0.7838236385349292,0.9999986965416088
343,-2.52429334110486,2.5612902217826185e-07,5.900578197940853e-08
344,-0.487662525773002,7.64305321802947e-06,3.1276252295215195e-10
345,0.44466938698641567,0.007821916684941088,2.019005576285737e-07
346,-0.793043985858671,3.2751984652048704e-06,0.9576491789160075
347,-0.14935212112135823,1.0440871428171745e-07,7.798937479085075e-08
348,-0.2843255373692155,1.4915465154255207e-07,0.00042217709992435116
349,0.3793856591644843,0.009938646329224064,0.9909148337584887
350,-0.2418745528796466,0.004939480535240526,0.062027144821273104
351,-1.0212554849623883,0.11740524122177079,0.9999999999719466
352,1.113869719352087,0.021089252477744805,0.9999974994065578
353,-0.18524378731160435,0.0005147437917167496,0.0034454808506994288
354,-1.2306541828130686,2.1186200362018903e-08,4.5752061535952876e-09
355,-1.027375124480027,2.458966176447542e-09,0.9938982353650362
356,1.2703912888807207,0.20768624612450332,0.9999999877486077
357,-0.4388875662905725,0.015465834644135661,0.0009224356008471094
358,0.4998422999347477,3.860900403038812e-06,0.23583970311461822
359,-1.0423651538793155,2.9004357181065854e-18,1.0
360,11.2347094036681,0.9825527092101228,0.9999402449774406
361,-0.3105975479184829,0.0017841412082753327,0.0012019510416067275
362,0.4410744062934808,0.014666393230064034,0.0047848065162377305
363,0.6184505312141216,3.095032530325166e-27,0.0021569403184878728
364,2.5206500946379284,0.14831765954157622,0.22811823184667684
365,0.21824089897656565,8.91841407138733e-09,0.9980357517058444
366,1.5948584675772572,0.07351593959391653,8.327741926372595e-07
367,-0.3629333712214885,5.222172706536562e-05,5.6060367752285874e-05
368,1.9824860125719161,0.020246162851473407,0.6231280157869088
369,9.022080355862068,0.7568873580252308,0.9999999877939951
370,1.294239703135616,4.469016650524275e-06,6.811681584165541e-07
371,1.1262681819784146,0.13916683376562336,0.9980192346278838
372,0.783657541583441,0.08774982620866781,4.071165066656897e-05
373,0.9906876844430685,0.0026595707004258757,0.999999640922679
374,3.1589049761435626,0.23398215783909126,0.9985218822190556
375,-1.4561172955745652,0.0003312887073401604,0.9916406370887582
376,0.17859165364289087,0.13016912602351735,0.999905891772649
377,0.04832417339173689,0.03872148475221863,0.04611873815272159
378,1.027031228669291,0.03801279965984452,0.9991206111010972
379,0.9708871712444428,8.700895075007803e-08,5.128170183196498e-07
380,0.43618190534671086,0.13292184506505156,0.04738277631332784
381,-0.6200687724760976,4.01471637196763e-06,0.9936704846474731
382,-0.9633876151003752,0.036758177819839,0.0034599618526077246
383,0.07460524638794243,2.9430659565507857e-06,0.6570435746009938
384,0.6641001211594763,0.00023515869705046071,0.00034409910180109837
385,-0.19656630530784774,7.363937743243653e-07,0.12681891075220306
386,5.973154017787068,0.5134547676412875,0.927452757219645
387,9.688980301352798,0.9649246408867869,0.9999918722219698
388,5.32474581918326,0.5173379558295282,0.00040716258706473653
389,-0.7547651379543735,0.029522613943289776,4.632554737952801e-09
390,-0.2566900133184514,2.2286761548470987e-09,0.9999999047860636
391,-0.40286217764347876,0.05534523306472103,0.5035320878239802
392,-1.7030459175024897,9.121213229087322e-06,0.4465645994992169
393,-0.3446697394766946,1.6969075722868516e-22,0.273866242403645
394,0.9018482054280589,0.0010659439811513426,0.996033230248291
395,0.6769066649498969,0.000505509861817473,0.9319802104702473
396,0.6826298933881703,0.01980287652990605,9.457271323155546e-08
397,-0.09053216899228198,4.387896036262175e-10,0.9996320157091828
398,7.0505920597302065,0.7263465591173642,0.9999999658845123
399,5.007938533821681,0.42809168092119687,0.09969257403070025
400,2.0835374289813435,0.16553508652185228,0.9995947370703713
401,3.4590371732750187,0.17454307469168653,0.9999616855307565
402,-1.1687152562651815,0.003543831644848297,0.45608460795719413
403,0.3494090393086177,0.0021691873977446466,9.304745346567761e-06
404,1.7110643913304864,0.00012537215168904832,0.004142201629375368
405,0.7061376776649407,0.06177150987511998,0.3426913648439938
406,0.6994114391748,0.0068653827138520675,0.7067027569415917
407,2.289649296056477,0.133765933255856,0.9994639915489112
408,7.890988037838731,0.8810783632802383,0.9999375681841829
409,0.17541487480329637,0.051503265784383266,0.6847185277795624
410,4.04324110654581,0.47064550767214175,3.0749056176127878e-09
411,1.1973224905651032,7.053177337031772e-17,0.9946432851594736
412,0.15676108345768816,4.576816322086477e-13,0.9997747709719527
413,-0.8287424561261141,2.071074549686456e-07,1.388878140315582e-05
414,-0.005661723649587083,0.00010324839376226728,0.9772645752160992
415,1.675679595723507,0.11211563438394033,2.2417803040492778e-05
416,-0.5287767671530136,0.009451517797418473,0.010666559501105295
417,-0.1361844411201277,0.00010067860277218789,0.999999922384298
418,9.149861099691755,0.7984711723836488,0.6418610675368264
419,11.261780930068186,0.9842940487560999,0.8072124598817388
420,0.22366767627173528,0.06468072797039132,0.9999999991602483
421,-0.39108228952631047,5.629520432159634e-07,0.9999999998118932
422,-0.005987617488126304,0.008389347549956619,0.055256912132839515
423,0.9008563867433493,0.001041884164974498,0.9999999999985949
424,0.19416156610852836,8.242563439897641e-15,0.5641988019674903
425,7.089696582381815,0.6613837344048181,0.4602537554510049
426,1.6825451185368165,0.026912018901954705,0.005742436243464829
427,5.264834095436134,0.4378235920155718,0.041717895332359076
428,3.057846778863037,0.16375177510403194,2.3187233332253857e-15
429,2.044044876208758,1.9946655901990873e-11,0.9999822791461909
430,3.970866749657601,0.48338099117671357,0.9999998772400355
431,7.105416914751735,0.7341922868439799,0.999999999927789
432,-1.2072434315993243,9.628371531275208e-17,5.915427664188458e-05
433,-0.436012448618336,1.315183102642399e-05,0.9999999976226333
434,1.2623944606366897,4.12445120531883e-09,1.342514477032067e-05
435,0.9338089499740668,1.3538852922502808e-10,0.9697186488112455
436,-0.4879535053266303,0.00012863547842844925,0.0047634635257511404
437,0.21673919058237137,1.7372173488799692e-08,0.9999926893036537
438,-0.8323511663736612,2.6633327727756277e-05,0.9999998690164809
439,-2.1704911708611845,4.116924642156502e-13,7.0562854465673296e-06
440,2.2354385787523205,0.1389233413503655,5.612769475718357e-05
441,8.992224499615514,0.8720879325299642,0.999997529325508
442,0.45495781646323613,1.0518122204086893e-13,0.00032133968253663324
443,9.812520136167915,0.8842458175154017,0.999161566336917
444,-1.6472788116145252,3.687048613004186e-06,0.037991369047710055
445,0.6019368192254861,0.0680612608444516,3.404414214373588e-13
446,9.327024361905082,0.9779733955428649,1.1402311327626418e-09
447,-0.1674101882221736,0.0051537423103362205,1.8298043781507785e-08
448,1.6930523340556842,0.0026676783057532336,0.000595680385758223
449,-0.8904608318691637,0.001377559440808165,3.3216377534317896e-07
450,1.0531057450259438,0.0006141100234812986,0.0022755687943173536
451,-1.5342867850037671,8.68382051900874e-05,0.0024755790029814036
452,0.9543269188035608,0.0029519177699252603,0.6180923137836903
453,0.5440945200630459,8.119485349166448e-05,1.4682769401571079e-06
454,8.814068919861695,0.86984596657752,0.00024561255489407484
455,0.7322893730632928,0.010510982356990113,0.9999999893325546
456,5.247691862524936,0.6653465600199667,0.9259409964684246
457,9.269338189903502,0.9517384366563229,0.8167611296753521
458,0.35181627941160587,0.08324304084196357,0.1510401966567903
459,0.7506737534598114,0.004979449192405406,0.9999999633437976
460,1.2254601034086408,4.0601517644028925e-05,2.995192293269346e-11
461,-1.2294279415271145,2.451570938339341e-06,0.9986255871616366
462,-0.24943865233664492,2.715280136573928e-05,0.70166496189652
463,-0.215845348732959,2.0788411129583437e-07,0.9998779459275503
464,0.3500609540636077,0.028873180366836188,1.9073181151884404e-06
465,0.49824377192411257,0.0006978038686518772,0.2982019248796054
466,8.359368111885418,0.6887265713121444,0.760132431780552
467,-0.9209630690203976,0.030991808263892178,0.0005021851590895884
468,2.533667914351627,3.6632340805819637e-11,0.7594014900541038
469,0.279530467755138,3.809740921109297e-05,0.9906779278358795
470,8.739870496943702,0.9467783330673373,0.5435989363782634
471,4.379369512605683,0.48661785139674363,8.427535523160672e-06
472,0.693309368215512,4.575270386553319e-12,1.2543081987930363e-05
473,4.4770584897801875,0.6472876779657952,0.5538648412127422
474,0.29353378943780545,0.0013806474618432848,6.01223394852246e-10
475,0.1541951740545557,0.0029826303511986626,1.3340751381618814e-05
476,7.988609236253852,0.49696998069077064,0.27100038459479603
477,0.28136829941570585,0.007562811409399407,0.09383010002209657
478,7.937048837619897,0.6978566765012603,0.9171101212946154
479,1.6451664648424122,1.6578564294403697e-06,7.150305259697052e-05
480,3.743039291130131,0.5277325888528972,0.9947009637422191
481,0.14419204028965996,0.0003266765915034016,0.9999999352470847
482,8.127883593913694,0.8207167766864274,0.0407460155831869
483,0.5094687291212074,0.0003935391758255037,0.0014638684626255988
484,-0.45563775983937077,3.9225768535255514e-08,2.5830235132953106e-14
485,7.692571843109355,0.7932452222257389,0.9999822385067567
486,0.9939311461887442,0.10971137584555823,0.4482271931296173
487,0.7419677353074284,0.09563550704733383,1.0
488,9.522954690487348,0.8307979187493786,0.011953399070461593
489,-2.308367719951633,0.03106015410844517,2.895048473026954e-11
490,0.5785279351410773,0.007270814090864868,4.863800948273571e-13
491,-0.24211844393169646,0.00978044724006123,2.162162222821815e-08
492,0.8878872155836113,0.07145867238991507,0.7712039295454957
493,0.16109262409501268,0.06221597968002599,0.998546690622125
494,0.04802352113442153,3.182043647150934e-17,0.005113879930894588
495,3.6111591652794095,0.4053119786094784,0.004621144224464322
496,-1.2047646612431375,0.0009955573473448007,1.276438777104238e-05
497,0.2870792975721848,5.871688386953485e-07,0.9999999999997904
498,1.2777966522080588,0.0003896174857018441,0.005912282547583924
499,3.97411498246931,0.3355951688704551,0.6867960560780874
500,0.10192644320886302,0.060825103943217294,0.9500413764500936
501,-0.8247176559255446,6.686287915103935e-08,1.7719889312194795e-05
502,2.9278610888756553,0.08098569655691598,0.8405806063904908
503,2.868508719986955,0.24112218810582595,0.9999877304443026
504,-1.6066141839317194,2.6469449687901073e-05,0.9999758628259346
505,1.9589008434171475,0.2969648371067338,0.029182245623260755
506,3.357584882081582,0.4168069045657385,0.9855968875518967
507,-0.919851404571792,1.75056118458704e-07,8.599652538399664e-08
508,5.211221430100353,0.4034191935769977,0.739157160446104
509,8.032820959696148,0.9764327857355779,0.8873572795646151
510,5.5676699272919485,0.6920985439701616,0.9988955643162
511,3.537122260674484,0.46948998824690247,0.37653080878312234
512,5.9794840871082675,0.5587391115302945,0.0011315106266218359
513,10.166238802449271,0.9999726295181285,0.32007708040185495
514,-0.7084690400795645,8.89712025054756e-16,0.3259414742805104
515,1.473540647357584,0.025233363959852474,0.99999999995497
516,4.043601162595046,0.24218056656523915,0.06605058781526345
517,-0.19952174091911806,0.003244209074964094,0.001469868285433246
518,-0.19062512648069488,2.7082799993962707e-09,0.9999999987031827
519,7.826231805379104,0.8053087583971423,1.5709663532111092e-09
520,-0.8988546125952327,0.0032522630482877376,0.9999999977048909
521,-0.052066435178082314,2.4419548466391646e-10,0.003147060133075709
522,-1.228821283362679,2.5284928465013894e-06,5.6512722632125685e-05
523,0.9563613942120788,0.017519055595887827,0.000135034861283565
524,6.565798942275324,0.5937079872827619,0.002520327311184318
525,2.06328030213806,0.18770053485059712,0.43605382886567506
526,0.5039394636193981,1.9077566663360298e-11,0.5926806757111128
527,0.9381889232540002,0.0015374706750926393,0.447267989698646
528,5.124932761434326,0.38264533450902943,0.99999939426027
529,0.2649399835116589,6.190909703803175e-09,0.9998164178884744
530,0.732740258774648,1.2737464904714362e-17,0.9983053340813621
531,0.8369732669441446,9.65077276221489e-09,0.9811717196243056
532,3.5540173955483803,0.47788883107841706,5.3524004923981316e-08
533,-2.0285931401182524,0.08065220530256413,3.554447809132616e-07
534,2.6324689882445202,0.2782876626133362,0.17360325458247047
535,-0.8378511177686108,6.069367541489215e-05,0.9888070006680074
536,-1.283414196345799,1.733769166049243e-05,0.9977064474643791
537,0.3176821353846661,5.64222921734658e-12,0.9999965331679189
538,1.8894441964163307,1.036464128148702e-06,0.9997973976659297
539,1.818517747335533,0.05255103349508027,0.9999310801674509
540,0.9262537261915397,0.0007103945606068545,0.9980236889704079
541,-2.0146743532359825,0.00011234459798310259,0.07240247641580927
542,9.213745024198216,0.8787514745958571,0.9999999751319119
543,1.008285054275099,0.00015038085831186476,0.00015720680844345656
544,0.5892383634958411,0.018947415522133023,0.9999480219422598
545,-0.48209773080930546,3.918570095097927e-11,0.9999999270924155
546,0.7340016431813156,0.026086038489781565,0.227858675562751
547,4.67409383194399,0.4365353416165175,0.0018262501367931772
548,0.47781044053230226,0.028586647090799763,0.999982703415075
549,-0.6666880444078771,1.6225535436929803e-07,0.07176427572284091
550,-0.7565133322744566,7.634386183943329e-05,0.6584013866875824
551,-0.2878491932292435,5.542658796901693e-16,0.9892190254911755
552,0.11859788625529519,0.030084375306258144,0.9999925887747799
553,0.5066479804983002,7.021587171273757e-05,0.2529402708374965
554,-0.8068811293410686,3.7416764724300284e-05,1.5929574677641987e-05
555,1.3717248769022614,0.10029493845399298,0.9506292335664867
556,-0.7405756756321038,7.148159808775471e-14,0.9970478927076301
557,1.2788651775992974,0.004465211899501013,1.0520060905316373e-05
558,7.387356081354449,0.6678151833974291,0.7935200226976988
559,-1.1401412892758735,0.0009175710309033363,0.3003594591563928
560,3.139401271961612,0.33833612717643435,0.11566296768661861
561,0.14013348632631584,0.0011680538550443644,0.9999999865040459
562,-0.6307141618814294,0.00021202796695081393,6.33711294723321e-07
563,-0.17643714128019564,7.397088339455362e-05,3.770600739541547e-16
564,-0.4743918755548514,9.614820544011481e-18,0.9999973773343837
565,0.7033371408245641,2.828410025140909e-05,0.015643941851020277
566,1.3517441149227494,0.09458506889484343,0.0290844587180128
567,0.7449016985766541,0.028210732896669283,0.9835174237954578
568,0.36691401245733846,0.222202828353761,0.1540944324652157
569,0.8976015867136851,6.474902364911069e-10,1.6708454241716562e-11
570,4.298246888530723,0.3952931553727274,0.9999616800977535
571,0.5109160231082432,3.850359850187964e-08,0.9607341138595252
572,10.39081749952373,0.9830981943638042,0.9943695723441421
573,0.42916324052620486,0.0006575180046470014,0.9999999999892173
574,-0.3452793968859131,0.0006213869499948208,0.876280384514104
575,1.372203790258372,0.18184521018564725,0.4491474583823541
576,5.585526480955912,0.5696422042798522,1.3249555103540796e-15
577,-0.6175028586183526,0.002199690205248091,0.9988730313340283
578,0.13630424067988037,0.013784025847009364,0.9999996832699253
579,2.9830997217305892,0.2417961653474501,0.958048008751494
580,2.104351449462006,0.185996672420117,4.372234840615708e-06
581,0.5384839680447583,6.220292528438839e-05,0.8344886571775735
582,2.479147849449528,0.24022262592263577,1.0
583,0.4425064873692761,0.19381657712545375,0.9998034237675147
584,1.3571026043885983,0.0002522506776877084,0.9873244046688989
585,2.8803897330446615,0.04097934716572452,0.7014733581476473
586,0.7028324538552173,4.1163279596958945e-06,0.9999832806168716
587,1.2225633737554273,1.896669187115774e-07,0.2460792672192937
588,-0.6237571094065104,0.003086425334860054,0.9999999999993113
589,-0.11893389676939907,0.00011917059315464788,0.465833444413913
590,-0.5516207948576093,0.0036257704737846716,1.4645811426636348e-06
591,0.30811859490257715,0.00015866714326654842,0.07098749094128541
592,0.7864088605151378,9.728351495046392e-09,9.941493530815833e-16
593,-0.6962940023909702,0.019770721043761718,0.9995665188261412
594,1.2794141760067272,0.06962275144606658,8.775294853115779e-08
595,10.235946316912147,0.996156785116557,8.497125554962445e-07
596,9.183915699571353,0.7881937832257359,1.0
597,-1.0141919084648021,0.002614954433089931,0.6976101469528915
598,10.003356877790907,0.9555921365166451,0.4384826677037981
599,2.2282762276716053,0.35000277668409857,6.900234962806184e-11
600,-0.23752760790545335,0.02383229204284363,0.9999881047448517
601,2.3250752457831716,0.20779992808633138,0.9921645447415376
602,-0.04537928938957256,0.0009623935343409574,0.9813817960485179
603,1.9272660270702313,0.1503528872520833,0.017907459543266318
604,1.8515158395074487,0.30345249937220947,0.9999551361995985
605,-0.23789628262416387,0.016630374337552253,5.7770384777813255e-15
606,-0.9367451289174368,1.9372251912762893e-06,0.0003036771544373415
607,0.8386091950852587,3.976465715630615e-11,2.721278923016965e-05
608,0.7868542485628383,0.02666090376928562,0.00488127496412575
609,2.1033835601972926,0.06394328520438355,0.9999999999992071
610,-0.69118200133578,3.976027237864844e-12,0.26460922356573485
611,1.9993774476602022,1.5991873880836713e-07,0.02717329185581365
612,10.53648800041956,0.9240931024293859,0.9999535093253209
613,10.933509437829347,0.9485006703986026,2.2142137892000566e-10
614,-0.541923219346811,9.553465082321408e-06,0.45490090258702154
615,-0.291867435207107,0.005273293615842947,0.9999993073131047
616,-0.2095651745974813,1.1429366041882207e-07,0.0008526202850833974
617,0.7476587783131804,1.5251848653482783e-05,0.8154990794895708
618,1.1566685931851626,4.988954290593828e-06,0.9748168985613349
619,6.046901734227608,0.5549399088316544,1.2442408644337075e-08
620,-0.8525563388251178,1.089169749884236e-12,0.804898057614051
621,1.9750936990863808,5.118167836241645e-09,0.5223159222799202
622,0.7047567320241045,7.565760934109517e-11,0.18936732904762918
623,2.247526390496777,0.0006927890807567805,0.9999999999986733
624,3.220483978972474,0.3994028690405431,0.009936801632734159
625,-0.719347361782908,0.12995551810944642,0.9999940385559117
626,4.634854461552557,0.391377649786338,0.9997642411754896
627,0.033961905775360436,2.980431440042456e-09,0.9995871859833179
628,0.6221880280990515,0.004435242622113217,0.9999799936863613
629,-1.2081181497952935,2.8000620634741087e-15,0.9915674475036768
630,-1.8463292564078029,1.4501691781108068e-06,2.112796124722206e-09
631,8.304149629291041,0.6041409826583749,0.8012014277361393
632,-0.26466978070200153,2.4339126954984347e-26,0.9999997381182507
633,1.2554186767288664,0.15212503636634683,1.250127800558297e-07
634,0.6296161699731397,2.1941592373168893e-14,2.372450847908664e-06
635,-0.7893283853178537,0.0017852983693330982,0.22158509917242805
636,1.2492024321407404,0.18224984140559525,0.09535812833258905
637,9.203037786776257,0.7931826168337133,0.9999974544395117
638,0.13060893788922867,0.0002735453128255236,0.832637643779949
639,0.015353235642079171,6.438192441064189e-11,0.9668291153346371
640,1.0239578883545817,0.0005138080336865637,0.47361441793047754
641,1.4091353425363757,7.476989580135528e-08,2.122892769600878e-18
642,-1.9097463895187476,1.3626218280189145e-18,2.6948236579876664e-06
643,-1.0953476166387064,2.2412165978269366e-09,0.999144884745543
644,0.26070515607723754,2.7352476966849954e-23,2.389394848951832e-12
645,-0.8596638873479041,0.07125316196117637,0.999999999999993
646,-0.4646932322167669,0.012599946714106563,5.401408604871347e-07
647,1.2803181787113078,0.09609033336928952,0.3829127613167302
648,8.804047842356292,0.8825566726849399,0.7710823121960148
649,-0.40486266236032437,0.007208470595797168,5.957800893559766e-07
650,6.605476648579753,0.7762389254120583,2.9030283105624777e-06
651,-0.055018161975820344,2.987527779546303e-06,3.12320779816533e-05
652,-0.37779284654968626,0.08138907114368403,5.316075042919831e-05
653,2.195742131272662,8.70612226545938e-08,0.8242680117533316
654,2.8767509438856416,3.3880872354656665e-05,0.9999999476060435
655,-0.740480485472754,5.246650337412473e-10,0.07963300170057205
656,1.133011610882589,0.16538758300055315,0.9999999999999978
657,8.39095545334023,0.7251873623658267,0.9999999984097703
658,0.16529289724070467,0.00012759309336409668,0.002284681025299028
659,8.23239507801685,0.6911315333835104,0.04217792575863416
660,-0.7522505164572648,5.5846048891596134e-09,0.033541460761415114
661,-0.6471968673709859,0.0967135138660541,0.00898490053978627
662,1.062827743463713,1.4456510269121228e-05,0.9997932105311231
663,3.9273886976321233,0.30833807860435775,9.450441425154346e-05
664,0.5663218815602128,0.09153127592232028,0.5708518425556347
665,-0.6168007061520516,1.7628461347830826e-05,0.9993113443372785
666,0.126572300708324,0.0004521304372173605,0.9999385773664049
667,10.56483723363253,0.9826650042038014,3.042291263035491e-12
668,-0.6193459774739429,6.859277864053942e-07,5.9452556468207593e-08
669,0.8566203663901096,0.012001947050925065,4.309279430614322e-07
670,-1.462984593254728,9.771277918806987e-10,1.7976860544462424e-13
671,-0.3185403746883062,6.388814733942265e-08,0.9975052238764504
672,10.026515718026385,0.9620777867425436,0.013780521710229717
673,0.25404889899983546,0.0008263664991899708,0.1766018136284362
674,-0.9896216805699561,0.03977805794658494,0.9999999938967341
675,10.034162259219638,0.7193808900437734,0.9999999982957282
676,0.5387729840001387,9.819319000186313e-05,0.9984702925183209
677,-0.35432222584902484,0.06610989032010554,0.9999999968575567
678,2.237162815703708,8.123395373525344e-14,0.050848047371120676
679,0.2943891837287841,4.64848625890912e-19,0.9999991848471884
680,0.2661994994214812,0.0005377381296810511,0.6582445319548966
681,-1.4995087865044519,6.0804471630560495e-05,0.9994549238588364
682,1.9122165618296572,0.0412228781528628,0.0051724646347763555
683,8.656520342524233,0.9465970257390827,0.999432799119985
684,-0.67932043386281,0.009989314547663417,0.00032380678916770227
685,-2.5022506701852723,0.00018435244117083488,0.0004480483772988227
686,-1.2205883782076292,5.520475481436016e-10,0.9999998462760026
687,3.5939500267347935,0.3433439078468711,0.99999096679205
688,-1.0439073729237207,0.02695475627840341,0.9999999997890775
689,-1.1061818288460836,9.404403373533283e-05,0.21402074302316748
690,6.696260947063398,0.5018166994700592,1.8565887751297626e-11
691,-1.3674327952674912,0.009253745663924225,1.3280568092092997e-06
692,-0.3639092405650519,0.0004560650697113069,2.7621881688774316e-08
693,1.3537663611366664,1.6459941974603476e-24,0.0004981280175010839
694,9.580647567676948,0.903213790275733,0.031147557059319198
695,-0.7306979025914959,1.3920798362541874e-07,0.6738126328193923
696,-0.7313017350693514,2.0128298917649018e-08,0.9992824739661861
697,0.6985799504667106,1.4555793411958497e-07,0.44931475595775433
698,-2.106707858593141,9.047625470525069e-07,0.02909737129013816
699,1.179328129718201,0.001430784614238272,0.9999999999945308
700,0.5543940480400336,0.0005984967299830226,0.7987924769646453
701,8.323801709613086,0.9999236421387706,0.9950573192482083
702,-0.40044903820838074,1.4875344349807194e-06,0.9604424041453165
703,7.143292975844538,0.7116052344493896,0.6166142466529695
704,0.14407896649361848,2.3639704046956076e-08,1.2533217747559256e-06
705,-0.5072790258538444,0.003540523557287149,0.97722685226935
706,2.122835115092508,0.2420917392100663,0.002966715561297759
707,0.6712839963499192,1.4674784604448308e-09,0.9999999888638423
708,10.182060168746826,0.9999671667689963,6.207471914297561e-05
709,11.303900612679149,0.9834273133439589,0.9997971042455852
710,1.544591715105001,4.1684521256993734e-05,0.9934789907820687
711,1.4510905128833327,0.00036486879667650847,0.9999983567873687
712,-0.06632362564731535,4.620418605403804e-05,0.46313702738839074
713,0.48442574174004216,0.11325026413418486,0.9999999984822527
714,1.8345510473602942,3.949581883056387e-05,0.9999994700599107
715,1.1061582665293996,0.0018650165327109764,0.0012332060483831086
716,-0.9166034583876229,0.0035451660410094833,1.0
717,0.08295454998198788,0.0009886446895314397,0.9913160796332904
718,-1.4520751176141407,0.0015097730229919374,0.9842116176543901
719,-0.9459546994098145,0.00015846190402420634,0.9998513855772152
720,0.4491602594927945,0.10539826864749677,1.0
721,-0.05290593521457936,5.827944884089582e-08,0.9999999653612467
722,1.5997811944963107,0.0009704294260682364,0.999999998536138
723,-1.433325273873432,3.121033872616044e-07,0.9999702928861298
724,6.416276120629899,0.578075600856559,0.9848930514527636
725,1.0890887564800327,0.09232944935694047,0.9618048687841597
726,0.008641617348225161,2.1651092762440324e-10,0.9999536981453974
727,1.3211239146845164,0.24601621871953575,0.006189444369735129
728,-0.913150666172368,8.675023189149142e-11,5.218778230736007e-05
729,-0.7649660015696775,0.023501659196135193,0.007455429153696338
730,1.4535935066636325,0.34870247642071955,0.9999971359906298
731,-0.23650793988545285,0.0058715557486038435,0.9914483497789475
732,10.326609348165835,0.9773926567658567,0.9999982624136625
733,9.474478142648332,0.9805402038409706,0.999999785069378
734,0.14435063943608198,0.0005491721168389314,3.4002616837003e-05
735,-0.22823717917754882,0.014324949915899816,0.9999963981808214
736,1.0445011730184948,0.06961764425215003,1.0
737,2.3526541122242115,0.38759536507594705,0.9999999225337712
738,-1.054799820147627,7.997864727009672e-07,0.9999999905942932
739,-0.44316431594714434,1.7257956591221919e-09,0.035035831252547486
740,1.3006662131176434,2.407823872618857e-06,0.9634358715038698
741,-0.05975865354293269,1.0005973681658605e-08,0.1271626715758983
742,0.6031382619153819,1.552635688691301e-08,0.9998602000618589
743,1.2513085099296781,2.9550918781681107e-05,0.9999999739141289
744,-0.519469313066161,2.190914034292784e-08,2.1931854881089072e-05
745,-0.17678006436074,0.00024302286048825063,0.9999999999999997
746,0.1794560577625547,0.0015461128820609365,1.043131760766327e-09
747,6.151610672921214,0.6444062043296973,0.1748660946483099
748,-0.4015816836194206,8.426800821000532e-05,0.9999999202205407
749,-0.13705771674932832,0.23995332176442086,0.0116698955965559
750,-0.874891220351563,0.0009674438819095068,0.947858444505185
751,0.10985012362110996,0.006270225250384944,0.03436745506327492
752,0.7699320907670398,0.005165093586822134,0.9604971056237056
753,1.9551367250480656,0.040592895110578696,0.0015380194853150775
754,0.22986550345363907,2.9708804696067797e-05,0.44448816596549773
755,0.020285059619990015,4.317497577065078e-06,0.9999684012662938
756,1.251106395124838,0.05802330321135906,0.9975627607576293
757,0.1279236443161429,0.004683835311630983,4.516009222594316e-05
758,1.215212626864252,3.2652127895041367e-10,0.0004553067616855352
759,0.4410947009891105,2.851885364602775e-10,0.9971763004388072
760,0.5445243296266841,0.00010674069926716824,0.0013474558630739897
761,0.8333799238588825,0.00015299861681530662,0.7136146897123645
762,9.678431421043914,0.802066007664771,0.0010807619150141762
763,0.7159993909054759,0.1260422647016572,0.21071368495162945
764,1.241921799127669,0.010257843675122462,0.9999999662945698
765,1.0701904275644472,2.4332958287850765e-06,1.8561062958173745e-08
766,9.545617453171781,0.9080333456214527,0.9999842768085236
767,1.3359342968315253,0.0070199182707235495,0.6396720738254564
768,-1.2121855157297845,4.793088527096519e-06,1.4598661243770993e-13
769,0.011593013950502076,0.00037704281768230166,0.9990236357718613
770,-0.19860408864788442,1.8227542856634357e-07,1.1902298491604742e-05
771,-1.1590883813429615,0.0003504790431544567,0.03162913832562425
772,7.497105224024796,0.8000963775753344,0.9447156963954375
773,-0.45433509582539633,0.0010408028085434385,0.6326518033334061
774,4.948151637009521,0.5783453754456287,0.19478683564773017
775,10.792256771160428,0.9950157037926183,0.0988917244336539
776,6.816628468426011,0.7546415262652725,0.9974964567268179
777,8.313800286453667,0.7717844691503211,0.8701245307584146
778,0.6906376830541416,4.317588832071831e-09,0.0006346375547079915
779,0.948202085271602,0.045013975569131275,1.6139986517140762e-12
780,6.668266854284523,0.4848029341146142,0.005256930068324104
781,4.222828664429231,0.22046811580699743,0.815073207508414
782,-0.27238345743788694,1.5555025618838054e-05,0.9999999419812388
783,0.7667923517096127,3.1304798452756054e-08,1.0931048773401099e-05
784,1.729700939746299,9.884032456572381e-06,0.9999999999807039
785,1.6090393493417494,1.1906809603996087e-09,0.9929940989122332
786,-0.966979147589593,0.04082220269253023,0.9831148328796181
787,-0.5146550430682133,4.593449755918658e-11,0.9996832691603289
788,0.3586494389201489,0.000785715003357277,0.9855952823210214
789,0.5771025449138807,2.2316170657327326e-07,0.16471235026745285
790,-0.7826844212168174,1.1225735099809122e-08,0.9920729049479408
791,1.3202743308815794,9.035321882299716e-10,0.019166820910008743
792,2.270725637277927,0.02937122110196641,0.9835481536060364
793,-0.1860194899148074,0.003203755702699428,0.00014454902179893492
794,-1.7147690114451266,0.0060436699852009544,0.29864747609714504
795,-0.7766019264159191,0.0007582024825292414,0.2530829065229059
796,5.5613221821218985,0.6151119086607443,0.6837253250919153
797,0.9911651592096802,0.003989736159674108,0.45885711409312707
798,0.24752859733709343,6.363733417510005e-05,0.9997936997595851
799,0.1713236137249369,5.935360008800732e-27,0.8756507427597637
800,5.488562367996616,0.5668338795653614,1.0
801,-0.27845087661532003,6.834548217457557e-05,0.8711954795669888
802,-0.5914430276438336,0.12300403125129708,0.9999999411852983
803,0.3830682779528196,5.210698655752451e-11,0.970054530769178
804,1.3359553634423236,0.10180396120376807,0.9999999992349561
805,4.351965372102935,0.39055590647359806,0.9999997245281365
806,8.707443284988933,0.9926754179487931,0.9992284995411457
807,2.5690701387476733,0.1316273686316059,0.9999954462748072
808,-1.9016883542364011,8.013228849145352e-17,1.0
809,-0.3837772915128721,0.012718882209122874,0.9993419461258115
810,8.306263092374312,0.7222608943369148,0.8176394107433481
811,-0.49031843608907255,8.529014627063034e-10,0.6994530248812746
812,0.043838687172414945,0.0027239184871661174,6.602890359745493e-05
813,1.2253272026948563,1.2777957376701644e-06,0.0016273021094812025
814,-0.043606620656087045,3.963230803118601e-21,5.01288491571143e-08
815,1.7575570524977788,0.030972770344206278,2.631665327932345e-10
816,-0.15116977928535325,5.783212931027284e-12,9.433122148915444e-06
817,7.167593753274028,0.6621188724362639,0.9999999999998485
818,2.4230056057667753,0.10649745370543491,0.9996929606175697
819,6.458752484040495,0.6170955559272527,0.9999990620394639
820,-1.3196202460902682,3.245096346471285e-08,0.4786118925891886
821,-1.789409366597133,4.149485983781121e-09,0.0347136140022617
822,9.025181990356577,0.9407421111861448,6.324588480740454e-10
823,0.8177991510237304,0.0007055727904864615,3.6424304749705845e-10
824,-1.2415307559761104,0.06251682279318435,0.936912687914709
825,0.2569298868162247,0.04062870943577869,0.990799914608705
826,2.028832071056492,0.2066106131832107,1.3239530571766722e-10
827,0.7500427843433762,0.0028859747054811873,0.10760897530310705
828,-0.25814111356452063,3.146334838027645e-13,0.706255333716529
829,-1.6037532644886454,0.0014068557433884452,0.02029350928910278
830,0.04544352694986833,1.571238221111866e-05,0.9996043580826098
831,1.6020175089365585,1.0978112975643227e-06,1.9576023594754854e-12
832,-1.286472216897166,0.006130370383438207,3.8125891281216284e-11
833,0.20605913473109796,1.142805612783949e-05,0.8035013498314469
834,1.079097106887299,0.002637927971133347,0.011378244695597927
835,0.13762591650828593,0.004273673533541628,0.9179220948721016
836,3.8286139462370032,0.1773200175217882,2.907800896716534e-06
837,6.9133552841891195,0.8226711634132404,0.10353947246893111
838,-1.1500147538030083,0.06097342507978612,0.6931658026396302
839,-0.1264795036428131,4.138520457669573e-05,5.6222074481900055e-12
840,-0.010470425171274195,1.3480281308300068e-06,0.11958921834673193
841,2.697531413069289,0.23492534768325365,2.7569603529756924e-10
842,-0.6631833387719208,0.014294621238007593,0.9999999996433605
843,0.21305522160142598,0.031073413301357784,0.001717679933905326
844,-0.4913473994376413,6.491987857581384e-07,0.9999975555996025
845,0.9032813850499455,0.20344394321230935,0.0007961174735224418
846,7.669586098157678,0.6521923419661658,0.025373814963652517
847,8.896920550786144,0.9080724183800852,0.008485711239769848
848,-1.232097625034565,9.253506858339458e-12,0.900361355207636
849,0.03834838812623605,9.112365561516106e-19,5.152761669579341e-05
850,-0.7875242625927509,2.8060967817839398e-06,0.9913294349053146
851,1.5937889356122505,2.2663196155088257e-06,1.368216499939003e-06
852,8.639657578129434,0.9368731037242773,0.9231558755906188
853,5.4193512146107645,0.5584449712079326,0.07503437568871658
854,1.8820348054807154,0.008041037976229268,0.9999999999999996
855,0.23132703396281745,0.007406085360053701,0.999128780569906
856,0.8863820225173497,0.06613470525314046,0.15285501091873863
857,-0.19739875181170943,1.9902947539255548e-08,0.11674537351804255
858,8.735607629018347,0.9472624423493511,0.9990425213556392
859,0.6131348055311625,9.530554304096968e-08,0.2669167494765571
860,1.3832538961158378,0.2815870793233905,0.00042441253735294094
861,-1.4313864124841942,7.40519896099525e-05,0.9999837214252975
862,-1.6015584479347378,2.318816388598054e-09,0.05515038092665799
863,4.874257851479694,0.41761890274363545,0.14217087222998356
864,-1.0740172656325135,1.4752372721241007e-08,0.9991611568821653
865,4.20598091613542,0.3499370266424751,0.13139281299839992
866,-0.6593653993245848,1.7807261821350757e-14,0.5813581854084672
867,-0.020729106611889057,0.0002064637605001857,0.9995724753404592
868,0.6883705566014102,4.082643766728001e-05,0.9993926945195111
869,-1.4157255883838606,0.0006213543977577852,0.9999999999242107
870,-1.9261042625169373,7.10673266748305e-05,1.739437804647029e-13
871,6.434776703422164,0.6035214633823034,0.11884067761555109
872,-0.7741716346370865,0.0002610469634801653,0.9999194495617605
873,7.029308991121422,0.6041350075354677,0.9999999999999993
874,2.9391336611711347,0.1896536707683569,0.9679437447445876
875,-0.8120357570503769,1.03337429484111e-12,0.016497570691654202
876,1.0290956789103016,0.1264757738113137,0.9999993455195285
877,-2.6139619796613647,8.679324460585431e-13,6.142312200717529e-15
878,1.5417304233746152,0.0274455248807563,0.9986709934548685
879,1.0177848533370815,6.899858848512642e-08,3.082771685494546e-10
880,-0.46914015054133534,0.0006199279896501919,0.0001451411184846183
881,0.4612176519643995,6.081851331438222e-13,1.54007502786221e-09
882,4.924926564973723,0.5087511070029732,0.9999999999999978
883,1.124119565338889,9.088973912717635e-10,5.275116688747194e-07
884,-0.5717141396999947,3.893142633535788e-06,0.0008233807858412694
885,3.4410579284820275,0.33065603671011795,0.9999999999999792
886,-0.41139192104493677,1.4119363393958604e-08,3.6690867109994787e-07
887,0.14991399115036227,0.0018869267742382162,0.14253007636697868
888,-0.012939194745193214,8.976063717652885e-08,0.7732712615977024
889,2.004530019648104,0.24861945222039744,0.08521020266043154
890,-0.02421790125410029,2.413403156584132e-17,2.195658198016424e-06
891,5.33242621149171,0.557873439372715,3.841188284285537e-15
892,9.450844927500937,0.8799690495386023,0.9996604419825885
893,0.06350731255249892,0.0018733964501890922,3.571934890649809e-08
894,0.8774007959225592,0.12797938978549825,4.922100854777378e-07
895,2.1664733456782876,0.07635246899498485,0.9999846147062597
896,1.7865222067003694,7.434841336391805e-06,0.9741928396557524
897,8.118074330281175,0.7398535995660143,1.3391080895698071e-06
898,-0.8785322479065982,0.002645576434871616,0.9983926074081068
899,1.4094049985202786,7.465385316922724e-08,0.5248963922084917
900,-0.7323444203545834,0.0002994265737066299,0.7286739611442649
901,-1.2563407253309096,1.3089450299270559e-11,0.9221642149708024
902,-1.1458582696158819,0.0013819222182818386,0.5207499077454746
903,8.45894523809514,0.9566642515312616,0.995101980720875
904,1.661689094321857,0.013244490089443579,0.331749182953004
905,1.2354955047706757,0.34350376488161405,0.9999998230690678
906,0.5672179910004194,0.0202550745097935,0.986437527679377
907,-0.3458337086629438,2.4910962703782027e-12,0.527022244960744
908,-0.18248182786069012,8.46591416843009e-05,0.00525930518819872
909,8.897418901222913,0.848448179072097,0.9999999993746433
910,0.3646615960708488,0.0018472403021972668,0.9991852302047672
911,1.2333687966736255,2.8688145324797e-22,0.46675810028537956
912,-0.9562567029259003,0.0059874159443177675,1.1403935327029634e-19
913,3.1616772480948123,0.2753492495578699,1.0833555339367714e-07
914,-0.10996300688272648,5.85276019638125e-09,4.165543640910069e-06
915,-1.9500135093776703,7.414762417091888e-08,0.1346369496323416
916,7.127507073949352,0.7808826920941777,0.9979036281730458
917,0.5163492078335628,2.6643450884953268e-15,0.9999927742256494
918,-0.896109482598683,7.160749145891701e-06,0.7546065544910907
919,0.26111373056835674,0.00010908863217890671,7.032451682265687e-11
920,-0.9057838902573276,0.000506644767166875,0.9821040661563384
921,-0.056265805325999896,0.05166001697345817,0.9993485860904079
922,0.617395077124786,9.84621679537488e-11,0.0037788225586751294
923,-1.2847425790363352,0.013440928252056323,0.07192506102125021
924,-1.0056637607867982,0.0010321562701903749,0.9839485738469499
925,-1.206016315548394,2.2456979490496435e-05,0.9999881160589279
926,2.2349255081200328,0.13652129543658004,9.340954893695356e-08
927,5.579812589714816,0.6260329864877333,0.9999081813979053
928,3.077954190054905,0.028125651124163747,0.9994571505135822
929,5.461587667272323,0.47483927538978704,0.00024123799535207671
930,-0.6857070254602557,0.0006028302867047559,0.9897173423537647
931,-1.1256255900592698,8.266096360776419e-05,2.858892999071957e-07
932,-1.8748752858044235,5.863465130003643e-16,0.0013011856284401997
933,2.8792445328939467,0.14358375465293552,0.004137203655759294
934,9.448774769614843,0.9813781641544882,0.9807650513973069
935,1.586339951344618,0.02932931733768004,0.011617015211311041
936,-0.062053121642099585,0.008102659244586502,3.7126357304165926e-05
937,0.9047785341438073,8.354696157587484e-19,0.9999999999976157
938,-0.902546843909117,8.560521162991851e-05,0.9999999867930333
939,-0.12676035096748373,6.375062088496106e-09,0.004281264116853716
940,-1.7906813477113073,0.0023425673860824705,0.03937391568079472
941,2.0100138533274152,0.15565936025129753,0.02051211742170564
942,3.2426261266712686,0.3796120934505466,0.9999940885082332
943,0.7797577932449927,7.825896503196892e-07,0.9999993917690119
944,0.6474457200967373,4.228985695568831e-12,0.9742149449621205
945,0.5325772720386632,3.833218899836793e-08,0.9999999999633694
946,-0.7667263377738436,0.00512109768895868,9.304481998623379e-11
947,-0.6514660848277545,0.028414263356822782,0.9997867934170702
948,-0.603250730123456,0.002153480975998689,0.9999930626383524
949,-1.4613788977431015,1.5506728619561644e-07,1.0503358324490063e-08
950,1.056738804792288,0.08305482524223567,0.982334543196395
951,9.559088136984494,0.6769264599541498,5.3517347355303425e-05
952,0.6501505757149498,3.5925176517647824e-10,9.81587944066235e-13
953,0.34891840344023345,8.399286551797378e-11,0.2466199785324076
954,0.239267151863017,0.028449251727222753,0.9999999568449861
955,0.40285309128432845,7.536564997430141e-07,0.9730885387526726
956,1.690119829612562,0.1724121059730622,0.9999327899558128
957,11.75928637308788,0.9491358646328726,0.9985008377162997
958,-1.2954815347726405,0.0001267037350195886,0.9999999999181937
959,0.9105383744006201,3.1820116108146505e-05,0.1874226291807845
960,-1.3035473729042029,0.0003105872914357636,0.9999440151002823
961,-0.34604453199702917,3.239276638155183e-19,0.017753224621394385
962,0.5170950442281729,2.2153436261795344e-06,1.448829242575901e-09
963,11.508725804713338,0.9676852309833226,0.06668819688880628
964,1.2960442833983328,0.11427705934408523,0.9421749607394004
965,-0.06442991386468844,1.008634174169627e-09,0.3121439745880793
966,0.2020795416898722,0.0003029269049651697,0.0007926162604084166
967,0.6864226719783404,0.0005713304697953056,0.00917399713378428
968,0.0004216163820934848,6.195714560976418e-14,0.9747544953346953
969,-0.4534808889952833,0.007181053942963616,0.20449000451745944
970,2.8912074601952757,0.30003851169337625,0.7186414403574253
971,1.891154490939214,0.18256863994488137,0.9690713614366029
972,1.3931893561427713,0.10172057769360462,0.9903627502212039
973,8.921907341469362,0.9513681521912895,0.9947785977284522
974,0.9472569881073477,3.6366974866546665e-18,0.999953695690777
975,8.083009488158028,0.8106063911567528,0.9999981154693367
976,-1.032822633551543,9.679549333126276e-05,1.5513213148874e-07
977,0.10769081074123278,4.3620652251997475e-05,4.432585204172619e-08
978,0.27480272189404553,6.435178574129203e-07,2.4565835028948788e-05
979,-0.6146837881521459,2.5242915078186545e-09,5.42660515986759e-06
980,-0.3442790044542861,3.841176819773397e-13,0.9999999968607187
981,7.790470166387912,0.7985682838579914,0.9897065448277551
982,2.617201296217197,6.575351060064937e-14,0.0002674757614825414
983,10.082459280809354,0.986060606384818,0.25929467147691876
984,0.1524501337488542,0.1820749923877938,0.0002469944176227733
985,3.7772546601025154,0.4004327160290391,0.006821621528382131
986,-0.5168049567010655,0.00034026771798664355,0.9992199225685489
987,7.997771436670441,0.6812453062374814,1.5103125111132903e-08
988,7.571890787734295,0.816474998048831,4.59404156684998e-09
989,3.3125650995182374,0.41850449893095953,0.9999827793051151
990,0.4809369712749748,4.38984271129064e-05,0.9999996814335375
991,9.056603586349617,0.9235024318716165,1.6545444781247884e-11
992,9.593071642451086,0.9508762571214368,0.9999999920878263
993,0.8210018349546913,0.02760809161773739,1.3649357202401543e-11
994,3.9002769975383753,0.37393033556843147,0.1564555422200617
995,0.5633304026010594,0.00025939598213643034,0.026805514949584205
996,-0.21857969331138094,4.79487381495302e-11,0.9999999997929364
997,0.3278834721663306,0.015254420649366296,0.9990125063899298
998,-0.8556154261915048,3.0078964206816193e-09,1.5026564608422236e-06
999,0.28146963978418904,1.1013431502362881e-11,0.93534132157554
