,hospital-er-wait-minutes-piedmont_newton,hospital-er-wait-minutes-piedmont_henry,hospital-er-wait-minutes-piedmont_mountainside,hospital-er-wait-minutes-piedmont_walton,hospital-er-wait-minutes-piedmont_fayette,hospital-er-wait-minutes-piedmont_newnan,hospital-er-wait-minutes-piedmont_atlanta,hospital-er-wait-minutes-piedmont_athens,hospital-er-wait-minutes-piedmont_mountside_ellijay,hospital-er-wait-minutes-piedmont_rockdale
0,221.0,292.0,19.0,2.0,35.0,6.0,27.0,30.0,6.0,19.0
1,221.0,292.0,19.0,2.0,35.0,6.0,27.0,30.0,6.0,19.0
2,257.0,206.0,16.0,2.0,31.0,4.0,13.0,26.0,14.0,24.0
3,257.0,206.0,16.0,2.0,31.0,4.0,13.0,26.0,14.0,24.0
4,207.0,195.0,15.0,2.0,32.0,3.0,12.0,27.0,21.0,22.0
5,207.0,195.0,15.0,2.0,32.0,3.0,12.0,27.0,21.0,22.0
6,188.0,224.0,14.0,3.0,35.0,4.0,12.0,33.0,33.0,22.0
7,188.0,224.0,14.0,3.0,35.0,4.0,12.0,33.0,33.0,22.0
8,216.0,234.0,15.0,2.0,38.0,3.0,16.0,46.0,38.0,22.0
9,216.0,234.0,15.0,2.0,38.0,3.0,16.0,46.0,38.0,22.0
10,172.0,186.0,19.0,2.0,42.0,4.0,20.0,59.0,39.0,26.0
11,172.0,186.0,19.0,2.0,42.0,4.0,20.0,59.0,39.0,26.0
12,176.0,174.0,35.0,2.0,41.0,4.0,19.0,61.0,25.0,15.0
13,176.0,174.0,35.0,2.0,41.0,4.0,19.0,61.0,25.0,15.0
14,182.0,214.0,62.0,2.0,48.0,4.0,12.0,70.0,26.0,16.0
15,182.0,214.0,62.0,2.0,48.0,4.0,12.0,70.0,26.0,16.0
16,159.0,250.0,39.0,4.0,62.0,6.0,10.0,96.0,48.0,11.0
17,159.0,250.0,39.0,4.0,62.0,6.0,10.0,96.0,48.0,11.0
18,119.0,251.0,27.0,3.0,70.0,7.0,14.0,95.0,15.0,10.0
19,119.0,251.0,27.0,3.0,70.0,7.0,14.0,95.0,15.0,10.0
20,104.0,243.0,47.0,2.0,69.0,6.0,21.0,89.0,9.0,17.0
21,104.0,243.0,47.0,2.0,69.0,6.0,21.0,89.0,9.0,17.0
22,71.0,258.0,55.0,2.0,66.0,2.0,26.0,106.0,19.0,34.0
23,71.0,258.0,55.0,2.0,66.0,2.0,26.0,106.0,19.0,34.0
24,81.0,291.0,65.0,2.0,72.0,2.0,24.0,97.0,44.0,40.0
25,81.0,291.0,65.0,2.0,72.0,2.0,24.0,97.0,44.0,40.0
26,36.0,328.0,77.0,4.0,81.0,1.0,23.0,80.0,69.0,47.0
27,36.0,328.0,77.0,4.0,81.0,1.0,23.0,80.0,69.0,47.0
28,32.0,349.0,81.0,5.0,87.0,0.0,22.0,73.0,70.0,36.0
29,32.0,349.0,81.0,5.0,87.0,0.0,22.0,73.0,70.0,36.0
30,34.0,341.0,57.0,1.0,64.0,0.0,27.0,85.0,47.0,34.0
31,34.0,341.0,57.0,1.0,64.0,0.0,27.0,85.0,47.0,34.0
32,33.0,330.0,68.0,1.0,66.0,1.0,34.0,99.0,45.0,23.0
33,33.0,330.0,68.0,1.0,66.0,1.0,34.0,99.0,45.0,23.0
34,39.0,312.0,43.0,2.0,63.0,2.0,37.0,79.0,40.0,31.0
35,39.0,312.0,43.0,2.0,63.0,2.0,37.0,79.0,40.0,31.0
36,41.0,341.0,50.0,2.0,58.0,2.0,34.0,56.0,23.0,36.0
37,41.0,341.0,50.0,2.0,58.0,2.0,34.0,56.0,23.0,36.0
38,51.0,467.0,73.0,2.0,47.0,2.0,18.0,50.0,32.0,40.0
39,51.0,467.0,73.0,2.0,47.0,2.0,18.0,50.0,32.0,40.0
40,63.0,361.0,69.0,3.0,57.0,2.0,10.0,51.0,47.0,39.0
41,63.0,361.0,69.0,3.0,57.0,2.0,10.0,51.0,47.0,39.0
42,44.0,377.0,74.0,6.0,57.0,2.0,17.0,63.0,57.0,48.0
43,44.0,377.0,74.0,6.0,57.0,2.0,17.0,63.0,57.0,48.0
44,103.0,540.0,103.0,5.0,61.0,2.0,36.0,85.0,39.0,41.0
45,103.0,540.0,103.0,5.0,61.0,2.0,36.0,85.0,39.0,41.0
46,103.0,498.0,120.0,2.0,69.0,6.0,34.0,94.0,12.0,42.0
47,103.0,498.0,120.0,2.0,69.0,6.0,34.0,94.0,12.0,42.0
48,99.0,468.0,123.0,1.0,78.0,11.0,37.0,104.0,12.0,53.0
49,99.0,468.0,123.0,1.0,78.0,11.0,37.0,104.0,12.0,53.0
50,113.0,677.0,136.0,3.0,90.0,24.0,44.0,121.0,29.0,49.0
51,113.0,677.0,136.0,3.0,90.0,24.0,44.0,121.0,29.0,49.0
52,85.0,345.0,3.0,6.0,109.0,41.0,61.0,113.0,29.0,61.0
53,85.0,345.0,3.0,6.0,109.0,41.0,61.0,113.0,29.0,61.0
54,74.0,290.0,16.0,6.0,93.0,27.0,94.0,109.0,29.0,83.0
55,74.0,290.0,16.0,6.0,93.0,27.0,94.0,109.0,29.0,83.0
56,91.0,341.0,13.0,3.0,60.0,11.0,99.0,96.0,29.0,62.0
57,91.0,341.0,13.0,3.0,60.0,11.0,99.0,96.0,29.0,62.0
58,62.0,305.0,10.0,3.0,43.0,12.0,110.0,102.0,0.0,78.0
59,62.0,305.0,10.0,3.0,43.0,12.0,110.0,102.0,0.0,78.0
60,33.0,296.0,0.0,0.0,56.0,17.0,118.0,89.0,2.0,71.0
61,33.0,296.0,0.0,0.0,56.0,17.0,118.0,89.0,2.0,71.0
62,38.0,291.0,0.0,2.0,23.0,15.0,91.0,148.0,10.0,113.0
63,38.0,291.0,0.0,2.0,23.0,15.0,91.0,148.0,10.0,113.0
64,38.0,237.0,8.0,1.0,24.0,2.0,101.0,58.0,39.0,119.0
65,38.0,237.0,8.0,1.0,24.0,2.0,101.0,58.0,39.0,119.0
66,17.0,249.0,13.0,0.0,24.0,6.0,156.0,36.0,39.0,123.0
67,17.0,249.0,13.0,0.0,24.0,6.0,156.0,36.0,39.0,123.0
68,15.0,219.0,19.0,1.0,30.0,9.0,151.0,54.0,0.0,102.0
69,15.0,219.0,19.0,1.0,30.0,9.0,151.0,54.0,0.0,102.0
70,23.0,184.0,19.0,0.0,46.0,11.0,159.0,52.0,3.0,73.0
71,23.0,184.0,19.0,0.0,46.0,11.0,159.0,52.0,3.0,73.0
72,47.0,315.0,17.0,1.0,49.0,19.0,148.0,56.0,31.0,15.0
73,47.0,315.0,17.0,1.0,49.0,19.0,148.0,56.0,31.0,15.0
74,67.0,299.0,0.0,2.0,86.0,29.0,124.0,58.0,23.0,43.0
75,67.0,299.0,0.0,2.0,86.0,29.0,124.0,58.0,23.0,43.0
76,51.0,260.0,26.0,5.0,113.0,28.0,91.0,52.0,15.0,44.0
77,51.0,260.0,26.0,5.0,113.0,28.0,91.0,52.0,15.0,44.0
78,13.0,308.0,33.0,13.0,85.0,15.0,13.0,58.0,10.0,25.0
79,13.0,308.0,33.0,13.0,85.0,15.0,13.0,58.0,10.0,25.0
80,20.0,357.0,63.0,13.0,61.0,12.0,8.0,68.0,26.0,4.0
81,20.0,357.0,63.0,13.0,61.0,12.0,8.0,68.0,26.0,4.0
82,41.0,214.0,63.0,25.0,20.0,13.0,13.0,37.0,41.0,8.0
83,41.0,214.0,63.0,25.0,20.0,13.0,13.0,37.0,41.0,8.0
84,43.0,146.0,27.0,25.0,20.0,10.0,18.0,31.0,53.0,15.0
85,43.0,146.0,27.0,25.0,20.0,10.0,18.0,31.0,53.0,15.0
86,56.0,180.0,27.0,6.0,23.0,3.0,25.0,29.0,73.0,17.0
87,56.0,180.0,27.0,6.0,23.0,3.0,25.0,29.0,73.0,17.0
88,38.0,260.0,0.0,6.0,26.0,5.0,26.0,25.0,124.0,22.0
89,38.0,260.0,0.0,6.0,26.0,5.0,26.0,25.0,124.0,22.0
90,25.0,191.0,11.0,2.0,26.0,9.0,28.0,25.0,124.0,23.0
91,25.0,191.0,11.0,2.0,26.0,9.0,28.0,25.0,124.0,23.0
92,21.0,158.0,27.0,1.0,28.0,9.0,34.0,25.0,7.0,27.0
93,21.0,158.0,27.0,1.0,28.0,9.0,34.0,25.0,7.0,27.0
94,34.0,139.0,37.0,1.0,35.0,5.0,40.0,28.0,17.0,39.0
95,34.0,139.0,37.0,1.0,35.0,5.0,40.0,28.0,17.0,39.0
96,39.0,138.0,41.0,1.0,36.0,1.0,41.0,27.0,11.0,41.0
97,39.0,138.0,41.0,1.0,36.0,1.0,41.0,27.0,11.0,41.0
98,47.0,134.0,49.0,2.0,42.0,3.0,41.0,27.0,9.0,50.0
99,47.0,134.0,49.0,2.0,42.0,3.0,41.0,27.0,9.0,50.0
100,53.0,113.0,65.0,2.0,56.0,5.0,48.0,18.0,12.0,55.0
101,53.0,113.0,65.0,2.0,56.0,5.0,48.0,18.0,12.0,55.0
102,66.0,128.0,117.0,3.0,38.0,7.0,53.0,20.0,25.0,32.0
103,66.0,128.0,117.0,3.0,38.0,7.0,53.0,20.0,25.0,32.0
104,91.0,104.0,74.0,4.0,35.0,4.0,52.0,22.0,29.0,35.0
105,91.0,104.0,74.0,4.0,35.0,4.0,52.0,22.0,29.0,35.0
106,77.0,84.0,65.0,3.0,34.0,4.0,46.0,22.0,45.0,42.0
107,77.0,84.0,65.0,3.0,34.0,4.0,46.0,22.0,45.0,42.0
108,72.0,106.0,79.0,0.0,39.0,5.0,48.0,29.0,43.0,49.0
109,72.0,106.0,79.0,0.0,39.0,5.0,48.0,29.0,43.0,49.0
110,64.0,117.0,75.0,2.0,40.0,8.0,44.0,36.0,41.0,51.0
111,64.0,117.0,75.0,2.0,40.0,8.0,44.0,36.0,41.0,51.0
112,69.0,127.0,99.0,3.0,48.0,6.0,34.0,41.0,36.0,54.0
113,69.0,127.0,99.0,3.0,48.0,6.0,34.0,41.0,36.0,54.0
114,53.0,150.0,14.0,3.0,58.0,3.0,22.0,45.0,48.0,52.0
115,53.0,150.0,14.0,3.0,58.0,3.0,22.0,45.0,48.0,52.0
116,43.0,166.0,14.0,2.0,66.0,2.0,22.0,51.0,74.0,46.0
117,43.0,166.0,14.0,2.0,66.0,2.0,22.0,51.0,74.0,46.0
118,64.0,142.0,12.0,1.0,64.0,2.0,15.0,52.0,56.0,48.0
119,64.0,142.0,12.0,1.0,64.0,2.0,15.0,52.0,56.0,48.0
120,69.0,137.0,15.0,3.0,59.0,2.0,14.0,30.0,57.0,63.0
121,69.0,137.0,15.0,3.0,59.0,2.0,14.0,30.0,57.0,63.0
122,66.0,175.0,20.0,3.0,64.0,2.0,16.0,33.0,85.0,78.0
123,66.0,175.0,20.0,3.0,64.0,2.0,16.0,33.0,85.0,78.0
124,62.0,269.0,32.0,2.0,65.0,3.0,18.0,62.0,63.0,62.0
125,62.0,269.0,32.0,2.0,65.0,3.0,18.0,62.0,63.0,62.0
126,72.0,157.0,66.0,3.0,39.0,3.0,17.0,69.0,85.0,38.0
127,72.0,157.0,66.0,3.0,39.0,3.0,17.0,69.0,85.0,38.0
128,72.0,120.0,72.0,4.0,39.0,3.0,23.0,63.0,152.0,31.0
129,72.0,120.0,72.0,4.0,39.0,3.0,23.0,63.0,152.0,31.0
130,90.0,141.0,83.0,2.0,44.0,5.0,25.0,79.0,118.0,29.0
131,90.0,141.0,83.0,2.0,44.0,5.0,25.0,79.0,118.0,29.0
132,102.0,166.0,63.0,1.0,43.0,6.0,23.0,82.0,138.0,37.0
133,102.0,166.0,63.0,1.0,43.0,6.0,23.0,82.0,138.0,37.0
134,134.0,125.0,69.0,2.0,46.0,10.0,27.0,69.0,216.0,31.0
135,134.0,125.0,69.0,2.0,46.0,10.0,27.0,69.0,216.0,31.0
136,143.0,84.0,84.0,3.0,54.0,7.0,35.0,55.0,234.0,27.0
137,143.0,84.0,84.0,3.0,54.0,7.0,35.0,55.0,234.0,27.0
138,140.0,129.0,48.0,2.0,62.0,10.0,42.0,50.0,248.0,37.0
139,140.0,129.0,48.0,2.0,62.0,10.0,42.0,50.0,248.0,37.0
140,110.0,104.0,44.0,1.0,63.0,15.0,48.0,35.0,177.0,36.0
141,110.0,104.0,44.0,1.0,63.0,15.0,48.0,35.0,177.0,36.0
142,71.0,49.0,82.0,2.0,60.0,12.0,42.0,43.0,177.0,32.0
143,71.0,49.0,82.0,2.0,60.0,12.0,42.0,43.0,177.0,32.0
144,83.0,67.0,102.0,4.0,49.0,9.0,40.0,58.0,234.0,27.0
145,83.0,67.0,102.0,4.0,49.0,9.0,40.0,58.0,234.0,27.0
146,105.0,119.0,79.0,3.0,52.0,11.0,58.0,65.0,292.0,24.0
147,105.0,119.0,79.0,3.0,52.0,11.0,58.0,65.0,292.0,24.0
148,115.0,111.0,56.0,4.0,50.0,17.0,105.0,71.0,220.0,5.0
149,115.0,111.0,56.0,4.0,50.0,17.0,105.0,71.0,220.0,5.0
150,97.0,121.0,53.0,10.0,47.0,18.0,97.0,57.0,230.0,28.0
151,97.0,121.0,53.0,10.0,47.0,18.0,97.0,57.0,230.0,28.0
152,69.0,139.0,83.0,0.0,30.0,17.0,73.0,48.0,473.0,28.0
153,69.0,139.0,83.0,0.0,30.0,17.0,73.0,48.0,473.0,28.0
154,75.0,243.0,60.0,1.0,34.0,1.0,73.0,34.0,9.0,21.0
155,75.0,243.0,60.0,1.0,34.0,1.0,73.0,34.0,9.0,21.0
156,114.0,245.0,60.0,1.0,51.0,1.0,100.0,45.0,17.0,14.0
157,114.0,245.0,60.0,1.0,51.0,1.0,100.0,45.0,17.0,14.0
158,124.0,284.0,28.0,2.0,59.0,1.0,110.0,51.0,17.0,11.0
159,124.0,284.0,28.0,2.0,59.0,1.0,110.0,51.0,17.0,11.0
160,162.0,229.0,26.0,2.0,60.0,9.0,98.0,50.0,0.0,25.0
161,162.0,229.0,26.0,2.0,60.0,9.0,98.0,50.0,0.0,25.0
162,121.0,182.0,34.0,0.0,61.0,11.0,82.0,31.0,1.0,45.0
163,121.0,182.0,34.0,0.0,61.0,11.0,82.0,31.0,1.0,45.0
164,159.0,230.0,50.0,1.0,71.0,10.0,117.0,35.0,15.0,49.0
165,159.0,230.0,50.0,1.0,71.0,10.0,117.0,35.0,15.0,49.0
166,169.0,229.0,52.0,1.0,63.0,10.0,172.0,41.0,16.0,65.0
167,169.0,229.0,52.0,1.0,63.0,10.0,172.0,41.0,16.0,65.0
168,128.0,239.0,24.0,2.0,64.0,11.0,212.0,21.0,16.0,68.0
169,128.0,239.0,24.0,2.0,64.0,11.0,212.0,21.0,16.0,68.0
170,144.0,315.0,20.0,4.0,72.0,22.0,149.0,19.0,0.0,47.0
171,144.0,315.0,20.0,4.0,72.0,22.0,149.0,19.0,0.0,47.0
172,144.0,282.0,37.0,3.0,85.0,17.0,156.0,17.0,0.0,20.0
173,144.0,282.0,37.0,3.0,85.0,17.0,156.0,17.0,0.0,20.0
174,61.0,269.0,38.0,4.0,79.0,13.0,189.0,19.0,15.0,21.0
175,61.0,269.0,38.0,4.0,79.0,13.0,189.0,19.0,15.0,21.0
176,33.0,228.0,25.0,5.0,55.0,0.0,166.0,17.0,15.0,19.0
177,33.0,228.0,25.0,5.0,55.0,0.0,166.0,17.0,15.0,19.0
178,30.0,231.0,12.0,2.0,28.0,4.0,152.0,19.0,0.0,13.0
179,30.0,231.0,12.0,2.0,28.0,4.0,152.0,19.0,0.0,13.0
180,43.0,647.0,13.0,9.0,25.0,6.0,67.0,20.0,0.0,19.0
181,43.0,647.0,13.0,9.0,25.0,6.0,67.0,20.0,0.0,19.0
182,35.0,468.0,14.0,11.0,23.0,3.0,54.0,31.0,0.0,23.0
183,35.0,468.0,14.0,11.0,23.0,3.0,54.0,31.0,0.0,23.0
184,33.0,412.0,11.0,14.0,26.0,2.0,21.0,39.0,2.0,22.0
185,33.0,412.0,11.0,14.0,26.0,2.0,21.0,39.0,2.0,22.0
186,37.0,305.0,7.0,26.0,33.0,3.0,16.0,43.0,11.0,16.0
187,37.0,305.0,7.0,26.0,33.0,3.0,16.0,43.0,11.0,16.0
188,51.0,164.0,10.0,21.0,33.0,6.0,25.0,43.0,10.0,17.0
189,51.0,164.0,10.0,21.0,33.0,6.0,25.0,43.0,10.0,17.0
190,53.0,166.0,21.0,20.0,32.0,4.0,32.0,49.0,13.0,21.0
191,53.0,166.0,21.0,20.0,32.0,4.0,32.0,49.0,13.0,21.0
192,60.0,206.0,30.0,20.0,37.0,5.0,51.0,66.0,22.0,37.0
193,60.0,206.0,30.0,20.0,37.0,5.0,51.0,66.0,22.0,37.0
194,55.0,294.0,33.0,11.0,33.0,3.0,72.0,78.0,49.0,36.0
195,55.0,294.0,33.0,11.0,33.0,3.0,72.0,78.0,49.0,36.0
196,63.0,248.0,48.0,6.0,32.0,7.0,64.0,79.0,45.0,41.0
197,63.0,248.0,48.0,6.0,32.0,7.0,64.0,79.0,45.0,41.0
198,67.0,209.0,63.0,9.0,54.0,13.0,62.0,93.0,42.0,61.0
199,67.0,209.0,63.0,9.0,54.0,13.0,62.0,93.0,42.0,61.0
200,71.0,186.0,75.0,16.0,66.0,19.0,69.0,114.0,21.0,69.0
201,71.0,186.0,75.0,16.0,66.0,19.0,69.0,114.0,21.0,69.0
202,82.0,211.0,85.0,18.0,70.0,18.0,49.0,121.0,22.0,72.0
203,82.0,211.0,85.0,18.0,70.0,18.0,49.0,121.0,22.0,72.0
204,96.0,206.0,81.0,19.0,78.0,18.0,37.0,114.0,25.0,64.0
205,96.0,206.0,81.0,19.0,78.0,18.0,37.0,114.0,25.0,64.0
206,104.0,209.0,47.0,5.0,72.0,18.0,35.0,105.0,24.0,60.0
207,104.0,209.0,47.0,5.0,72.0,18.0,35.0,105.0,24.0,60.0
208,123.0,227.0,32.0,1.0,69.0,22.0,22.0,112.0,27.0,60.0
209,123.0,227.0,32.0,1.0,69.0,22.0,22.0,112.0,27.0,60.0
210,146.0,262.0,34.0,2.0,39.0,34.0,30.0,126.0,32.0,80.0
211,146.0,262.0,34.0,2.0,39.0,34.0,30.0,126.0,32.0,80.0
212,146.0,280.0,0.0,4.0,42.0,40.0,36.0,103.0,31.0,129.0
213,146.0,280.0,0.0,4.0,42.0,40.0,36.0,103.0,31.0,129.0
214,134.0,335.0,21.0,8.0,47.0,45.0,34.0,101.0,29.0,68.0
215,134.0,335.0,21.0,8.0,47.0,45.0,34.0,101.0,29.0,68.0
216,131.0,334.0,25.0,8.0,55.0,38.0,30.0,118.0,30.0,65.0
217,131.0,334.0,25.0,8.0,55.0,38.0,30.0,118.0,30.0,65.0
218,125.0,222.0,25.0,4.0,61.0,27.0,30.0,113.0,22.0,51.0
219,125.0,222.0,25.0,4.0,61.0,27.0,30.0,113.0,22.0,51.0
220,161.0,238.0,20.0,10.0,66.0,34.0,25.0,115.0,23.0,42.0
221,161.0,238.0,20.0,10.0,66.0,34.0,25.0,115.0,23.0,42.0
222,145.0,243.0,23.0,15.0,71.0,49.0,18.0,107.0,25.0,39.0
223,145.0,243.0,23.0,15.0,71.0,49.0,18.0,107.0,25.0,39.0
224,141.0,273.0,38.0,20.0,63.0,53.0,17.0,103.0,28.0,46.0
225,141.0,273.0,38.0,20.0,63.0,53.0,17.0,103.0,28.0,46.0
226,198.0,328.0,52.0,21.0,55.0,46.0,18.0,114.0,0.0,56.0
227,198.0,328.0,52.0,21.0,55.0,46.0,18.0,114.0,0.0,56.0
228,195.0,404.0,86.0,15.0,56.0,42.0,23.0,110.0,21.0,69.0
229,195.0,404.0,86.0,15.0,56.0,42.0,23.0,110.0,21.0,69.0
230,74.0,367.0,96.0,14.0,66.0,28.0,24.0,97.0,18.0,88.0
231,74.0,367.0,96.0,14.0,66.0,28.0,24.0,97.0,18.0,88.0
232,134.0,376.0,70.0,12.0,79.0,15.0,16.0,65.0,17.0,100.0
233,134.0,376.0,70.0,12.0,79.0,15.0,16.0,65.0,17.0,100.0
234,148.0,464.0,53.0,10.0,88.0,10.0,21.0,53.0,18.0,119.0
235,148.0,464.0,53.0,10.0,88.0,10.0,21.0,53.0,18.0,119.0
236,128.0,543.0,28.0,9.0,104.0,7.0,46.0,65.0,37.0,60.0
237,128.0,543.0,28.0,9.0,104.0,7.0,46.0,65.0,37.0,60.0
238,189.0,287.0,56.0,7.0,109.0,7.0,54.0,64.0,37.0,69.0
239,189.0,287.0,56.0,7.0,109.0,7.0,54.0,64.0,37.0,69.0
240,198.0,522.0,90.0,6.0,112.0,6.0,64.0,62.0,16.0,81.0
241,198.0,522.0,90.0,6.0,112.0,6.0,64.0,62.0,16.0,81.0
242,165.0,535.0,95.0,9.0,102.0,4.0,73.0,91.0,16.0,96.0
243,165.0,535.0,95.0,9.0,102.0,4.0,73.0,91.0,16.0,96.0
244,185.0,334.0,44.0,11.0,93.0,7.0,83.0,101.0,7.0,123.0
245,185.0,334.0,44.0,11.0,93.0,7.0,83.0,101.0,7.0,123.0
246,308.0,339.0,20.0,5.0,134.0,8.0,82.0,123.0,12.0,95.0
247,308.0,339.0,20.0,5.0,134.0,8.0,82.0,123.0,12.0,95.0
248,332.0,366.0,16.0,4.0,135.0,4.0,52.0,126.0,9.0,67.0
249,332.0,366.0,16.0,4.0,135.0,4.0,52.0,126.0,9.0,67.0
250,370.0,467.0,38.0,5.0,122.0,3.0,37.0,100.0,6.0,62.0
251,370.0,467.0,38.0,5.0,122.0,3.0,37.0,100.0,6.0,62.0
252,323.0,478.0,38.0,5.0,139.0,0.0,37.0,75.0,0.0,27.0
253,323.0,478.0,38.0,5.0,139.0,0.0,37.0,75.0,0.0,27.0
254,339.0,565.0,25.0,7.0,224.0,2.0,38.0,71.0,0.0,41.0
255,339.0,565.0,25.0,7.0,224.0,2.0,38.0,71.0,0.0,41.0
256,374.0,1001.0,25.0,7.0,198.0,2.0,40.0,65.0,0.0,60.0
257,374.0,1001.0,25.0,7.0,198.0,2.0,40.0,65.0,0.0,60.0
258,321.0,808.0,4.0,7.0,211.0,6.0,54.0,72.0,0.0,60.0
259,321.0,808.0,4.0,7.0,211.0,6.0,54.0,72.0,0.0,60.0
260,378.0,743.0,30.0,1.0,240.0,9.0,21.0,44.0,0.0,17.0
261,378.0,743.0,30.0,1.0,240.0,9.0,21.0,44.0,0.0,17.0
262,378.0,1044.0,30.0,1.0,242.0,12.0,19.0,25.0,13.0,17.0
263,378.0,1044.0,30.0,1.0,242.0,12.0,19.0,25.0,13.0,17.0
264,331.0,405.0,1.0,1.0,198.0,18.0,22.0,18.0,13.0,27.0
265,331.0,405.0,1.0,1.0,198.0,18.0,22.0,18.0,13.0,27.0
266,357.0,430.0,1.0,3.0,227.0,21.0,19.0,29.0,0.0,39.0
267,357.0,430.0,1.0,3.0,227.0,21.0,19.0,29.0,0.0,39.0
268,301.0,522.0,7.0,3.0,277.0,17.0,22.0,41.0,0.0,43.0
269,301.0,522.0,7.0,3.0,277.0,17.0,22.0,41.0,0.0,43.0
270,170.0,490.0,26.0,3.0,222.0,4.0,18.0,11.0,15.0,45.0
271,170.0,490.0,26.0,3.0,222.0,4.0,18.0,11.0,15.0,45.0
272,175.0,481.0,20.0,4.0,215.0,1.0,14.0,10.0,24.0,45.0
273,175.0,481.0,20.0,4.0,215.0,1.0,14.0,10.0,24.0,45.0
274,185.0,755.0,16.0,11.0,204.0,1.0,14.0,12.0,49.0,12.0
275,185.0,755.0,16.0,11.0,204.0,1.0,14.0,12.0,49.0,12.0
276,325.0,390.0,7.0,16.0,225.0,7.0,13.0,14.0,46.0,15.0
277,325.0,390.0,7.0,16.0,225.0,7.0,13.0,14.0,46.0,15.0
278,259.0,200.0,30.0,11.0,191.0,8.0,13.0,16.0,17.0,19.0
279,259.0,200.0,30.0,11.0,191.0,8.0,13.0,16.0,17.0,19.0
280,237.0,101.0,21.0,7.0,150.0,7.0,16.0,15.0,15.0,26.0
281,237.0,101.0,21.0,7.0,150.0,7.0,16.0,15.0,15.0,26.0
282,284.0,92.0,32.0,3.0,111.0,7.0,12.0,16.0,23.0,36.0
283,284.0,92.0,32.0,3.0,111.0,7.0,12.0,16.0,23.0,36.0
284,238.0,94.0,47.0,4.0,123.0,11.0,12.0,26.0,45.0,42.0
285,238.0,94.0,47.0,4.0,123.0,11.0,12.0,26.0,45.0,42.0
286,174.0,107.0,57.0,6.0,134.0,8.0,19.0,39.0,36.0,49.0
287,174.0,107.0,57.0,6.0,134.0,8.0,19.0,39.0,36.0,49.0
288,135.0,96.0,59.0,6.0,135.0,6.0,24.0,39.0,36.0,60.0
289,135.0,96.0,59.0,6.0,135.0,6.0,24.0,39.0,36.0,60.0
290,126.0,100.0,63.0,5.0,132.0,9.0,32.0,42.0,8.0,70.0
291,126.0,100.0,63.0,5.0,132.0,9.0,32.0,42.0,8.0,70.0
292,147.0,92.0,66.0,7.0,134.0,12.0,39.0,59.0,13.0,72.0
293,147.0,92.0,66.0,7.0,134.0,12.0,39.0,59.0,13.0,72.0
294,147.0,90.0,74.0,6.0,144.0,19.0,41.0,72.0,16.0,80.0
295,147.0,90.0,74.0,6.0,144.0,19.0,41.0,72.0,16.0,80.0
296,151.0,98.0,82.0,3.0,171.0,29.0,37.0,80.0,12.0,102.0
297,151.0,98.0,82.0,3.0,171.0,29.0,37.0,80.0,12.0,102.0
298,157.0,96.0,68.0,3.0,181.0,43.0,31.0,100.0,14.0,125.0
299,157.0,96.0,68.0,3.0,181.0,43.0,31.0,100.0,14.0,125.0
300,180.0,104.0,70.0,5.0,182.0,37.0,21.0,110.0,10.0,130.0
301,180.0,104.0,70.0,5.0,182.0,37.0,21.0,110.0,10.0,130.0
302,282.0,112.0,100.0,6.0,179.0,42.0,18.0,109.0,27.0,54.0
303,282.0,112.0,100.0,6.0,179.0,42.0,18.0,109.0,27.0,54.0
304,274.0,101.0,87.0,5.0,183.0,50.0,18.0,106.0,49.0,37.0
305,274.0,101.0,87.0,5.0,183.0,50.0,18.0,106.0,49.0,37.0
306,187.0,89.0,66.0,3.0,182.0,42.0,20.0,93.0,44.0,40.0
307,187.0,89.0,66.0,3.0,182.0,42.0,20.0,93.0,44.0,40.0
308,212.0,96.0,66.0,3.0,150.0,14.0,16.0,95.0,43.0,32.0
309,212.0,96.0,66.0,3.0,150.0,14.0,16.0,95.0,43.0,32.0
310,256.0,74.0,87.0,5.0,149.0,12.0,15.0,96.0,41.0,28.0
311,256.0,74.0,87.0,5.0,149.0,12.0,15.0,96.0,41.0,28.0
312,285.0,96.0,67.0,9.0,149.0,19.0,18.0,81.0,26.0,20.0
313,285.0,96.0,67.0,9.0,149.0,19.0,18.0,81.0,26.0,20.0
314,252.0,89.0,53.0,8.0,151.0,29.0,15.0,53.0,0.0,20.0
315,252.0,89.0,53.0,8.0,151.0,29.0,15.0,53.0,0.0,20.0
316,214.0,259.0,57.0,7.0,149.0,38.0,15.0,50.0,7.0,27.0
317,214.0,259.0,57.0,7.0,149.0,38.0,15.0,50.0,7.0,27.0
318,188.0,243.0,30.0,14.0,120.0,54.0,22.0,54.0,18.0,42.0
319,188.0,243.0,30.0,14.0,120.0,54.0,22.0,54.0,18.0,42.0
320,195.0,175.0,49.0,13.0,123.0,53.0,26.0,68.0,17.0,43.0
321,195.0,175.0,49.0,13.0,123.0,53.0,26.0,68.0,17.0,43.0
322,202.0,178.0,60.0,14.0,128.0,57.0,28.0,72.0,23.0,58.0
323,202.0,178.0,60.0,14.0,128.0,57.0,28.0,72.0,23.0,58.0
324,237.0,183.0,68.0,7.0,170.0,48.0,33.0,62.0,29.0,79.0
325,237.0,183.0,68.0,7.0,170.0,48.0,33.0,62.0,29.0,79.0
326,326.0,197.0,94.0,2.0,156.0,19.0,35.0,64.0,28.0,92.0
327,326.0,197.0,94.0,2.0,156.0,19.0,35.0,64.0,28.0,92.0
328,124.0,245.0,52.0,3.0,133.0,20.0,44.0,80.0,20.0,132.0
329,124.0,245.0,52.0,3.0,133.0,20.0,44.0,80.0,20.0,132.0
330,242.0,291.0,38.0,5.0,142.0,28.0,71.0,83.0,30.0,100.0
331,242.0,291.0,38.0,5.0,142.0,28.0,71.0,83.0,30.0,100.0
332,198.0,226.0,35.0,10.0,175.0,19.0,76.0,52.0,23.0,103.0
333,198.0,226.0,35.0,10.0,175.0,19.0,76.0,52.0,23.0,103.0
334,179.0,270.0,80.0,5.0,165.0,10.0,90.0,51.0,8.0,126.0
335,179.0,270.0,80.0,5.0,165.0,10.0,90.0,51.0,8.0,126.0
336,181.0,301.0,85.0,2.0,154.0,9.0,104.0,36.0,0.0,140.0
337,181.0,301.0,85.0,2.0,154.0,9.0,104.0,36.0,0.0,140.0
338,108.0,235.0,88.0,3.0,144.0,14.0,182.0,46.0,0.0,139.0
339,108.0,235.0,88.0,3.0,144.0,14.0,182.0,46.0,0.0,139.0
340,110.0,237.0,77.0,11.0,158.0,10.0,177.0,57.0,0.0,111.0
341,110.0,237.0,77.0,11.0,158.0,10.0,177.0,57.0,0.0,111.0
342,157.0,280.0,66.0,6.0,106.0,7.0,151.0,88.0,0.0,30.0
343,157.0,280.0,66.0,6.0,106.0,7.0,151.0,88.0,0.0,30.0
344,229.0,419.0,64.0,2.0,72.0,13.0,167.0,99.0,2.0,28.0
345,229.0,419.0,64.0,2.0,72.0,13.0,167.0,99.0,2.0,28.0
346,170.0,512.0,33.0,3.0,93.0,20.0,182.0,74.0,14.0,24.0
347,170.0,512.0,33.0,3.0,93.0,20.0,182.0,74.0,14.0,24.0
348,140.0,322.0,22.0,10.0,97.0,33.0,113.0,70.0,14.0,27.0
349,140.0,322.0,22.0,10.0,97.0,33.0,113.0,70.0,14.0,27.0
350,130.0,305.0,33.0,10.0,111.0,46.0,90.0,95.0,0.0,43.0
351,130.0,305.0,33.0,10.0,111.0,46.0,90.0,95.0,0.0,43.0
352,167.0,325.0,44.0,3.0,151.0,60.0,11.0,105.0,0.0,50.0
353,167.0,325.0,44.0,3.0,151.0,60.0,11.0,105.0,0.0,50.0
354,138.0,367.0,54.0,2.0,170.0,66.0,11.0,127.0,0.0,53.0
355,138.0,367.0,54.0,2.0,170.0,66.0,11.0,127.0,0.0,53.0
356,142.0,383.0,0.0,1.0,105.0,54.0,11.0,157.0,0.0,59.0
357,142.0,383.0,0.0,1.0,105.0,54.0,11.0,157.0,0.0,59.0
358,121.0,404.0,8.0,2.0,122.0,28.0,27.0,77.0,0.0,132.0
359,121.0,404.0,8.0,2.0,122.0,28.0,27.0,77.0,0.0,132.0
360,48.0,560.0,6.0,1.0,151.0,77.0,57.0,95.0,0.0,125.0
361,48.0,560.0,6.0,1.0,151.0,77.0,57.0,95.0,0.0,125.0
362,40.0,582.0,5.0,6.0,135.0,45.0,31.0,162.0,0.0,131.0
363,40.0,582.0,5.0,6.0,135.0,45.0,31.0,162.0,0.0,131.0
364,40.0,415.0,19.0,16.0,134.0,34.0,27.0,183.0,0.0,102.0
365,40.0,415.0,19.0,16.0,134.0,34.0,27.0,183.0,0.0,102.0
366,25.0,373.0,29.0,33.0,78.0,21.0,11.0,94.0,16.0,87.0
367,25.0,373.0,29.0,33.0,78.0,21.0,11.0,94.0,16.0,87.0
368,39.0,310.0,33.0,35.0,53.0,11.0,3.0,49.0,26.0,84.0
369,39.0,310.0,33.0,35.0,53.0,11.0,3.0,49.0,26.0,84.0
370,58.0,301.0,28.0,18.0,42.0,11.0,11.0,21.0,44.0,103.0
371,58.0,301.0,28.0,18.0,42.0,11.0,11.0,21.0,44.0,103.0
372,89.0,224.0,27.0,23.0,53.0,9.0,16.0,37.0,56.0,38.0
373,89.0,224.0,27.0,23.0,53.0,9.0,16.0,37.0,56.0,38.0
374,79.0,368.0,21.0,26.0,69.0,10.0,15.0,44.0,54.0,47.0
375,79.0,368.0,21.0,26.0,69.0,10.0,15.0,44.0,54.0,47.0
376,55.0,328.0,26.0,6.0,78.0,14.0,14.0,44.0,55.0,111.0
377,55.0,328.0,26.0,6.0,78.0,14.0,14.0,44.0,55.0,111.0
378,43.0,244.0,36.0,7.0,72.0,22.0,18.0,46.0,27.0,79.0
379,43.0,244.0,36.0,7.0,72.0,22.0,18.0,46.0,27.0,79.0
380,65.0,156.0,35.0,11.0,63.0,33.0,27.0,48.0,27.0,74.0
381,65.0,156.0,35.0,11.0,63.0,33.0,27.0,48.0,27.0,74.0
382,68.0,173.0,36.0,11.0,54.0,31.0,42.0,47.0,26.0,89.0
383,68.0,173.0,36.0,11.0,54.0,31.0,42.0,47.0,26.0,89.0
384,44.0,136.0,25.0,16.0,61.0,32.0,46.0,51.0,25.0,94.0
385,44.0,136.0,25.0,16.0,61.0,32.0,46.0,51.0,25.0,94.0
386,36.0,150.0,29.0,20.0,75.0,25.0,41.0,69.0,26.0,76.0
387,36.0,150.0,29.0,20.0,75.0,25.0,41.0,69.0,26.0,76.0
388,63.0,132.0,43.0,16.0,94.0,25.0,35.0,84.0,39.0,96.0
389,63.0,132.0,43.0,16.0,94.0,25.0,35.0,84.0,39.0,96.0
390,56.0,117.0,53.0,14.0,89.0,31.0,31.0,95.0,73.0,114.0
391,56.0,117.0,53.0,14.0,89.0,31.0,31.0,95.0,73.0,114.0
392,57.0,144.0,63.0,15.0,87.0,30.0,16.0,101.0,80.0,137.0
393,57.0,144.0,63.0,15.0,87.0,30.0,16.0,101.0,80.0,137.0
394,58.0,153.0,73.0,6.0,106.0,26.0,22.0,110.0,103.0,164.0
395,58.0,153.0,73.0,6.0,106.0,26.0,22.0,110.0,103.0,164.0
396,46.0,185.0,91.0,5.0,98.0,13.0,18.0,132.0,120.0,195.0
397,46.0,185.0,91.0,5.0,98.0,13.0,18.0,132.0,120.0,195.0
398,63.0,151.0,111.0,5.0,80.0,15.0,16.0,147.0,123.0,198.0
399,63.0,151.0,111.0,5.0,80.0,15.0,16.0,147.0,123.0,198.0
400,60.0,160.0,145.0,3.0,91.0,14.0,23.0,129.0,150.0,205.0
401,60.0,160.0,145.0,3.0,91.0,14.0,23.0,129.0,150.0,205.0
402,34.0,224.0,83.0,3.0,125.0,13.0,26.0,119.0,94.0,245.0
403,34.0,224.0,83.0,3.0,125.0,13.0,26.0,119.0,94.0,245.0
404,34.0,226.0,66.0,4.0,118.0,14.0,30.0,108.0,78.0,191.0
405,34.0,226.0,66.0,4.0,118.0,14.0,30.0,108.0,78.0,191.0
406,41.0,180.0,104.0,4.0,126.0,25.0,25.0,74.0,92.0,213.0
407,41.0,180.0,104.0,4.0,126.0,25.0,25.0,74.0,92.0,213.0
408,38.0,218.0,161.0,4.0,112.0,34.0,24.0,69.0,59.0,218.0
409,38.0,218.0,161.0,4.0,112.0,34.0,24.0,69.0,59.0,218.0
410,46.0,133.0,159.0,3.0,116.0,35.0,22.0,69.0,90.0,261.0
411,46.0,133.0,159.0,3.0,116.0,35.0,22.0,69.0,90.0,261.0
412,82.0,131.0,80.0,4.0,140.0,38.0,21.0,65.0,60.0,251.0
413,82.0,131.0,80.0,4.0,140.0,38.0,21.0,65.0,60.0,251.0
414,101.0,156.0,159.0,3.0,146.0,35.0,25.0,63.0,60.0,252.0
415,101.0,156.0,159.0,3.0,146.0,35.0,25.0,63.0,60.0,252.0
416,109.0,174.0,156.0,2.0,102.0,35.0,34.0,73.0,37.0,270.0
417,109.0,174.0,156.0,2.0,102.0,35.0,34.0,73.0,37.0,270.0
418,90.0,238.0,125.0,1.0,125.0,27.0,31.0,73.0,38.0,274.0
419,90.0,238.0,125.0,1.0,125.0,27.0,31.0,73.0,38.0,274.0
420,91.0,203.0,144.0,2.0,138.0,28.0,19.0,58.0,38.0,246.0
421,91.0,203.0,144.0,2.0,138.0,28.0,19.0,58.0,38.0,246.0
422,100.0,185.0,184.0,4.0,114.0,27.0,12.0,27.0,0.0,237.0
423,100.0,185.0,184.0,4.0,114.0,27.0,12.0,27.0,0.0,237.0
424,114.0,201.0,223.0,5.0,102.0,17.0,18.0,24.0,11.0,321.0
425,114.0,201.0,223.0,5.0,102.0,17.0,18.0,24.0,11.0,321.0
426,165.0,230.0,236.0,6.0,118.0,15.0,18.0,22.0,26.0,303.0
427,165.0,230.0,236.0,6.0,118.0,15.0,18.0,22.0,26.0,303.0
428,203.0,237.0,233.0,2.0,136.0,13.0,14.0,22.0,26.0,279.0
429,203.0,237.0,233.0,2.0,136.0,13.0,14.0,22.0,26.0,279.0
430,176.0,569.0,255.0,2.0,135.0,10.0,20.0,15.0,9.0,282.0
431,176.0,569.0,255.0,2.0,135.0,10.0,20.0,15.0,9.0,282.0
432,154.0,584.0,383.0,0.0,138.0,11.0,41.0,12.0,29.0,322.0
433,154.0,584.0,383.0,0.0,138.0,11.0,41.0,12.0,29.0,322.0
434,178.0,327.0,339.0,0.0,173.0,9.0,72.0,21.0,17.0,424.0
435,178.0,327.0,339.0,0.0,173.0,9.0,72.0,21.0,17.0,424.0
436,231.0,321.0,273.0,3.0,145.0,8.0,74.0,27.0,12.0,363.0
437,231.0,321.0,273.0,3.0,145.0,8.0,74.0,27.0,12.0,363.0
438,251.0,239.0,262.0,2.0,133.0,8.0,64.0,41.0,7.0,353.0
439,251.0,239.0,262.0,2.0,133.0,8.0,64.0,41.0,7.0,353.0
440,249.0,285.0,222.0,1.0,152.0,8.0,66.0,68.0,13.0,539.0
441,249.0,285.0,222.0,1.0,152.0,8.0,66.0,68.0,13.0,539.0
442,258.0,303.0,222.0,1.0,140.0,9.0,80.0,65.0,13.0,563.0
443,258.0,303.0,222.0,1.0,140.0,9.0,80.0,65.0,13.0,563.0
444,269.0,265.0,129.0,2.0,210.0,6.0,88.0,49.0,0.0,310.0
445,269.0,265.0,129.0,2.0,210.0,6.0,88.0,49.0,0.0,310.0
446,103.0,295.0,180.0,3.0,179.0,13.0,100.0,38.0,0.0,361.0
447,103.0,295.0,180.0,3.0,179.0,13.0,100.0,38.0,0.0,361.0
448,91.0,302.0,142.0,4.0,207.0,18.0,134.0,28.0,19.0,421.0
449,91.0,302.0,142.0,4.0,207.0,18.0,134.0,28.0,19.0,421.0
450,95.0,416.0,162.0,5.0,327.0,24.0,163.0,21.0,25.0,357.0
451,95.0,416.0,162.0,5.0,327.0,24.0,163.0,21.0,25.0,357.0
452,93.0,604.0,37.0,7.0,287.0,27.0,159.0,28.0,25.0,384.0
453,93.0,604.0,37.0,7.0,287.0,27.0,159.0,28.0,25.0,384.0
454,86.0,1108.0,23.0,2.0,449.0,33.0,125.0,43.0,23.0,496.0
455,86.0,1108.0,23.0,2.0,449.0,33.0,125.0,43.0,23.0,496.0
456,27.0,286.0,22.0,1.0,453.0,65.0,127.0,41.0,30.0,877.0
457,27.0,286.0,22.0,1.0,453.0,65.0,127.0,41.0,30.0,877.0
458,30.0,306.0,22.0,2.0,310.0,39.0,111.0,49.0,30.0,887.0
459,30.0,306.0,22.0,2.0,310.0,39.0,111.0,49.0,30.0,887.0
460,29.0,1141.0,28.0,8.0,324.0,23.0,98.0,47.0,1.0,466.0
461,29.0,1141.0,28.0,8.0,324.0,23.0,98.0,47.0,1.0,466.0
462,36.0,857.0,42.0,8.0,311.0,5.0,49.0,43.0,10.0,299.0
463,36.0,857.0,42.0,8.0,311.0,5.0,49.0,43.0,10.0,299.0
464,30.0,594.0,29.0,11.0,241.0,11.0,21.0,52.0,21.0,309.0
465,30.0,594.0,29.0,11.0,241.0,11.0,21.0,52.0,21.0,309.0
466,42.0,438.0,18.0,1.0,280.0,13.0,21.0,65.0,33.0,305.0
467,42.0,438.0,18.0,1.0,280.0,13.0,21.0,65.0,33.0,305.0
468,68.0,312.0,30.0,4.0,230.0,21.0,17.0,86.0,29.0,422.0
469,68.0,312.0,30.0,4.0,230.0,21.0,17.0,86.0,29.0,422.0
470,81.0,390.0,30.0,5.0,209.0,25.0,11.0,65.0,18.0,399.0
471,81.0,390.0,30.0,5.0,209.0,25.0,11.0,65.0,18.0,399.0
472,107.0,437.0,22.0,4.0,204.0,26.0,22.0,57.0,13.0,174.0
473,107.0,437.0,22.0,4.0,204.0,26.0,22.0,57.0,13.0,174.0
474,101.0,404.0,38.0,3.0,131.0,30.0,42.0,51.0,14.0,164.0
475,101.0,404.0,38.0,3.0,131.0,30.0,42.0,51.0,14.0,164.0
476,119.0,251.0,55.0,3.0,118.0,33.0,57.0,60.0,21.0,187.0
477,119.0,251.0,55.0,3.0,118.0,33.0,57.0,60.0,21.0,187.0
478,132.0,211.0,70.0,4.0,93.0,43.0,74.0,70.0,34.0,212.0
479,132.0,211.0,70.0,4.0,93.0,43.0,74.0,70.0,34.0,212.0
480,118.0,215.0,86.0,7.0,90.0,44.0,80.0,74.0,30.0,232.0
481,118.0,215.0,86.0,7.0,90.0,44.0,80.0,74.0,30.0,232.0
482,130.0,165.0,105.0,6.0,123.0,47.0,65.0,86.0,24.0,146.0
483,130.0,165.0,105.0,6.0,123.0,47.0,65.0,86.0,24.0,146.0
484,147.0,140.0,120.0,8.0,140.0,75.0,63.0,98.0,54.0,147.0
485,147.0,140.0,120.0,8.0,140.0,75.0,63.0,98.0,54.0,147.0
486,146.0,155.0,131.0,9.0,114.0,61.0,63.0,107.0,85.0,178.0
487,146.0,155.0,131.0,9.0,114.0,61.0,63.0,107.0,85.0,178.0
488,152.0,156.0,120.0,7.0,122.0,51.0,57.0,93.0,71.0,209.0
489,152.0,156.0,120.0,7.0,122.0,51.0,57.0,93.0,71.0,209.0
490,156.0,162.0,134.0,4.0,146.0,36.0,54.0,83.0,64.0,186.0
491,156.0,162.0,134.0,4.0,146.0,36.0,54.0,83.0,64.0,186.0
492,192.0,139.0,133.0,4.0,166.0,39.0,35.0,80.0,52.0,131.0
493,192.0,139.0,133.0,4.0,166.0,39.0,35.0,80.0,52.0,131.0
494,143.0,121.0,126.0,4.0,194.0,39.0,16.0,72.0,58.0,152.0
495,143.0,121.0,126.0,4.0,194.0,39.0,16.0,72.0,58.0,152.0
496,153.0,118.0,108.0,5.0,175.0,31.0,17.0,57.0,58.0,144.0
497,153.0,118.0,108.0,5.0,175.0,31.0,17.0,57.0,58.0,144.0
498,138.0,117.0,64.0,8.0,147.0,28.0,13.0,52.0,43.0,147.0
499,138.0,117.0,64.0,8.0,147.0,28.0,13.0,52.0,43.0,147.0
500,136.0,112.0,50.0,15.0,158.0,16.0,14.0,73.0,43.0,140.0
501,136.0,112.0,50.0,15.0,158.0,16.0,14.0,73.0,43.0,140.0
502,149.0,135.0,145.0,30.0,138.0,15.0,15.0,64.0,40.0,135.0
503,149.0,135.0,145.0,30.0,138.0,15.0,15.0,64.0,40.0,135.0
504,159.0,178.0,55.0,28.0,155.0,17.0,20.0,58.0,40.0,160.0
505,159.0,178.0,55.0,28.0,155.0,17.0,20.0,58.0,40.0,160.0
506,151.0,172.0,70.0,9.0,144.0,21.0,21.0,64.0,20.0,187.0
507,151.0,172.0,70.0,9.0,144.0,21.0,21.0,64.0,20.0,187.0
508,153.0,152.0,60.0,6.0,156.0,28.0,26.0,63.0,27.0,226.0
509,153.0,152.0,60.0,6.0,156.0,28.0,26.0,63.0,27.0,226.0
510,178.0,181.0,85.0,17.0,137.0,31.0,33.0,63.0,44.0,183.0
511,178.0,181.0,85.0,17.0,137.0,31.0,33.0,63.0,44.0,183.0
512,350.0,153.0,108.0,24.0,110.0,40.0,47.0,63.0,68.0,144.0
513,350.0,153.0,108.0,24.0,110.0,40.0,47.0,63.0,68.0,144.0
514,277.0,116.0,101.0,20.0,143.0,30.0,40.0,62.0,68.0,165.0
515,277.0,116.0,101.0,20.0,143.0,30.0,40.0,62.0,68.0,165.0
516,268.0,111.0,94.0,1.0,111.0,19.0,44.0,58.0,58.0,231.0
517,268.0,111.0,94.0,1.0,111.0,19.0,44.0,58.0,58.0,231.0
518,191.0,116.0,97.0,2.0,73.0,11.0,37.0,44.0,73.0,251.0
519,191.0,116.0,97.0,2.0,73.0,11.0,37.0,44.0,73.0,251.0
520,185.0,145.0,102.0,2.0,74.0,10.0,36.0,39.0,107.0,207.0
521,185.0,145.0,102.0,2.0,74.0,10.0,36.0,39.0,107.0,207.0
522,167.0,162.0,95.0,1.0,87.0,6.0,21.0,31.0,133.0,156.0
523,167.0,162.0,95.0,1.0,87.0,6.0,21.0,31.0,133.0,156.0
524,197.0,160.0,109.0,1.0,92.0,5.0,27.0,20.0,147.0,184.0
525,197.0,160.0,109.0,1.0,92.0,5.0,27.0,20.0,147.0,184.0
526,272.0,137.0,140.0,1.0,92.0,6.0,52.0,10.0,167.0,245.0
527,272.0,137.0,140.0,1.0,92.0,6.0,52.0,10.0,167.0,245.0
528,232.0,201.0,170.0,3.0,104.0,9.0,47.0,8.0,178.0,271.0
529,232.0,201.0,170.0,3.0,104.0,9.0,47.0,8.0,178.0,271.0
530,287.0,197.0,233.0,7.0,133.0,13.0,53.0,21.0,197.0,275.0
531,287.0,197.0,233.0,7.0,133.0,13.0,53.0,21.0,197.0,275.0
532,354.0,243.0,213.0,11.0,132.0,10.0,87.0,22.0,213.0,305.0
533,354.0,243.0,213.0,11.0,132.0,10.0,87.0,22.0,213.0,305.0
534,283.0,227.0,204.0,6.0,134.0,5.0,80.0,21.0,251.0,324.0
535,283.0,227.0,204.0,6.0,134.0,5.0,80.0,21.0,251.0,324.0
536,254.0,218.0,112.0,1.0,143.0,7.0,75.0,15.0,254.0,347.0
537,254.0,218.0,112.0,1.0,143.0,7.0,75.0,15.0,254.0,347.0
538,182.0,269.0,211.0,2.0,136.0,8.0,61.0,10.0,20.0,366.0
539,182.0,269.0,211.0,2.0,136.0,8.0,61.0,10.0,20.0,366.0
540,214.0,244.0,185.0,1.0,170.0,8.0,25.0,10.0,20.0,264.0
541,214.0,244.0,185.0,1.0,170.0,8.0,25.0,10.0,20.0,264.0
542,244.0,216.0,170.0,0.0,208.0,8.0,40.0,11.0,0.0,213.0
543,244.0,216.0,170.0,0.0,208.0,8.0,40.0,11.0,0.0,213.0
544,257.0,219.0,143.0,0.0,221.0,7.0,72.0,8.0,0.0,243.0
545,257.0,219.0,143.0,0.0,221.0,7.0,72.0,8.0,0.0,243.0
546,286.0,241.0,145.0,1.0,250.0,5.0,72.0,12.0,0.0,251.0
547,286.0,241.0,145.0,1.0,250.0,5.0,72.0,12.0,0.0,251.0
548,223.0,269.0,204.0,1.0,233.0,7.0,61.0,16.0,0.0,261.0
549,223.0,269.0,204.0,1.0,233.0,7.0,61.0,16.0,0.0,261.0
550,226.0,318.0,0.0,6.0,236.0,7.0,18.0,17.0,0.0,271.0
551,226.0,318.0,0.0,6.0,236.0,7.0,18.0,17.0,0.0,271.0
552,322.0,337.0,0.0,4.0,290.0,6.0,11.0,19.0,0.0,264.0
553,322.0,337.0,0.0,4.0,290.0,6.0,11.0,19.0,0.0,264.0
554,278.0,422.0,0.0,7.0,194.0,1.0,16.0,24.0,16.0,263.0
555,278.0,422.0,0.0,7.0,194.0,1.0,16.0,24.0,16.0,263.0
556,293.0,520.0,0.0,14.0,193.0,1.0,25.0,27.0,46.0,262.0
557,293.0,520.0,0.0,14.0,193.0,1.0,25.0,27.0,46.0,262.0
558,220.0,502.0,27.0,0.0,234.0,1.0,27.0,24.0,75.0,501.0
559,220.0,502.0,27.0,0.0,234.0,1.0,27.0,24.0,75.0,501.0
560,390.0,630.0,32.0,3.0,214.0,1.0,22.0,22.0,76.0,325.0
561,390.0,630.0,32.0,3.0,214.0,1.0,22.0,22.0,76.0,325.0
562,290.0,374.0,24.0,3.0,206.0,0.0,22.0,26.0,44.0,239.0
563,290.0,374.0,24.0,3.0,206.0,0.0,22.0,26.0,44.0,239.0
564,145.0,359.0,8.0,2.0,177.0,1.0,22.0,34.0,13.0,275.0
565,145.0,359.0,8.0,2.0,177.0,1.0,22.0,34.0,13.0,275.0
566,65.0,465.0,20.0,3.0,126.0,1.0,11.0,48.0,0.0,161.0
567,65.0,465.0,20.0,3.0,126.0,1.0,11.0,48.0,0.0,161.0
568,45.0,419.0,32.0,2.0,133.0,1.0,13.0,47.0,4.0,200.0
569,45.0,419.0,32.0,2.0,133.0,1.0,13.0,47.0,4.0,200.0
570,54.0,365.0,40.0,2.0,130.0,2.0,13.0,33.0,8.0,152.0
571,54.0,365.0,40.0,2.0,130.0,2.0,13.0,33.0,8.0,152.0
572,64.0,301.0,33.0,6.0,95.0,2.0,13.0,38.0,8.0,138.0
573,64.0,301.0,33.0,6.0,95.0,2.0,13.0,38.0,8.0,138.0
574,88.0,260.0,37.0,11.0,90.0,3.0,17.0,50.0,12.0,177.0
575,88.0,260.0,37.0,11.0,90.0,3.0,17.0,50.0,12.0,177.0
576,91.0,176.0,48.0,7.0,82.0,3.0,23.0,58.0,12.0,136.0
577,91.0,176.0,48.0,7.0,82.0,3.0,23.0,58.0,12.0,136.0
578,93.0,167.0,58.0,8.0,107.0,3.0,24.0,48.0,6.0,98.0
579,93.0,167.0,58.0,8.0,107.0,3.0,24.0,48.0,6.0,98.0
580,113.0,129.0,69.0,11.0,124.0,5.0,22.0,53.0,16.0,101.0
581,113.0,129.0,69.0,11.0,124.0,5.0,22.0,53.0,16.0,101.0
582,87.0,145.0,81.0,13.0,126.0,5.0,12.0,65.0,25.0,129.0
583,87.0,145.0,81.0,13.0,126.0,5.0,12.0,65.0,25.0,129.0
584,129.0,168.0,110.0,16.0,118.0,4.0,10.0,63.0,41.0,156.0
585,129.0,168.0,110.0,16.0,118.0,4.0,10.0,63.0,41.0,156.0
586,159.0,132.0,115.0,17.0,117.0,10.0,8.0,70.0,99.0,161.0
587,159.0,132.0,115.0,17.0,117.0,10.0,8.0,70.0,99.0,161.0
588,191.0,130.0,98.0,8.0,148.0,17.0,4.0,78.0,86.0,122.0
589,191.0,130.0,98.0,8.0,148.0,17.0,4.0,78.0,86.0,122.0
590,185.0,122.0,132.0,8.0,171.0,26.0,4.0,78.0,90.0,144.0
591,185.0,122.0,132.0,8.0,171.0,26.0,4.0,78.0,90.0,144.0
592,147.0,137.0,118.0,10.0,150.0,31.0,9.0,85.0,72.0,173.0
593,147.0,137.0,118.0,10.0,150.0,31.0,9.0,85.0,72.0,173.0
594,149.0,178.0,113.0,8.0,145.0,31.0,10.0,94.0,146.0,188.0
595,149.0,178.0,113.0,8.0,145.0,31.0,10.0,94.0,146.0,188.0
596,156.0,193.0,92.0,8.0,148.0,29.0,5.0,92.0,148.0,179.0
597,156.0,193.0,92.0,8.0,148.0,29.0,5.0,92.0,148.0,179.0
598,162.0,202.0,80.0,9.0,150.0,27.0,3.0,106.0,152.0,211.0
599,162.0,202.0,80.0,9.0,150.0,27.0,3.0,106.0,152.0,211.0
600,146.0,180.0,41.0,3.0,167.0,38.0,4.0,100.0,102.0,215.0
601,146.0,180.0,41.0,3.0,167.0,38.0,4.0,100.0,102.0,215.0
602,222.0,196.0,49.0,3.0,173.0,51.0,4.0,82.0,112.0,147.0
603,222.0,196.0,49.0,3.0,173.0,51.0,4.0,82.0,112.0,147.0
604,230.0,231.0,42.0,3.0,196.0,47.0,11.0,98.0,193.0,152.0
605,230.0,231.0,42.0,3.0,196.0,47.0,11.0,98.0,193.0,152.0
606,219.0,242.0,21.0,4.0,199.0,49.0,15.0,62.0,217.0,162.0
607,219.0,242.0,21.0,4.0,199.0,49.0,15.0,62.0,217.0,162.0
608,241.0,236.0,18.0,5.0,185.0,23.0,17.0,57.0,236.0,218.0
609,241.0,236.0,18.0,5.0,185.0,23.0,17.0,57.0,236.0,218.0
610,240.0,313.0,19.0,6.0,183.0,30.0,7.0,71.0,185.0,252.0
611,240.0,313.0,19.0,6.0,183.0,30.0,7.0,71.0,185.0,252.0
612,303.0,383.0,28.0,8.0,145.0,40.0,6.0,57.0,213.0,243.0
613,303.0,383.0,28.0,8.0,145.0,40.0,6.0,57.0,213.0,243.0
614,238.0,409.0,35.0,7.0,173.0,44.0,6.0,50.0,318.0,257.0
615,238.0,409.0,35.0,7.0,173.0,44.0,6.0,50.0,318.0,257.0
616,202.0,437.0,27.0,4.0,263.0,53.0,7.0,54.0,249.0,334.0
617,202.0,437.0,27.0,4.0,263.0,53.0,7.0,54.0,249.0,334.0
618,234.0,527.0,37.0,3.0,272.0,66.0,12.0,63.0,226.0,340.0
619,234.0,527.0,37.0,3.0,272.0,66.0,12.0,63.0,226.0,340.0
620,236.0,470.0,50.0,3.0,264.0,77.0,14.0,50.0,213.0,362.0
621,236.0,470.0,50.0,3.0,264.0,77.0,14.0,50.0,213.0,362.0
622,393.0,490.0,63.0,3.0,287.0,78.0,14.0,45.0,189.0,402.0
623,393.0,490.0,63.0,3.0,287.0,78.0,14.0,45.0,189.0,402.0
624,417.0,668.0,69.0,2.0,234.0,79.0,31.0,57.0,242.0,309.0
625,417.0,668.0,69.0,2.0,234.0,79.0,31.0,57.0,242.0,309.0
626,333.0,573.0,99.0,2.0,196.0,85.0,58.0,32.0,242.0,346.0
627,333.0,573.0,99.0,2.0,196.0,85.0,58.0,32.0,242.0,346.0
628,356.0,566.0,102.0,0.0,196.0,83.0,43.0,31.0,286.0,341.0
629,356.0,566.0,102.0,0.0,196.0,83.0,43.0,31.0,286.0,341.0
630,326.0,499.0,94.0,0.0,224.0,101.0,108.0,37.0,203.0,450.0
631,326.0,499.0,94.0,0.0,224.0,101.0,108.0,37.0,203.0,450.0
632,289.0,495.0,90.0,4.0,178.0,88.0,106.0,32.0,306.0,418.0
633,289.0,495.0,90.0,4.0,178.0,88.0,106.0,32.0,306.0,418.0
634,336.0,520.0,0.0,6.0,161.0,71.0,130.0,30.0,285.0,379.0
635,336.0,520.0,0.0,6.0,161.0,71.0,130.0,30.0,285.0,379.0
636,41.0,578.0,0.0,6.0,163.0,77.0,143.0,38.0,213.0,423.0
637,41.0,578.0,0.0,6.0,163.0,77.0,143.0,38.0,213.0,423.0
638,60.0,614.0,0.0,0.0,132.0,114.0,157.0,29.0,162.0,661.0
639,60.0,614.0,0.0,0.0,132.0,114.0,157.0,29.0,162.0,661.0
640,68.0,530.0,15.0,4.0,197.0,171.0,184.0,33.0,0.0,673.0
641,68.0,530.0,15.0,4.0,197.0,171.0,184.0,33.0,0.0,673.0
642,102.0,485.0,15.0,4.0,207.0,91.0,211.0,26.0,0.0,432.0
643,102.0,485.0,15.0,4.0,207.0,91.0,211.0,26.0,0.0,432.0
644,132.0,815.0,0.0,0.0,280.0,40.0,259.0,19.0,0.0,412.0
645,132.0,815.0,0.0,0.0,280.0,40.0,259.0,19.0,0.0,412.0
646,131.0,564.0,1.0,0.0,268.0,60.0,276.0,36.0,0.0,442.0
647,131.0,564.0,1.0,0.0,268.0,60.0,276.0,36.0,0.0,442.0
648,227.0,473.0,1.0,3.0,146.0,111.0,311.0,29.0,0.0,609.0
649,227.0,473.0,1.0,3.0,146.0,111.0,311.0,29.0,0.0,609.0
650,242.0,631.0,8.0,5.0,200.0,93.0,243.0,17.0,0.0,439.0
651,242.0,631.0,8.0,5.0,200.0,93.0,243.0,17.0,0.0,439.0
652,167.0,612.0,8.0,10.0,218.0,23.0,267.0,15.0,0.0,351.0
653,167.0,612.0,8.0,10.0,218.0,23.0,267.0,15.0,0.0,351.0
654,181.0,388.0,0.0,6.0,197.0,7.0,286.0,12.0,0.0,422.0
655,181.0,388.0,0.0,6.0,197.0,7.0,286.0,12.0,0.0,422.0
656,329.0,405.0,8.0,2.0,191.0,13.0,205.0,8.0,0.0,341.0
657,329.0,405.0,8.0,2.0,191.0,13.0,205.0,8.0,0.0,341.0
658,321.0,466.0,15.0,6.0,207.0,7.0,128.0,12.0,17.0,289.0
659,321.0,466.0,15.0,6.0,207.0,7.0,128.0,12.0,17.0,289.0
660,159.0,450.0,18.0,6.0,127.0,2.0,93.0,14.0,17.0,342.0
661,159.0,450.0,18.0,6.0,127.0,2.0,93.0,14.0,17.0,342.0
662,285.0,473.0,20.0,8.0,98.0,2.0,43.0,20.0,22.0,323.0
663,285.0,473.0,20.0,8.0,98.0,2.0,43.0,20.0,22.0,323.0
664,276.0,575.0,0.0,10.0,97.0,4.0,34.0,18.0,28.0,260.0
665,276.0,575.0,0.0,10.0,97.0,4.0,34.0,18.0,28.0,260.0
666,277.0,607.0,9.0,3.0,70.0,12.0,21.0,15.0,28.0,238.0
667,277.0,607.0,9.0,3.0,70.0,12.0,21.0,15.0,28.0,238.0
668,233.0,518.0,13.0,2.0,76.0,3.0,19.0,16.0,34.0,358.0
669,233.0,518.0,13.0,2.0,76.0,3.0,19.0,16.0,34.0,358.0
670,202.0,465.0,26.0,1.0,77.0,4.0,35.0,19.0,28.0,369.0
671,202.0,465.0,26.0,1.0,77.0,4.0,35.0,19.0,28.0,369.0
672,227.0,492.0,30.0,2.0,77.0,4.0,37.0,25.0,0.0,292.0
673,227.0,492.0,30.0,2.0,77.0,4.0,37.0,25.0,0.0,292.0
674,243.0,423.0,31.0,2.0,108.0,4.0,25.0,29.0,0.0,187.0
675,243.0,423.0,31.0,2.0,108.0,4.0,25.0,29.0,0.0,187.0
676,247.0,401.0,32.0,4.0,104.0,13.0,16.0,28.0,16.0,177.0
677,247.0,401.0,32.0,4.0,104.0,13.0,16.0,28.0,16.0,177.0
678,262.0,502.0,30.0,4.0,59.0,11.0,6.0,27.0,17.0,242.0
679,262.0,502.0,30.0,4.0,59.0,11.0,6.0,27.0,17.0,242.0
680,229.0,378.0,26.0,4.0,67.0,11.0,13.0,24.0,21.0,247.0
681,229.0,378.0,26.0,4.0,67.0,11.0,13.0,24.0,21.0,247.0
682,182.0,192.0,29.0,3.0,86.0,14.0,12.0,27.0,22.0,322.0
683,182.0,192.0,29.0,3.0,86.0,14.0,12.0,27.0,22.0,322.0
684,214.0,188.0,40.0,1.0,91.0,13.0,7.0,28.0,20.0,298.0
685,214.0,188.0,40.0,1.0,91.0,13.0,7.0,28.0,20.0,298.0
686,244.0,176.0,34.0,2.0,99.0,7.0,4.0,31.0,10.0,191.0
687,244.0,176.0,34.0,2.0,99.0,7.0,4.0,31.0,10.0,191.0
688,278.0,209.0,24.0,2.0,100.0,16.0,6.0,36.0,13.0,215.0
689,278.0,209.0,24.0,2.0,100.0,16.0,6.0,36.0,13.0,215.0
690,260.0,137.0,20.0,2.0,99.0,27.0,12.0,43.0,15.0,212.0
691,260.0,137.0,20.0,2.0,99.0,27.0,12.0,43.0,15.0,212.0
692,223.0,193.0,18.0,3.0,115.0,47.0,13.0,47.0,16.0,179.0
693,223.0,193.0,18.0,3.0,115.0,47.0,13.0,47.0,16.0,179.0
694,192.0,176.0,22.0,5.0,137.0,34.0,10.0,48.0,31.0,269.0
695,192.0,176.0,22.0,5.0,137.0,34.0,10.0,48.0,31.0,269.0
696,136.0,143.0,24.0,4.0,145.0,28.0,5.0,46.0,21.0,264.0
697,136.0,143.0,24.0,4.0,145.0,28.0,5.0,46.0,21.0,264.0
698,148.0,156.0,22.0,3.0,116.0,14.0,4.0,18.0,11.0,216.0
699,148.0,156.0,22.0,3.0,116.0,14.0,4.0,18.0,11.0,216.0
700,165.0,181.0,10.0,2.0,121.0,27.0,6.0,20.0,0.0,206.0
701,165.0,181.0,10.0,2.0,121.0,27.0,6.0,20.0,0.0,206.0
702,146.0,226.0,16.0,6.0,73.0,35.0,9.0,29.0,0.0,213.0
703,146.0,226.0,16.0,6.0,73.0,35.0,9.0,29.0,0.0,213.0
704,148.0,250.0,23.0,6.0,70.0,44.0,9.0,30.0,0.0,232.0
705,148.0,250.0,23.0,6.0,70.0,44.0,9.0,30.0,0.0,232.0
706,193.0,285.0,30.0,6.0,84.0,52.0,8.0,24.0,15.0,239.0
707,193.0,285.0,30.0,6.0,84.0,52.0,8.0,24.0,15.0,239.0
708,150.0,349.0,31.0,12.0,99.0,50.0,13.0,17.0,13.0,304.0
709,150.0,349.0,31.0,12.0,99.0,50.0,13.0,17.0,13.0,304.0
710,142.0,217.0,28.0,14.0,101.0,41.0,11.0,15.0,11.0,332.0
711,142.0,217.0,28.0,14.0,101.0,41.0,11.0,15.0,11.0,332.0
712,169.0,246.0,21.0,4.0,77.0,52.0,4.0,12.0,11.0,233.0
713,169.0,246.0,21.0,4.0,77.0,52.0,4.0,12.0,11.0,233.0
714,232.0,282.0,26.0,2.0,85.0,54.0,6.0,15.0,7.0,253.0
715,232.0,282.0,26.0,2.0,85.0,54.0,6.0,15.0,7.0,253.0
716,157.0,295.0,38.0,9.0,103.0,42.0,7.0,14.0,2.0,235.0
717,157.0,295.0,38.0,9.0,103.0,42.0,7.0,14.0,2.0,235.0
718,182.0,319.0,61.0,9.0,129.0,34.0,14.0,10.0,0.0,229.0
719,182.0,319.0,61.0,9.0,129.0,34.0,14.0,10.0,0.0,229.0
720,179.0,360.0,77.0,3.0,120.0,35.0,17.0,15.0,15.0,291.0
721,179.0,360.0,77.0,3.0,120.0,35.0,17.0,15.0,15.0,291.0
722,277.0,401.0,92.0,4.0,115.0,34.0,30.0,15.0,15.0,314.0
723,277.0,401.0,92.0,4.0,115.0,34.0,30.0,15.0,15.0,314.0
724,293.0,426.0,146.0,9.0,108.0,34.0,57.0,13.0,28.0,378.0
725,293.0,426.0,146.0,9.0,108.0,34.0,57.0,13.0,28.0,378.0
726,225.0,436.0,150.0,5.0,101.0,45.0,55.0,9.0,64.0,364.0
727,225.0,436.0,150.0,5.0,101.0,45.0,55.0,9.0,64.0,364.0
728,145.0,456.0,135.0,1.0,133.0,64.0,51.0,16.0,87.0,324.0
729,145.0,456.0,135.0,1.0,133.0,64.0,51.0,16.0,87.0,324.0
730,188.0,465.0,139.0,1.0,165.0,68.0,37.0,20.0,87.0,476.0
731,188.0,465.0,139.0,1.0,165.0,68.0,37.0,20.0,87.0,476.0
732,197.0,516.0,155.0,0.0,166.0,56.0,47.0,22.0,0.0,497.0
733,197.0,516.0,155.0,0.0,166.0,56.0,47.0,22.0,0.0,497.0
734,201.0,553.0,34.0,2.0,197.0,72.0,51.0,20.0,0.0,347.0
735,201.0,553.0,34.0,2.0,197.0,72.0,51.0,20.0,0.0,347.0
736,231.0,564.0,30.0,2.0,155.0,138.0,59.0,41.0,0.0,373.0
737,231.0,564.0,30.0,2.0,155.0,138.0,59.0,41.0,0.0,373.0
738,442.0,607.0,13.0,3.0,129.0,138.0,78.0,76.0,0.0,242.0
739,442.0,607.0,13.0,3.0,129.0,138.0,78.0,76.0,0.0,242.0
740,442.0,600.0,5.0,2.0,145.0,6.0,69.0,43.0,0.0,250.0
741,442.0,600.0,5.0,2.0,145.0,6.0,69.0,43.0,0.0,250.0
742,150.0,547.0,2.0,2.0,162.0,25.0,73.0,19.0,0.0,278.0
743,150.0,547.0,2.0,2.0,162.0,25.0,73.0,19.0,0.0,278.0
744,200.0,576.0,2.0,4.0,158.0,54.0,69.0,26.0,0.0,305.0
745,200.0,576.0,2.0,4.0,158.0,54.0,69.0,26.0,0.0,305.0
746,187.0,577.0,22.0,8.0,232.0,39.0,82.0,44.0,0.0,330.0
747,187.0,577.0,22.0,8.0,232.0,39.0,82.0,44.0,0.0,330.0
748,212.0,628.0,52.0,8.0,216.0,21.0,93.0,30.0,0.0,332.0
749,212.0,628.0,52.0,8.0,216.0,21.0,93.0,30.0,0.0,332.0
750,219.0,693.0,74.0,5.0,165.0,23.0,73.0,21.0,0.0,425.0
751,219.0,693.0,74.0,5.0,165.0,23.0,73.0,21.0,0.0,425.0
752,217.0,778.0,39.0,5.0,150.0,14.0,96.0,24.0,0.0,547.0
753,217.0,778.0,39.0,5.0,150.0,14.0,96.0,24.0,0.0,547.0
754,243.0,755.0,16.0,6.0,77.0,1.0,49.0,30.0,8.0,389.0
755,243.0,755.0,16.0,6.0,77.0,1.0,49.0,30.0,8.0,389.0
756,262.0,780.0,30.0,5.0,76.0,1.0,43.0,37.0,8.0,240.0
757,262.0,780.0,30.0,5.0,76.0,1.0,43.0,37.0,8.0,240.0
758,601.0,727.0,1.0,8.0,77.0,2.0,9.0,38.0,8.0,221.0
759,601.0,727.0,1.0,8.0,77.0,2.0,9.0,38.0,8.0,221.0
760,479.0,558.0,3.0,7.0,76.0,3.0,11.0,27.0,19.0,189.0
761,479.0,558.0,3.0,7.0,76.0,3.0,11.0,27.0,19.0,189.0
762,379.0,424.0,15.0,2.0,70.0,3.0,11.0,13.0,28.0,212.0
763,379.0,424.0,15.0,2.0,70.0,3.0,11.0,13.0,28.0,212.0
764,325.0,203.0,23.0,3.0,64.0,4.0,18.0,11.0,31.0,238.0
765,325.0,203.0,23.0,3.0,64.0,4.0,18.0,11.0,31.0,238.0
766,319.0,209.0,23.0,4.0,45.0,3.0,31.0,11.0,2.0,256.0
767,319.0,209.0,23.0,4.0,45.0,3.0,31.0,11.0,2.0,256.0
768,307.0,275.0,20.0,5.0,45.0,7.0,33.0,14.0,21.0,301.0
769,307.0,275.0,20.0,5.0,45.0,7.0,33.0,14.0,21.0,301.0
770,389.0,298.0,35.0,7.0,46.0,22.0,26.0,16.0,23.0,287.0
771,389.0,298.0,35.0,7.0,46.0,22.0,26.0,16.0,23.0,287.0
772,433.0,289.0,49.0,9.0,46.0,30.0,14.0,19.0,17.0,373.0
773,433.0,289.0,49.0,9.0,46.0,30.0,14.0,19.0,17.0,373.0
774,255.0,309.0,67.0,17.0,38.0,33.0,5.0,24.0,13.0,404.0
775,255.0,309.0,67.0,17.0,38.0,33.0,5.0,24.0,13.0,404.0
776,402.0,296.0,77.0,19.0,44.0,30.0,10.0,21.0,24.0,325.0
777,402.0,296.0,77.0,19.0,44.0,30.0,10.0,21.0,24.0,325.0
778,377.0,228.0,82.0,26.0,49.0,28.0,10.0,23.0,45.0,304.0
779,377.0,228.0,82.0,26.0,49.0,28.0,10.0,23.0,45.0,304.0
780,385.0,251.0,17.0,42.0,66.0,30.0,9.0,34.0,86.0,248.0
781,385.0,251.0,17.0,42.0,66.0,30.0,9.0,34.0,86.0,248.0
782,432.0,219.0,19.0,49.0,96.0,14.0,7.0,46.0,91.0,217.0
783,432.0,219.0,19.0,49.0,96.0,14.0,7.0,46.0,91.0,217.0
784,301.0,185.0,22.0,22.0,76.0,11.0,9.0,46.0,102.0,263.0
785,301.0,185.0,22.0,22.0,76.0,11.0,9.0,46.0,102.0,263.0
786,496.0,205.0,42.0,11.0,55.0,14.0,16.0,51.0,98.0,152.0
787,496.0,205.0,42.0,11.0,55.0,14.0,16.0,51.0,98.0,152.0
788,589.0,209.0,60.0,9.0,65.0,15.0,16.0,51.0,103.0,158.0
789,589.0,209.0,60.0,9.0,65.0,15.0,16.0,51.0,103.0,158.0
790,396.0,204.0,40.0,7.0,89.0,20.0,13.0,47.0,117.0,250.0
791,396.0,204.0,40.0,7.0,89.0,20.0,13.0,47.0,117.0,250.0
792,344.0,219.0,38.0,7.0,110.0,30.0,11.0,43.0,97.0,278.0
793,344.0,219.0,38.0,7.0,110.0,30.0,11.0,43.0,97.0,278.0
794,328.0,233.0,58.0,6.0,110.0,36.0,10.0,48.0,95.0,258.0
795,328.0,233.0,58.0,6.0,110.0,36.0,10.0,48.0,95.0,258.0
796,281.0,289.0,83.0,6.0,114.0,24.0,7.0,52.0,82.0,420.0
797,281.0,289.0,83.0,6.0,114.0,24.0,7.0,52.0,82.0,420.0
798,338.0,270.0,90.0,9.0,125.0,22.0,8.0,51.0,133.0,244.0
799,338.0,270.0,90.0,9.0,125.0,22.0,8.0,51.0,133.0,244.0
800,389.0,266.0,118.0,4.0,112.0,38.0,13.0,72.0,135.0,145.0
801,389.0,266.0,118.0,4.0,112.0,38.0,13.0,72.0,135.0,145.0
802,342.0,238.0,121.0,1.0,121.0,35.0,13.0,76.0,142.0,165.0
803,342.0,238.0,121.0,1.0,121.0,35.0,13.0,76.0,142.0,165.0
804,303.0,243.0,108.0,1.0,161.0,42.0,14.0,65.0,116.0,188.0
805,303.0,243.0,108.0,1.0,161.0,42.0,14.0,65.0,116.0,188.0
806,237.0,233.0,68.0,4.0,188.0,54.0,14.0,67.0,106.0,240.0
807,237.0,233.0,68.0,4.0,188.0,54.0,14.0,67.0,106.0,240.0
808,255.0,207.0,34.0,5.0,171.0,77.0,25.0,43.0,253.0,239.0
809,255.0,207.0,34.0,5.0,171.0,77.0,25.0,43.0,253.0,239.0
810,251.0,229.0,19.0,8.0,175.0,50.0,37.0,30.0,207.0,287.0
811,251.0,229.0,19.0,8.0,175.0,50.0,37.0,30.0,207.0,287.0
812,280.0,198.0,11.0,3.0,172.0,51.0,38.0,27.0,123.0,335.0
813,280.0,198.0,11.0,3.0,172.0,51.0,38.0,27.0,123.0,335.0
814,261.0,203.0,11.0,1.0,164.0,88.0,42.0,20.0,85.0,270.0
815,261.0,203.0,11.0,1.0,164.0,88.0,42.0,20.0,85.0,270.0
816,248.0,421.0,9.0,1.0,146.0,90.0,60.0,23.0,75.0,238.0
817,248.0,421.0,9.0,1.0,146.0,90.0,60.0,23.0,75.0,238.0
818,309.0,267.0,21.0,2.0,125.0,95.0,103.0,30.0,138.0,205.0
819,309.0,267.0,21.0,2.0,125.0,95.0,103.0,30.0,138.0,205.0
820,169.0,175.0,12.0,5.0,114.0,112.0,108.0,27.0,0.0,273.0
821,169.0,175.0,12.0,5.0,114.0,112.0,108.0,27.0,0.0,273.0
822,188.0,187.0,16.0,6.0,74.0,127.0,117.0,30.0,0.0,291.0
823,188.0,187.0,16.0,6.0,74.0,127.0,117.0,30.0,0.0,291.0
824,174.0,224.0,25.0,2.0,101.0,133.0,130.0,39.0,0.0,305.0
825,174.0,224.0,25.0,2.0,101.0,133.0,130.0,39.0,0.0,305.0
826,181.0,210.0,28.0,3.0,99.0,140.0,150.0,29.0,0.0,340.0
827,181.0,210.0,28.0,3.0,99.0,140.0,150.0,29.0,0.0,340.0
828,104.0,284.0,36.0,6.0,105.0,0.0,164.0,18.0,0.0,380.0
829,104.0,284.0,36.0,6.0,105.0,0.0,164.0,18.0,0.0,380.0
830,127.0,287.0,0.0,0.0,135.0,0.0,178.0,18.0,0.0,441.0
831,127.0,287.0,0.0,0.0,135.0,0.0,178.0,18.0,0.0,441.0
832,125.0,212.0,0.0,0.0,157.0,12.0,194.0,20.0,0.0,525.0
833,125.0,212.0,0.0,0.0,157.0,12.0,194.0,20.0,0.0,525.0
834,210.0,67.0,0.0,0.0,140.0,12.0,210.0,38.0,0.0,500.0
835,210.0,67.0,0.0,0.0,140.0,12.0,210.0,38.0,0.0,500.0
836,188.0,83.0,0.0,12.0,166.0,18.0,258.0,65.0,0.0,198.0
837,188.0,83.0,0.0,12.0,166.0,18.0,258.0,65.0,0.0,198.0
838,243.0,194.0,0.0,10.0,226.0,29.0,266.0,71.0,0.0,223.0
839,243.0,194.0,0.0,10.0,226.0,29.0,266.0,71.0,0.0,223.0
840,163.0,117.0,18.0,9.0,216.0,29.0,242.0,90.0,0.0,209.0
841,163.0,117.0,18.0,9.0,216.0,29.0,242.0,90.0,0.0,209.0
842,294.0,101.0,18.0,13.0,219.0,4.0,252.0,54.0,0.0,275.0
843,294.0,101.0,18.0,13.0,219.0,4.0,252.0,54.0,0.0,275.0
844,240.0,169.0,18.0,12.0,245.0,4.0,192.0,26.0,0.0,293.0
845,240.0,169.0,18.0,12.0,245.0,4.0,192.0,26.0,0.0,293.0
846,179.0,161.0,0.0,11.0,217.0,5.0,155.0,22.0,14.0,279.0
847,179.0,161.0,0.0,11.0,217.0,5.0,155.0,22.0,14.0,279.0
848,229.0,136.0,0.0,14.0,162.0,5.0,81.0,22.0,12.0,182.0
849,229.0,136.0,0.0,14.0,162.0,5.0,81.0,22.0,12.0,182.0
850,548.0,84.0,1.0,2.0,76.0,5.0,84.0,26.0,12.0,90.0
851,548.0,84.0,1.0,2.0,76.0,5.0,84.0,26.0,12.0,90.0
852,548.0,73.0,10.0,4.0,28.0,4.0,68.0,20.0,4.0,82.0
853,548.0,73.0,10.0,4.0,28.0,4.0,68.0,20.0,4.0,82.0
854,198.0,51.0,14.0,7.0,33.0,6.0,19.0,16.0,16.0,74.0
855,198.0,51.0,14.0,7.0,33.0,6.0,19.0,16.0,16.0,74.0
856,189.0,46.0,15.0,5.0,33.0,7.0,24.0,16.0,17.0,72.0
857,189.0,46.0,15.0,5.0,33.0,7.0,24.0,16.0,17.0,72.0
858,134.0,53.0,23.0,12.0,49.0,6.0,31.0,14.0,21.0,43.0
859,134.0,53.0,23.0,12.0,49.0,6.0,31.0,14.0,21.0,43.0
860,177.0,62.0,25.0,22.0,45.0,2.0,37.0,20.0,19.0,50.0
861,177.0,62.0,25.0,22.0,45.0,2.0,37.0,20.0,19.0,50.0
862,176.0,75.0,21.0,29.0,45.0,1.0,53.0,21.0,8.0,87.0
863,176.0,75.0,21.0,29.0,45.0,1.0,53.0,21.0,8.0,87.0
864,143.0,85.0,18.0,32.0,55.0,7.0,53.0,22.0,9.0,90.0
865,143.0,85.0,18.0,32.0,55.0,7.0,53.0,22.0,9.0,90.0
866,135.0,75.0,23.0,21.0,59.0,9.0,45.0,29.0,16.0,106.0
867,135.0,75.0,23.0,21.0,59.0,9.0,45.0,29.0,16.0,106.0
868,127.0,66.0,37.0,17.0,62.0,13.0,23.0,43.0,22.0,102.0
869,127.0,66.0,37.0,17.0,62.0,13.0,23.0,43.0,22.0,102.0
870,132.0,62.0,42.0,10.0,64.0,23.0,17.0,45.0,36.0,87.0
871,132.0,62.0,42.0,10.0,64.0,23.0,17.0,45.0,36.0,87.0
872,123.0,48.0,45.0,13.0,67.0,36.0,9.0,47.0,43.0,93.0
873,123.0,48.0,45.0,13.0,67.0,36.0,9.0,47.0,43.0,93.0
874,107.0,47.0,46.0,28.0,77.0,37.0,12.0,52.0,52.0,155.0
875,107.0,47.0,46.0,28.0,77.0,37.0,12.0,52.0,52.0,155.0
876,61.0,60.0,29.0,46.0,88.0,32.0,12.0,63.0,93.0,123.0
877,61.0,60.0,29.0,46.0,88.0,32.0,12.0,63.0,93.0,123.0
878,67.0,64.0,36.0,36.0,90.0,28.0,7.0,82.0,140.0,126.0
879,67.0,64.0,36.0,36.0,90.0,28.0,7.0,82.0,140.0,126.0
880,59.0,83.0,42.0,20.0,79.0,41.0,11.0,73.0,112.0,226.0
881,59.0,83.0,42.0,20.0,79.0,41.0,11.0,73.0,112.0,226.0
882,40.0,85.0,4.0,8.0,70.0,45.0,8.0,59.0,112.0,207.0
883,40.0,85.0,4.0,8.0,70.0,45.0,8.0,59.0,112.0,207.0
884,45.0,87.0,14.0,10.0,85.0,51.0,4.0,50.0,53.0,174.0
885,45.0,87.0,14.0,10.0,85.0,51.0,4.0,50.0,53.0,174.0
886,52.0,87.0,21.0,8.0,89.0,56.0,10.0,39.0,96.0,166.0
887,52.0,87.0,21.0,8.0,89.0,56.0,10.0,39.0,96.0,166.0
888,50.0,98.0,17.0,7.0,76.0,60.0,12.0,42.0,86.0,150.0
889,50.0,98.0,17.0,7.0,76.0,60.0,12.0,42.0,86.0,150.0
890,48.0,100.0,13.0,10.0,89.0,64.0,12.0,42.0,67.0,172.0
891,48.0,100.0,13.0,10.0,89.0,64.0,12.0,42.0,67.0,172.0
892,56.0,86.0,14.0,15.0,107.0,68.0,8.0,41.0,58.0,167.0
893,56.0,86.0,14.0,15.0,107.0,68.0,8.0,41.0,58.0,167.0
894,60.0,80.0,20.0,14.0,132.0,88.0,7.0,44.0,0.0,156.0
895,60.0,80.0,20.0,14.0,132.0,88.0,7.0,44.0,0.0,156.0
896,60.0,74.0,23.0,7.0,90.0,98.0,9.0,46.0,5.0,162.0
897,60.0,74.0,23.0,7.0,90.0,98.0,9.0,46.0,5.0,162.0
898,48.0,77.0,17.0,6.0,91.0,90.0,20.0,43.0,3.0,186.0
899,48.0,77.0,17.0,6.0,91.0,90.0,20.0,43.0,3.0,186.0
900,24.0,97.0,16.0,4.0,88.0,83.0,25.0,35.0,10.0,150.0
901,24.0,97.0,16.0,4.0,88.0,83.0,25.0,35.0,10.0,150.0
902,29.0,96.0,14.0,3.0,96.0,77.0,27.0,48.0,15.0,146.0
903,29.0,96.0,14.0,3.0,96.0,77.0,27.0,48.0,15.0,146.0
904,33.0,104.0,30.0,6.0,121.0,48.0,27.0,56.0,19.0,173.0
905,33.0,104.0,30.0,6.0,121.0,48.0,27.0,56.0,19.0,173.0
906,33.0,109.0,52.0,5.0,126.0,57.0,34.0,63.0,22.0,251.0
907,33.0,109.0,52.0,5.0,126.0,57.0,34.0,63.0,22.0,251.0
908,31.0,108.0,33.0,2.0,129.0,46.0,9.0,47.0,39.0,225.0
909,31.0,108.0,33.0,2.0,129.0,46.0,9.0,47.0,39.0,225.0
910,49.0,263.0,16.0,7.0,147.0,49.0,22.0,19.0,54.0,239.0
911,49.0,263.0,16.0,7.0,147.0,49.0,22.0,19.0,54.0,239.0
912,52.0,216.0,14.0,6.0,145.0,43.0,50.0,12.0,93.0,197.0
913,52.0,216.0,14.0,6.0,145.0,43.0,50.0,12.0,93.0,197.0
914,58.0,227.0,17.0,3.0,128.0,44.0,60.0,21.0,102.0,186.0
915,58.0,227.0,17.0,3.0,128.0,44.0,60.0,21.0,102.0,186.0
916,88.0,192.0,37.0,1.0,105.0,42.0,62.0,17.0,148.0,254.0
917,88.0,192.0,37.0,1.0,105.0,42.0,62.0,17.0,148.0,254.0
918,187.0,203.0,67.0,5.0,107.0,46.0,38.0,19.0,156.0,290.0
919,187.0,203.0,67.0,5.0,107.0,46.0,38.0,19.0,156.0,290.0
920,168.0,242.0,82.0,4.0,109.0,76.0,30.0,17.0,194.0,269.0
921,168.0,242.0,82.0,4.0,109.0,76.0,30.0,17.0,194.0,269.0
922,159.0,217.0,73.0,3.0,89.0,107.0,38.0,17.0,224.0,271.0
923,159.0,217.0,73.0,3.0,89.0,107.0,38.0,17.0,224.0,271.0
924,179.0,598.0,59.0,8.0,87.0,97.0,32.0,20.0,246.0,309.0
925,179.0,598.0,59.0,8.0,87.0,97.0,32.0,20.0,246.0,309.0
926,250.0,290.0,29.0,11.0,93.0,77.0,25.0,30.0,261.0,385.0
927,250.0,290.0,29.0,11.0,93.0,77.0,25.0,30.0,261.0,385.0
928,208.0,249.0,23.0,5.0,107.0,71.0,22.0,35.0,302.0,717.0
929,208.0,249.0,23.0,5.0,107.0,71.0,22.0,35.0,302.0,717.0
930,227.0,302.0,39.0,1.0,107.0,42.0,9.0,35.0,302.0,462.0
931,227.0,302.0,39.0,1.0,107.0,42.0,9.0,35.0,302.0,462.0
932,294.0,338.0,67.0,12.0,0.0,50.0,8.0,33.0,0.0,237.0
933,294.0,338.0,67.0,12.0,0.0,50.0,8.0,33.0,0.0,237.0
934,325.0,365.0,88.0,2.0,12.0,55.0,9.0,18.0,0.0,262.0
935,325.0,365.0,88.0,2.0,12.0,55.0,9.0,18.0,0.0,262.0
936,248.0,295.0,97.0,2.0,42.0,70.0,19.0,16.0,0.0,316.0
937,248.0,295.0,97.0,2.0,42.0,70.0,19.0,16.0,0.0,316.0
938,245.0,382.0,164.0,1.0,53.0,122.0,24.0,14.0,0.0,320.0
939,245.0,382.0,164.0,1.0,53.0,122.0,24.0,14.0,0.0,320.0
940,271.0,404.0,164.0,3.0,47.0,114.0,22.0,18.0,0.0,350.0
941,271.0,404.0,164.0,3.0,47.0,114.0,22.0,18.0,0.0,350.0
942,379.0,261.0,61.0,10.0,58.0,93.0,12.0,26.0,0.0,346.0
943,379.0,261.0,61.0,10.0,58.0,93.0,12.0,26.0,0.0,346.0
944,249.0,279.0,61.0,7.0,48.0,48.0,11.0,22.0,5.0,296.0
945,249.0,279.0,61.0,7.0,48.0,48.0,11.0,22.0,5.0,296.0
946,177.0,347.0,1.0,3.0,32.0,23.0,11.0,22.0,6.0,314.0
947,177.0,347.0,1.0,3.0,32.0,23.0,11.0,22.0,6.0,314.0
948,539.0,329.0,12.0,4.0,51.0,12.0,8.0,29.0,13.0,347.0
949,539.0,329.0,12.0,4.0,51.0,12.0,8.0,29.0,13.0,347.0
950,447.0,375.0,13.0,5.0,57.0,10.0,5.0,33.0,19.0,177.0
951,447.0,375.0,13.0,5.0,57.0,10.0,5.0,33.0,19.0,177.0
952,438.0,371.0,16.0,5.0,52.0,22.0,6.0,26.0,29.0,115.0
953,438.0,371.0,16.0,5.0,52.0,22.0,6.0,26.0,29.0,115.0
954,396.0,261.0,8.0,5.0,64.0,30.0,11.0,32.0,31.0,118.0
955,396.0,261.0,8.0,5.0,64.0,30.0,11.0,32.0,31.0,118.0
956,285.0,162.0,10.0,7.0,82.0,33.0,24.0,36.0,29.0,82.0
957,285.0,162.0,10.0,7.0,82.0,33.0,24.0,36.0,29.0,82.0
958,159.0,267.0,12.0,11.0,86.0,38.0,28.0,35.0,29.0,84.0
959,159.0,267.0,12.0,11.0,86.0,38.0,28.0,35.0,29.0,84.0
960,181.0,246.0,14.0,11.0,86.0,53.0,27.0,45.0,39.0,126.0
961,181.0,246.0,14.0,11.0,86.0,53.0,27.0,45.0,39.0,126.0
962,203.0,157.0,20.0,16.0,92.0,60.0,22.0,41.0,39.0,121.0
963,203.0,157.0,20.0,16.0,92.0,60.0,22.0,41.0,39.0,121.0
964,222.0,163.0,24.0,29.0,111.0,59.0,16.0,44.0,28.0,128.0
965,222.0,163.0,24.0,29.0,111.0,59.0,16.0,44.0,28.0,128.0
966,235.0,183.0,24.0,31.0,113.0,67.0,9.0,57.0,16.0,137.0
967,235.0,183.0,24.0,31.0,113.0,67.0,9.0,57.0,16.0,137.0
968,217.0,184.0,21.0,36.0,103.0,77.0,13.0,64.0,13.0,176.0
969,217.0,184.0,21.0,36.0,103.0,77.0,13.0,64.0,13.0,176.0
970,187.0,220.0,19.0,52.0,90.0,66.0,17.0,65.0,49.0,116.0
971,187.0,220.0,19.0,52.0,90.0,66.0,17.0,65.0,49.0,116.0
972,175.0,288.0,25.0,35.0,93.0,59.0,20.0,65.0,79.0,104.0
973,175.0,288.0,25.0,35.0,93.0,59.0,20.0,65.0,79.0,104.0
974,156.0,309.0,34.0,28.0,111.0,33.0,25.0,67.0,109.0,128.0
975,156.0,309.0,34.0,28.0,111.0,33.0,25.0,67.0,109.0,128.0
976,159.0,289.0,28.0,27.0,143.0,48.0,29.0,78.0,69.0,172.0
977,159.0,289.0,28.0,27.0,143.0,48.0,29.0,78.0,69.0,172.0
978,159.0,273.0,15.0,13.0,135.0,46.0,29.0,91.0,51.0,164.0
979,159.0,273.0,15.0,13.0,135.0,46.0,29.0,91.0,51.0,164.0
980,147.0,285.0,17.0,5.0,145.0,48.0,31.0,94.0,16.0,176.0
981,147.0,285.0,17.0,5.0,145.0,48.0,31.0,94.0,16.0,176.0
982,119.0,315.0,24.0,9.0,138.0,50.0,28.0,99.0,27.0,176.0
983,119.0,315.0,24.0,9.0,138.0,50.0,28.0,99.0,27.0,176.0
984,120.0,331.0,19.0,14.0,146.0,66.0,23.0,98.0,42.0,200.0
985,120.0,331.0,19.0,14.0,146.0,66.0,23.0,98.0,42.0,200.0
986,90.0,344.0,23.0,13.0,153.0,58.0,15.0,74.0,58.0,208.0
987,90.0,344.0,23.0,13.0,153.0,58.0,15.0,74.0,58.0,208.0
988,109.0,379.0,29.0,6.0,159.0,26.0,11.0,72.0,72.0,253.0
989,109.0,379.0,29.0,6.0,159.0,26.0,11.0,72.0,72.0,253.0
990,127.0,441.0,31.0,8.0,184.0,13.0,14.0,68.0,113.0,208.0
991,127.0,441.0,31.0,8.0,184.0,13.0,14.0,68.0,113.0,208.0
992,111.0,354.0,38.0,13.0,189.0,15.0,14.0,71.0,114.0,207.0
993,111.0,354.0,38.0,13.0,189.0,15.0,14.0,71.0,114.0,207.0
994,118.0,334.0,52.0,14.0,201.0,15.0,13.0,96.0,109.0,218.0
995,118.0,334.0,52.0,14.0,201.0,15.0,13.0,96.0,109.0,218.0
996,119.0,327.0,57.0,13.0,229.0,14.0,11.0,97.0,88.0,303.0
997,119.0,327.0,57.0,13.0,229.0,14.0,11.0,97.0,88.0,303.0
998,133.0,362.0,49.0,11.0,217.0,12.0,8.0,78.0,104.0,348.0
999,133.0,362.0,49.0,11.0,217.0,12.0,8.0,78.0,104.0,348.0
