,hospital-er-wait-minutes-piedmont_atlanta,hospital-er-wait-minutes-piedmont_athens,hospital-er-wait-minutes-piedmont_walton,hospital-er-wait-minutes-piedmont_newnan,hospital-er-wait-minutes-piedmont_mountainside,hospital-er-wait-minutes-piedmont_newton,hospital-er-wait-minutes-piedmont_mountside_ellijay,hospital-er-wait-minutes-piedmont_rockdale,hospital-er-wait-minutes-piedmont_henry,hospital-er-wait-minutes-piedmont_fayette
0,27.0,14.0,6.0,37.0,23.0,7.0,11.0,25.0,208.0,265.0
1,27.0,14.0,6.0,37.0,23.0,7.0,11.0,25.0,208.0,265.0
2,16.0,21.0,4.0,35.0,26.0,7.0,5.0,29.0,155.0,230.0
3,16.0,21.0,4.0,35.0,26.0,7.0,5.0,29.0,155.0,230.0
4,16.0,30.0,5.0,32.0,22.0,8.0,20.0,27.0,145.0,155.0
5,16.0,30.0,5.0,32.0,22.0,8.0,20.0,27.0,145.0,155.0
6,17.0,38.0,16.0,40.0,17.0,9.0,35.0,35.0,144.0,157.0
7,17.0,38.0,16.0,40.0,17.0,9.0,35.0,35.0,144.0,157.0
8,20.0,42.0,21.0,50.0,17.0,6.0,24.0,35.0,138.0,124.0
9,20.0,42.0,21.0,50.0,17.0,6.0,24.0,35.0,138.0,124.0
10,21.0,42.0,17.0,37.0,19.0,6.0,4.0,33.0,143.0,126.0
11,21.0,42.0,17.0,37.0,19.0,6.0,4.0,33.0,143.0,126.0
12,9.0,44.0,5.0,26.0,16.0,5.0,5.0,33.0,160.0,146.0
13,9.0,44.0,5.0,26.0,16.0,5.0,5.0,33.0,160.0,146.0
14,8.0,41.0,5.0,17.0,17.0,5.0,0.0,40.0,136.0,126.0
15,8.0,41.0,5.0,17.0,17.0,5.0,0.0,40.0,136.0,126.0
16,9.0,33.0,3.0,21.0,26.0,9.0,2.0,50.0,142.0,126.0
17,9.0,33.0,3.0,21.0,26.0,9.0,2.0,50.0,142.0,126.0
18,7.0,31.0,4.0,23.0,30.0,12.0,14.0,49.0,158.0,99.0
19,7.0,31.0,4.0,23.0,30.0,12.0,14.0,49.0,158.0,99.0
20,6.0,30.0,3.0,19.0,29.0,6.0,14.0,41.0,179.0,87.0
21,6.0,30.0,3.0,19.0,29.0,6.0,14.0,41.0,179.0,87.0
22,9.0,31.0,1.0,20.0,30.0,4.0,22.0,36.0,186.0,86.0
23,9.0,31.0,1.0,20.0,30.0,4.0,22.0,36.0,186.0,86.0
24,12.0,25.0,1.0,27.0,16.0,5.0,22.0,22.0,207.0,92.0
25,12.0,25.0,1.0,27.0,16.0,5.0,22.0,22.0,207.0,92.0
26,18.0,21.0,3.0,31.0,11.0,16.0,9.0,30.0,250.0,96.0
27,18.0,21.0,3.0,31.0,11.0,16.0,9.0,30.0,250.0,96.0
28,27.0,24.0,3.0,38.0,12.0,16.0,9.0,34.0,247.0,108.0
29,27.0,24.0,3.0,38.0,12.0,16.0,9.0,34.0,247.0,108.0
30,37.0,27.0,4.0,2.0,10.0,26.0,21.0,42.0,279.0,125.0
31,37.0,27.0,4.0,2.0,10.0,26.0,21.0,42.0,279.0,125.0
32,33.0,25.0,4.0,7.0,2.0,34.0,21.0,60.0,307.0,105.0
33,33.0,25.0,4.0,7.0,2.0,34.0,21.0,60.0,307.0,105.0
34,26.0,22.0,2.0,10.0,12.0,45.0,0.0,60.0,244.0,81.0
35,26.0,22.0,2.0,10.0,12.0,45.0,0.0,60.0,244.0,81.0
36,15.0,26.0,3.0,7.0,17.0,57.0,0.0,56.0,272.0,95.0
37,15.0,26.0,3.0,7.0,17.0,57.0,0.0,56.0,272.0,95.0
38,16.0,34.0,0.0,12.0,41.0,49.0,0.0,70.0,305.0,116.0
39,16.0,34.0,0.0,12.0,41.0,49.0,0.0,70.0,305.0,116.0
40,12.0,38.0,2.0,23.0,41.0,65.0,0.0,119.0,311.0,119.0
41,12.0,38.0,2.0,23.0,41.0,65.0,0.0,119.0,311.0,119.0
42,7.0,31.0,2.0,27.0,19.0,84.0,0.0,112.0,338.0,113.0
43,7.0,31.0,2.0,27.0,19.0,84.0,0.0,112.0,338.0,113.0
44,6.0,29.0,0.0,30.0,20.0,67.0,5.0,107.0,249.0,110.0
45,6.0,29.0,0.0,30.0,20.0,67.0,5.0,107.0,249.0,110.0
46,5.0,18.0,0.0,32.0,13.0,57.0,10.0,97.0,272.0,133.0
47,5.0,18.0,0.0,32.0,13.0,57.0,10.0,97.0,272.0,133.0
48,17.0,19.0,0.0,38.0,16.0,74.0,15.0,100.0,277.0,150.0
49,17.0,19.0,0.0,38.0,16.0,74.0,15.0,100.0,277.0,150.0
50,41.0,17.0,0.0,32.0,23.0,79.0,4.0,235.0,341.0,129.0
51,41.0,17.0,0.0,32.0,23.0,79.0,4.0,235.0,341.0,129.0
52,51.0,18.0,1.0,53.0,0.0,106.0,6.0,173.0,332.0,129.0
53,51.0,18.0,1.0,53.0,0.0,106.0,6.0,173.0,332.0,129.0
54,76.0,19.0,1.0,117.0,0.0,161.0,14.0,202.0,316.0,145.0
55,76.0,19.0,1.0,117.0,0.0,161.0,14.0,202.0,316.0,145.0
56,100.0,24.0,2.0,102.0,0.0,139.0,14.0,348.0,384.0,148.0
57,100.0,24.0,2.0,102.0,0.0,139.0,14.0,348.0,384.0,148.0
58,93.0,23.0,2.0,104.0,4.0,144.0,0.0,131.0,352.0,161.0
59,93.0,23.0,2.0,104.0,4.0,144.0,0.0,131.0,352.0,161.0
60,82.0,18.0,0.0,99.0,16.0,172.0,0.0,139.0,286.0,179.0
61,82.0,18.0,0.0,99.0,16.0,172.0,0.0,139.0,286.0,179.0
62,109.0,12.0,0.0,97.0,29.0,112.0,0.0,104.0,301.0,158.0
63,109.0,12.0,0.0,97.0,29.0,112.0,0.0,104.0,301.0,158.0
64,93.0,16.0,4.0,99.0,23.0,107.0,6.0,145.0,465.0,121.0
65,93.0,16.0,4.0,99.0,23.0,107.0,6.0,145.0,465.0,121.0
66,79.0,16.0,4.0,4.0,7.0,113.0,6.0,134.0,525.0,91.0
67,79.0,16.0,4.0,4.0,7.0,113.0,6.0,134.0,525.0,91.0
68,83.0,14.0,1.0,15.0,4.0,96.0,8.0,126.0,357.0,126.0
69,83.0,14.0,1.0,15.0,4.0,96.0,8.0,126.0,357.0,126.0
70,106.0,11.0,1.0,20.0,1.0,164.0,9.0,181.0,351.0,121.0
71,106.0,11.0,1.0,20.0,1.0,164.0,9.0,181.0,351.0,121.0
72,136.0,10.0,0.0,12.0,1.0,128.0,0.0,439.0,181.0,101.0
73,136.0,10.0,0.0,12.0,1.0,128.0,0.0,439.0,181.0,101.0
74,45.0,26.0,0.0,12.0,0.0,92.0,0.0,238.0,249.0,96.0
75,45.0,26.0,0.0,12.0,0.0,92.0,0.0,238.0,249.0,96.0
76,69.0,21.0,0.0,39.0,0.0,45.0,0.0,268.0,377.0,158.0
77,69.0,21.0,0.0,39.0,0.0,45.0,0.0,268.0,377.0,158.0
78,86.0,23.0,0.0,29.0,3.0,51.0,0.0,298.0,318.0,126.0
79,86.0,23.0,0.0,29.0,3.0,51.0,0.0,298.0,318.0,126.0
80,86.0,27.0,0.0,29.0,31.0,60.0,0.0,328.0,334.0,130.0
81,86.0,27.0,0.0,29.0,31.0,60.0,0.0,328.0,334.0,130.0
82,80.0,21.0,3.0,10.0,24.0,40.0,0.0,127.0,465.0,135.0
83,80.0,21.0,3.0,10.0,24.0,40.0,0.0,127.0,465.0,135.0
84,80.0,27.0,4.0,11.0,15.0,34.0,0.0,156.0,479.0,119.0
85,80.0,27.0,4.0,11.0,15.0,34.0,0.0,156.0,479.0,119.0
86,35.0,41.0,8.0,7.0,14.0,36.0,3.0,121.0,357.0,69.0
87,35.0,41.0,8.0,7.0,14.0,36.0,3.0,121.0,357.0,69.0
88,21.0,55.0,5.0,4.0,18.0,65.0,3.0,133.0,319.0,49.0
89,21.0,55.0,5.0,4.0,18.0,65.0,3.0,133.0,319.0,49.0
90,11.0,52.0,3.0,11.0,18.0,57.0,13.0,116.0,242.0,68.0
91,11.0,52.0,3.0,11.0,18.0,57.0,13.0,116.0,242.0,68.0
92,21.0,31.0,5.0,13.0,19.0,62.0,18.0,145.0,224.0,78.0
93,21.0,31.0,5.0,13.0,19.0,62.0,18.0,145.0,224.0,78.0
94,22.0,22.0,4.0,21.0,0.0,73.0,17.0,125.0,212.0,67.0
95,22.0,22.0,4.0,21.0,0.0,73.0,17.0,125.0,212.0,67.0
96,31.0,23.0,3.0,25.0,14.0,75.0,16.0,93.0,171.0,61.0
97,31.0,23.0,3.0,25.0,14.0,75.0,16.0,93.0,171.0,61.0
98,31.0,23.0,3.0,25.0,14.0,75.0,16.0,93.0,171.0,61.0
99,43.0,29.0,3.0,27.0,19.0,81.0,13.0,112.0,93.0,44.0
100,54.0,40.0,2.0,43.0,21.0,96.0,0.0,124.0,105.0,52.0
101,54.0,40.0,2.0,43.0,21.0,96.0,0.0,124.0,105.0,52.0
102,76.0,32.0,4.0,61.0,19.0,161.0,4.0,117.0,155.0,73.0
103,76.0,32.0,4.0,61.0,19.0,161.0,4.0,117.0,155.0,73.0
104,66.0,29.0,5.0,80.0,17.0,100.0,34.0,124.0,137.0,75.0
105,66.0,29.0,5.0,80.0,17.0,100.0,34.0,124.0,137.0,75.0
106,50.0,34.0,3.0,86.0,30.0,74.0,32.0,134.0,136.0,80.0
107,50.0,34.0,3.0,86.0,30.0,74.0,32.0,134.0,136.0,80.0
108,44.0,49.0,1.0,87.0,72.0,83.0,62.0,152.0,147.0,103.0
109,44.0,49.0,1.0,87.0,72.0,83.0,62.0,152.0,147.0,103.0
110,52.0,56.0,1.0,82.0,72.0,104.0,63.0,127.0,167.0,83.0
111,52.0,56.0,1.0,82.0,72.0,104.0,63.0,127.0,167.0,83.0
112,54.0,52.0,1.0,79.0,23.0,134.0,72.0,113.0,191.0,81.0
113,54.0,52.0,1.0,79.0,23.0,134.0,72.0,113.0,191.0,81.0
114,54.0,42.0,2.0,84.0,19.0,64.0,51.0,202.0,165.0,80.0
115,54.0,42.0,2.0,84.0,19.0,64.0,51.0,202.0,165.0,80.0
116,45.0,46.0,3.0,85.0,14.0,50.0,69.0,128.0,200.0,84.0
117,45.0,46.0,3.0,85.0,14.0,50.0,69.0,128.0,200.0,84.0
118,16.0,59.0,4.0,67.0,17.0,63.0,45.0,110.0,205.0,77.0
119,16.0,59.0,4.0,67.0,17.0,63.0,45.0,110.0,205.0,77.0
120,26.0,78.0,4.0,92.0,31.0,74.0,36.0,143.0,231.0,79.0
121,26.0,78.0,4.0,92.0,31.0,74.0,36.0,143.0,231.0,79.0
122,33.0,73.0,3.0,121.0,46.0,74.0,61.0,149.0,248.0,87.0
123,33.0,73.0,3.0,121.0,46.0,74.0,61.0,149.0,248.0,87.0
124,33.0,69.0,4.0,97.0,46.0,55.0,59.0,104.0,212.0,107.0
125,33.0,69.0,4.0,97.0,46.0,55.0,59.0,104.0,212.0,107.0
126,33.0,63.0,9.0,92.0,38.0,71.0,0.0,52.0,277.0,123.0
127,33.0,63.0,9.0,92.0,38.0,71.0,0.0,52.0,277.0,123.0
128,37.0,60.0,7.0,95.0,42.0,62.0,0.0,57.0,302.0,129.0
129,37.0,60.0,7.0,95.0,42.0,62.0,0.0,57.0,302.0,129.0
130,31.0,49.0,2.0,89.0,59.0,32.0,0.0,64.0,305.0,134.0
131,31.0,49.0,2.0,89.0,59.0,32.0,0.0,64.0,305.0,134.0
132,31.0,35.0,8.0,97.0,57.0,37.0,0.0,97.0,353.0,103.0
133,31.0,35.0,8.0,97.0,57.0,37.0,0.0,97.0,353.0,103.0
134,37.0,22.0,9.0,101.0,73.0,89.0,15.0,134.0,251.0,106.0
135,37.0,22.0,9.0,101.0,73.0,89.0,15.0,134.0,251.0,106.0
136,28.0,19.0,9.0,129.0,63.0,66.0,25.0,142.0,262.0,114.0
137,28.0,19.0,9.0,129.0,63.0,66.0,25.0,142.0,262.0,114.0
138,33.0,12.0,13.0,79.0,88.0,30.0,23.0,132.0,351.0,141.0
139,33.0,12.0,13.0,79.0,88.0,30.0,23.0,132.0,351.0,141.0
140,23.0,11.0,12.0,61.0,119.0,34.0,23.0,130.0,284.0,148.0
141,23.0,11.0,12.0,61.0,119.0,34.0,23.0,130.0,284.0,148.0
142,15.0,13.0,9.0,48.0,92.0,60.0,0.0,110.0,318.0,174.0
143,15.0,13.0,9.0,48.0,92.0,60.0,0.0,110.0,318.0,174.0
144,5.0,14.0,3.0,53.0,101.0,116.0,0.0,85.0,329.0,214.0
145,5.0,14.0,3.0,53.0,101.0,116.0,0.0,85.0,329.0,214.0
146,9.0,16.0,3.0,51.0,130.0,42.0,0.0,81.0,306.0,202.0
147,9.0,16.0,3.0,51.0,130.0,42.0,0.0,81.0,306.0,202.0
148,14.0,22.0,0.0,38.0,147.0,60.0,0.0,90.0,323.0,165.0
149,14.0,22.0,0.0,38.0,147.0,60.0,0.0,90.0,323.0,165.0
150,11.0,23.0,9.0,29.0,108.0,85.0,0.0,147.0,277.0,192.0
151,11.0,23.0,9.0,29.0,108.0,85.0,0.0,147.0,277.0,192.0
152,9.0,25.0,9.0,32.0,132.0,51.0,0.0,133.0,276.0,211.0
153,9.0,25.0,9.0,32.0,132.0,51.0,0.0,133.0,276.0,211.0
154,4.0,19.0,0.0,23.0,132.0,58.0,0.0,121.0,287.0,215.0
155,4.0,19.0,0.0,23.0,132.0,58.0,0.0,121.0,287.0,215.0
156,5.0,18.0,5.0,28.0,29.0,51.0,5.0,137.0,280.0,290.0
157,5.0,18.0,5.0,28.0,29.0,51.0,5.0,137.0,280.0,290.0
158,5.0,24.0,5.0,39.0,29.0,29.0,5.0,189.0,234.0,329.0
159,5.0,24.0,5.0,39.0,29.0,29.0,5.0,189.0,234.0,329.0
160,0.0,17.0,0.0,42.0,0.0,36.0,4.0,42.0,246.0,196.0
161,0.0,17.0,0.0,42.0,0.0,36.0,4.0,42.0,246.0,196.0
162,2.0,9.0,0.0,23.0,0.0,38.0,0.0,72.0,194.0,270.0
163,2.0,9.0,0.0,23.0,0.0,38.0,0.0,72.0,194.0,270.0
164,5.0,21.0,5.0,3.0,0.0,68.0,0.0,38.0,155.0,396.0
165,5.0,21.0,5.0,3.0,0.0,68.0,0.0,38.0,155.0,396.0
166,4.0,23.0,6.0,7.0,0.0,42.0,0.0,58.0,211.0,392.0
167,4.0,23.0,6.0,7.0,0.0,42.0,0.0,58.0,211.0,392.0
168,4.0,21.0,8.0,8.0,24.0,43.0,0.0,66.0,186.0,400.0
169,4.0,21.0,8.0,8.0,24.0,43.0,0.0,66.0,186.0,400.0
170,12.0,25.0,0.0,11.0,31.0,59.0,0.0,45.0,211.0,415.0
171,12.0,25.0,0.0,11.0,31.0,59.0,0.0,45.0,211.0,415.0
172,12.0,41.0,6.0,25.0,31.0,76.0,0.0,64.0,244.0,323.0
173,12.0,41.0,6.0,25.0,31.0,76.0,0.0,64.0,244.0,323.0
174,27.0,9.0,14.0,41.0,0.0,104.0,0.0,80.0,292.0,303.0
175,27.0,9.0,14.0,41.0,0.0,104.0,0.0,80.0,292.0,303.0
176,22.0,9.0,13.0,23.0,0.0,96.0,0.0,80.0,322.0,313.0
177,22.0,9.0,13.0,23.0,0.0,96.0,0.0,80.0,322.0,313.0
178,19.0,14.0,12.0,10.0,10.0,82.0,0.0,57.0,94.0,326.0
179,19.0,14.0,12.0,10.0,10.0,82.0,0.0,57.0,94.0,326.0
180,16.0,12.0,10.0,10.0,28.0,23.0,0.0,39.0,46.0,296.0
181,16.0,12.0,10.0,10.0,28.0,23.0,0.0,39.0,46.0,296.0
182,15.0,7.0,12.0,6.0,33.0,8.0,6.0,27.0,27.0,213.0
183,15.0,7.0,12.0,6.0,33.0,8.0,6.0,27.0,27.0,213.0
184,7.0,11.0,17.0,5.0,33.0,22.0,10.0,21.0,23.0,185.0
185,7.0,11.0,17.0,5.0,33.0,22.0,10.0,21.0,23.0,185.0
186,8.0,15.0,12.0,8.0,12.0,23.0,10.0,25.0,26.0,160.0
187,8.0,15.0,12.0,8.0,12.0,23.0,10.0,25.0,26.0,160.0
188,9.0,13.0,2.0,9.0,11.0,26.0,16.0,38.0,22.0,131.0
189,9.0,13.0,2.0,9.0,11.0,26.0,16.0,38.0,22.0,131.0
190,10.0,23.0,3.0,4.0,19.0,32.0,3.0,50.0,22.0,100.0
191,10.0,23.0,3.0,4.0,19.0,32.0,3.0,50.0,22.0,100.0
192,20.0,30.0,0.0,7.0,35.0,54.0,10.0,69.0,27.0,89.0
193,20.0,30.0,0.0,7.0,35.0,54.0,10.0,69.0,27.0,89.0
194,28.0,34.0,6.0,9.0,56.0,72.0,10.0,90.0,38.0,93.0
195,28.0,34.0,6.0,9.0,56.0,72.0,10.0,90.0,38.0,93.0
196,37.0,41.0,4.0,10.0,56.0,87.0,18.0,105.0,32.0,99.0
197,37.0,41.0,4.0,10.0,56.0,87.0,18.0,105.0,32.0,99.0
198,45.0,41.0,2.0,8.0,22.0,92.0,18.0,123.0,31.0,160.0
199,45.0,41.0,2.0,8.0,22.0,92.0,18.0,123.0,31.0,160.0
200,77.0,45.0,3.0,10.0,21.0,98.0,17.0,139.0,43.0,124.0
201,77.0,45.0,3.0,10.0,21.0,98.0,17.0,139.0,43.0,124.0
202,78.0,47.0,8.0,14.0,32.0,106.0,21.0,146.0,60.0,107.0
203,78.0,47.0,8.0,14.0,32.0,106.0,21.0,146.0,60.0,107.0
204,75.0,60.0,9.0,16.0,45.0,130.0,30.0,157.0,69.0,125.0
205,75.0,60.0,9.0,16.0,45.0,130.0,30.0,157.0,69.0,125.0
206,76.0,60.0,6.0,21.0,47.0,121.0,35.0,182.0,70.0,137.0
207,76.0,60.0,6.0,21.0,47.0,121.0,35.0,182.0,70.0,137.0
208,76.0,68.0,8.0,17.0,10.0,104.0,50.0,233.0,79.0,162.0
209,76.0,68.0,8.0,17.0,10.0,104.0,50.0,233.0,79.0,162.0
210,93.0,83.0,11.0,16.0,11.0,115.0,82.0,202.0,86.0,123.0
211,93.0,83.0,11.0,16.0,11.0,115.0,82.0,202.0,86.0,123.0
212,113.0,103.0,8.0,21.0,13.0,130.0,52.0,199.0,85.0,102.0
213,113.0,103.0,8.0,21.0,13.0,130.0,52.0,199.0,85.0,102.0
214,70.0,94.0,6.0,23.0,21.0,171.0,36.0,259.0,90.0,103.0
215,70.0,94.0,6.0,23.0,21.0,171.0,36.0,259.0,90.0,103.0
216,17.0,76.0,6.0,21.0,20.0,157.0,57.0,288.0,93.0,109.0
217,17.0,76.0,6.0,21.0,20.0,157.0,57.0,288.0,93.0,109.0
218,15.0,71.0,6.0,20.0,11.0,76.0,40.0,333.0,84.0,94.0
219,15.0,71.0,6.0,20.0,11.0,76.0,40.0,333.0,84.0,94.0
220,20.0,89.0,5.0,24.0,6.0,75.0,23.0,256.0,77.0,97.0
221,20.0,89.0,5.0,24.0,6.0,75.0,23.0,256.0,77.0,97.0
222,22.0,91.0,4.0,31.0,8.0,86.0,19.0,253.0,127.0,114.0
223,22.0,91.0,4.0,31.0,8.0,86.0,19.0,253.0,127.0,114.0
224,24.0,79.0,5.0,41.0,19.0,43.0,23.0,336.0,138.0,138.0
225,24.0,79.0,5.0,41.0,19.0,43.0,23.0,336.0,138.0,138.0
226,24.0,68.0,4.0,49.0,22.0,24.0,17.0,260.0,82.0,126.0
227,24.0,68.0,4.0,49.0,22.0,24.0,17.0,260.0,82.0,126.0
228,20.0,50.0,1.0,34.0,24.0,29.0,11.0,220.0,92.0,109.0
229,20.0,50.0,1.0,34.0,24.0,29.0,11.0,220.0,92.0,109.0
230,23.0,45.0,2.0,34.0,24.0,25.0,0.0,195.0,110.0,99.0
231,23.0,45.0,2.0,34.0,24.0,25.0,0.0,195.0,110.0,99.0
232,14.0,53.0,3.0,32.0,0.0,20.0,3.0,200.0,119.0,126.0
233,14.0,53.0,3.0,32.0,0.0,20.0,3.0,200.0,119.0,126.0
234,10.0,61.0,4.0,26.0,16.0,32.0,3.0,291.0,179.0,155.0
235,10.0,61.0,4.0,26.0,16.0,32.0,3.0,291.0,179.0,155.0
236,12.0,83.0,1.0,26.0,16.0,67.0,4.0,269.0,294.0,157.0
237,12.0,83.0,1.0,26.0,16.0,67.0,4.0,269.0,294.0,157.0
238,15.0,48.0,2.0,4.0,21.0,77.0,5.0,280.0,253.0,188.0
239,15.0,48.0,2.0,4.0,21.0,77.0,5.0,280.0,253.0,188.0
240,25.0,39.0,3.0,9.0,21.0,51.0,4.0,277.0,106.0,203.0
241,25.0,39.0,3.0,9.0,21.0,51.0,4.0,277.0,106.0,203.0
242,41.0,55.0,2.0,14.0,0.0,31.0,3.0,252.0,163.0,167.0
243,41.0,55.0,2.0,14.0,0.0,31.0,3.0,252.0,163.0,167.0
244,43.0,65.0,3.0,19.0,7.0,50.0,0.0,144.0,145.0,167.0
245,43.0,65.0,3.0,19.0,7.0,50.0,0.0,144.0,145.0,167.0
246,32.0,51.0,5.0,16.0,7.0,41.0,0.0,208.0,166.0,148.0
247,32.0,51.0,5.0,16.0,7.0,41.0,0.0,208.0,166.0,148.0
248,26.0,28.0,5.0,8.0,12.0,35.0,11.0,219.0,204.0,144.0
249,26.0,28.0,5.0,8.0,12.0,35.0,11.0,219.0,204.0,144.0
250,29.0,28.0,10.0,6.0,12.0,39.0,11.0,187.0,184.0,168.0
251,29.0,28.0,10.0,6.0,12.0,39.0,11.0,187.0,184.0,168.0
252,15.0,37.0,10.0,8.0,0.0,42.0,0.0,316.0,187.0,179.0
253,15.0,37.0,10.0,8.0,0.0,42.0,0.0,316.0,187.0,179.0
254,16.0,42.0,0.0,3.0,1.0,55.0,0.0,480.0,175.0,167.0
255,16.0,42.0,0.0,3.0,1.0,55.0,0.0,480.0,175.0,167.0
256,28.0,45.0,0.0,6.0,3.0,78.0,0.0,332.0,205.0,177.0
257,28.0,45.0,0.0,6.0,3.0,78.0,0.0,332.0,205.0,177.0
258,21.0,34.0,0.0,9.0,11.0,64.0,0.0,332.0,300.0,91.0
259,21.0,34.0,0.0,9.0,11.0,64.0,0.0,332.0,300.0,91.0
260,3.0,24.0,21.0,11.0,11.0,44.0,0.0,0.0,284.0,85.0
261,3.0,24.0,21.0,11.0,11.0,44.0,0.0,0.0,284.0,85.0
262,28.0,25.0,18.0,9.0,0.0,35.0,18.0,0.0,312.0,126.0
263,28.0,25.0,18.0,9.0,0.0,35.0,18.0,0.0,312.0,126.0
264,18.0,28.0,18.0,8.0,0.0,31.0,25.0,0.0,235.0,135.0
265,18.0,28.0,18.0,8.0,0.0,31.0,25.0,0.0,235.0,135.0
266,19.0,19.0,0.0,6.0,0.0,70.0,25.0,29.0,231.0,151.0
267,19.0,19.0,0.0,6.0,0.0,70.0,25.0,29.0,231.0,151.0
268,27.0,9.0,0.0,16.0,0.0,57.0,0.0,33.0,231.0,171.0
269,27.0,9.0,0.0,16.0,0.0,57.0,0.0,33.0,231.0,171.0
270,36.0,15.0,0.0,19.0,0.0,80.0,6.0,49.0,275.0,134.0
271,36.0,15.0,0.0,19.0,0.0,80.0,6.0,49.0,275.0,134.0
272,31.0,20.0,0.0,17.0,0.0,79.0,0.0,45.0,272.0,113.0
273,31.0,20.0,0.0,17.0,0.0,79.0,0.0,45.0,272.0,113.0
274,37.0,39.0,2.0,7.0,29.0,39.0,0.0,45.0,282.0,94.0
275,37.0,39.0,2.0,7.0,29.0,39.0,0.0,45.0,282.0,94.0
276,25.0,32.0,2.0,6.0,45.0,25.0,0.0,67.0,495.0,115.0
277,25.0,32.0,2.0,6.0,45.0,25.0,0.0,67.0,495.0,115.0
278,10.0,26.0,1.0,10.0,45.0,29.0,0.0,91.0,327.0,106.0
279,10.0,26.0,1.0,10.0,45.0,29.0,0.0,91.0,327.0,106.0
280,16.0,38.0,1.0,10.0,3.0,17.0,8.0,98.0,231.0,111.0
281,16.0,38.0,1.0,10.0,3.0,17.0,8.0,98.0,231.0,111.0
282,14.0,32.0,2.0,13.0,25.0,14.0,8.0,48.0,188.0,107.0
283,14.0,32.0,2.0,13.0,25.0,14.0,8.0,48.0,188.0,107.0
284,17.0,31.0,2.0,19.0,20.0,21.0,0.0,59.0,63.0,109.0
285,17.0,31.0,2.0,19.0,20.0,21.0,0.0,59.0,63.0,109.0
286,24.0,38.0,2.0,19.0,19.0,41.0,0.0,86.0,62.0,112.0
287,24.0,38.0,2.0,19.0,19.0,41.0,0.0,86.0,62.0,112.0
288,31.0,35.0,3.0,14.0,18.0,44.0,16.0,96.0,45.0,123.0
289,31.0,35.0,3.0,14.0,18.0,44.0,16.0,96.0,45.0,123.0
290,44.0,36.0,3.0,6.0,20.0,34.0,16.0,68.0,59.0,145.0
291,44.0,36.0,3.0,6.0,20.0,34.0,16.0,68.0,59.0,145.0
292,49.0,36.0,3.0,8.0,18.0,39.0,16.0,73.0,78.0,132.0
293,49.0,36.0,3.0,8.0,18.0,39.0,16.0,73.0,78.0,132.0
294,49.0,36.0,6.0,14.0,20.0,58.0,23.0,117.0,82.0,104.0
295,49.0,36.0,6.0,14.0,20.0,58.0,23.0,117.0,82.0,104.0
296,39.0,48.0,8.0,14.0,34.0,71.0,42.0,92.0,90.0,104.0
297,39.0,48.0,8.0,14.0,34.0,71.0,42.0,92.0,90.0,104.0
298,26.0,64.0,4.0,10.0,46.0,102.0,49.0,101.0,106.0,135.0
299,26.0,64.0,4.0,10.0,46.0,102.0,49.0,101.0,106.0,135.0
300,14.0,58.0,5.0,8.0,61.0,101.0,46.0,144.0,102.0,133.0
301,14.0,58.0,5.0,8.0,61.0,101.0,46.0,144.0,102.0,133.0
302,12.0,53.0,6.0,16.0,94.0,114.0,78.0,88.0,111.0,111.0
303,12.0,53.0,6.0,16.0,94.0,114.0,78.0,88.0,111.0,111.0
304,16.0,54.0,6.0,20.0,75.0,125.0,78.0,28.0,155.0,86.0
305,16.0,54.0,6.0,20.0,75.0,125.0,78.0,28.0,155.0,86.0
306,17.0,43.0,4.0,28.0,81.0,122.0,12.0,30.0,166.0,71.0
307,17.0,43.0,4.0,28.0,81.0,122.0,12.0,30.0,166.0,71.0
308,19.0,42.0,3.0,41.0,129.0,108.0,14.0,25.0,175.0,70.0
309,19.0,42.0,3.0,41.0,129.0,108.0,14.0,25.0,175.0,70.0
310,25.0,40.0,2.0,35.0,88.0,104.0,20.0,30.0,184.0,72.0
311,25.0,40.0,2.0,35.0,88.0,104.0,20.0,30.0,184.0,72.0
312,23.0,39.0,2.0,30.0,61.0,109.0,20.0,43.0,186.0,78.0
313,23.0,39.0,2.0,30.0,61.0,109.0,20.0,43.0,186.0,78.0
314,25.0,39.0,2.0,6.0,70.0,108.0,14.0,47.0,235.0,90.0
315,25.0,39.0,2.0,6.0,70.0,108.0,14.0,47.0,235.0,90.0
316,26.0,37.0,3.0,7.0,62.0,96.0,14.0,36.0,252.0,100.0
317,26.0,37.0,3.0,7.0,62.0,96.0,14.0,36.0,252.0,100.0
318,19.0,30.0,3.0,12.0,100.0,81.0,12.0,40.0,229.0,114.0
319,19.0,30.0,3.0,12.0,100.0,81.0,12.0,40.0,229.0,114.0
320,11.0,20.0,2.0,15.0,55.0,66.0,29.0,32.0,238.0,124.0
321,11.0,20.0,2.0,15.0,55.0,66.0,29.0,32.0,238.0,124.0
322,12.0,19.0,5.0,20.0,52.0,80.0,33.0,10.0,298.0,138.0
323,12.0,19.0,5.0,20.0,52.0,80.0,33.0,10.0,298.0,138.0
324,13.0,28.0,4.0,22.0,93.0,86.0,57.0,14.0,267.0,145.0
325,13.0,28.0,4.0,22.0,93.0,86.0,57.0,14.0,267.0,145.0
326,14.0,28.0,4.0,35.0,66.0,70.0,9.0,15.0,270.0,145.0
327,14.0,28.0,4.0,35.0,66.0,70.0,9.0,15.0,270.0,145.0
328,16.0,18.0,10.0,71.0,72.0,68.0,9.0,18.0,290.0,160.0
329,16.0,18.0,10.0,71.0,72.0,68.0,9.0,18.0,290.0,160.0
330,22.0,19.0,10.0,51.0,130.0,80.0,0.0,23.0,280.0,157.0
331,22.0,19.0,10.0,51.0,130.0,80.0,0.0,23.0,280.0,157.0
332,27.0,14.0,6.0,40.0,123.0,72.0,0.0,24.0,313.0,107.0
333,27.0,14.0,6.0,40.0,123.0,72.0,0.0,24.0,313.0,107.0
334,20.0,13.0,3.0,26.0,129.0,57.0,0.0,29.0,392.0,117.0
335,20.0,13.0,3.0,26.0,129.0,57.0,0.0,29.0,392.0,117.0
336,8.0,13.0,3.0,28.0,77.0,51.0,0.0,31.0,450.0,138.0
337,8.0,13.0,3.0,28.0,77.0,51.0,0.0,31.0,450.0,138.0
338,19.0,8.0,1.0,33.0,56.0,95.0,0.0,21.0,465.0,162.0
339,19.0,8.0,1.0,33.0,56.0,95.0,0.0,21.0,465.0,162.0
340,17.0,14.0,0.0,44.0,12.0,45.0,0.0,22.0,454.0,160.0
341,17.0,14.0,0.0,44.0,12.0,45.0,0.0,22.0,454.0,160.0
342,20.0,19.0,1.0,54.0,5.0,39.0,18.0,38.0,684.0,169.0
343,20.0,19.0,1.0,54.0,5.0,39.0,18.0,38.0,684.0,169.0
344,20.0,19.0,1.0,86.0,9.0,44.0,48.0,30.0,578.0,184.0
345,20.0,19.0,1.0,86.0,9.0,44.0,48.0,30.0,578.0,184.0
346,21.0,17.0,4.0,107.0,9.0,47.0,78.0,23.0,563.0,140.0
347,21.0,17.0,4.0,107.0,9.0,47.0,78.0,23.0,563.0,140.0
348,16.0,19.0,4.0,109.0,0.0,42.0,108.0,22.0,405.0,124.0
349,16.0,19.0,4.0,109.0,0.0,42.0,108.0,22.0,405.0,124.0
350,10.0,20.0,2.0,92.0,0.0,46.0,139.0,25.0,379.0,121.0
351,10.0,20.0,2.0,92.0,0.0,46.0,139.0,25.0,379.0,121.0
352,9.0,31.0,2.0,38.0,2.0,46.0,90.0,25.0,450.0,116.0
353,9.0,31.0,2.0,38.0,2.0,46.0,90.0,25.0,450.0,116.0
354,14.0,25.0,1.0,37.0,16.0,0.0,92.0,50.0,382.0,134.0
355,14.0,25.0,1.0,37.0,16.0,0.0,92.0,50.0,382.0,134.0
356,18.0,20.0,4.0,29.0,16.0,0.0,63.0,80.0,527.0,116.0
357,18.0,20.0,4.0,29.0,16.0,0.0,63.0,80.0,527.0,116.0
358,18.0,11.0,4.0,6.0,12.0,10.0,20.0,110.0,503.0,125.0
359,18.0,11.0,4.0,6.0,12.0,10.0,20.0,110.0,503.0,125.0
360,8.0,11.0,0.0,0.0,19.0,21.0,32.0,131.0,587.0,148.0
361,8.0,11.0,0.0,0.0,19.0,21.0,32.0,131.0,587.0,148.0
362,13.0,10.0,0.0,3.0,19.0,65.0,22.0,151.0,697.0,162.0
363,13.0,10.0,0.0,3.0,19.0,65.0,22.0,151.0,697.0,162.0
364,21.0,13.0,0.0,16.0,8.0,65.0,2.0,99.0,456.0,126.0
365,21.0,13.0,0.0,16.0,8.0,65.0,2.0,99.0,456.0,126.0
366,26.0,12.0,0.0,14.0,24.0,57.0,11.0,107.0,655.0,120.0
367,26.0,12.0,0.0,14.0,24.0,57.0,11.0,107.0,655.0,120.0
368,32.0,18.0,11.0,10.0,27.0,60.0,11.0,131.0,677.0,142.0
369,32.0,18.0,11.0,10.0,27.0,60.0,11.0,131.0,677.0,142.0
370,31.0,22.0,11.0,9.0,31.0,46.0,0.0,143.0,475.0,107.0
371,31.0,22.0,11.0,9.0,31.0,46.0,0.0,143.0,475.0,107.0
372,22.0,21.0,5.0,11.0,31.0,8.0,0.0,132.0,929.0,69.0
373,22.0,21.0,5.0,11.0,31.0,8.0,0.0,132.0,929.0,69.0
374,4.0,14.0,5.0,19.0,47.0,28.0,7.0,142.0,899.0,71.0
375,4.0,14.0,5.0,19.0,47.0,28.0,7.0,142.0,899.0,71.0
376,3.0,21.0,4.0,14.0,77.0,45.0,20.0,107.0,711.0,67.0
377,3.0,21.0,4.0,14.0,77.0,45.0,20.0,107.0,711.0,67.0
378,4.0,26.0,5.0,8.0,107.0,51.0,64.0,135.0,503.0,55.0
379,4.0,26.0,5.0,8.0,107.0,51.0,64.0,135.0,503.0,55.0
380,7.0,26.0,8.0,13.0,26.0,48.0,64.0,188.0,358.0,46.0
381,7.0,26.0,8.0,13.0,26.0,48.0,64.0,188.0,358.0,46.0
382,8.0,35.0,4.0,16.0,26.0,41.0,8.0,124.0,158.0,48.0
383,8.0,35.0,4.0,16.0,26.0,41.0,8.0,124.0,158.0,48.0
384,10.0,15.0,2.0,16.0,11.0,45.0,40.0,63.0,132.0,71.0
385,10.0,15.0,2.0,16.0,11.0,45.0,40.0,63.0,132.0,71.0
386,9.0,16.0,2.0,20.0,11.0,55.0,49.0,118.0,84.0,87.0
387,9.0,16.0,2.0,20.0,11.0,55.0,49.0,118.0,84.0,87.0
388,7.0,23.0,3.0,17.0,17.0,50.0,73.0,67.0,79.0,86.0
389,7.0,23.0,3.0,17.0,17.0,50.0,73.0,67.0,79.0,86.0
390,7.0,29.0,4.0,8.0,33.0,58.0,68.0,42.0,79.0,90.0
391,7.0,29.0,4.0,8.0,33.0,58.0,68.0,42.0,79.0,90.0
392,7.0,35.0,1.0,16.0,42.0,80.0,68.0,29.0,87.0,103.0
393,7.0,35.0,1.0,16.0,42.0,80.0,68.0,29.0,87.0,103.0
394,8.0,35.0,3.0,18.0,25.0,44.0,12.0,27.0,89.0,117.0
395,8.0,35.0,3.0,18.0,25.0,44.0,12.0,27.0,89.0,117.0
396,9.0,35.0,3.0,16.0,32.0,25.0,33.0,32.0,93.0,131.0
397,9.0,35.0,3.0,16.0,32.0,25.0,33.0,32.0,93.0,131.0
398,7.0,34.0,3.0,9.0,41.0,34.0,52.0,25.0,91.0,125.0
399,7.0,34.0,3.0,9.0,41.0,34.0,52.0,25.0,91.0,125.0
400,7.0,39.0,3.0,8.0,50.0,29.0,52.0,20.0,112.0,121.0
401,7.0,39.0,3.0,8.0,50.0,29.0,52.0,20.0,112.0,121.0
402,8.0,39.0,5.0,12.0,55.0,18.0,23.0,23.0,126.0,114.0
403,8.0,39.0,5.0,12.0,55.0,18.0,23.0,23.0,126.0,114.0
404,9.0,40.0,4.0,14.0,23.0,25.0,31.0,35.0,133.0,120.0
405,9.0,40.0,4.0,14.0,23.0,25.0,31.0,35.0,133.0,120.0
406,6.0,39.0,3.0,16.0,35.0,31.0,66.0,48.0,146.0,145.0
407,6.0,39.0,3.0,16.0,35.0,31.0,66.0,48.0,146.0,145.0
408,8.0,44.0,5.0,32.0,47.0,37.0,49.0,52.0,196.0,151.0
409,8.0,44.0,5.0,32.0,47.0,37.0,49.0,52.0,196.0,151.0
410,9.0,53.0,7.0,32.0,62.0,40.0,61.0,20.0,205.0,148.0
411,9.0,53.0,7.0,32.0,62.0,40.0,61.0,20.0,205.0,148.0
412,7.0,36.0,6.0,35.0,76.0,38.0,40.0,16.0,193.0,123.0
413,7.0,36.0,6.0,35.0,76.0,38.0,40.0,16.0,193.0,123.0
414,10.0,35.0,7.0,37.0,84.0,41.0,32.0,16.0,210.0,92.0
415,10.0,35.0,7.0,37.0,84.0,41.0,32.0,16.0,210.0,92.0
416,8.0,48.0,10.0,43.0,75.0,46.0,32.0,23.0,210.0,84.0
417,8.0,48.0,10.0,43.0,75.0,46.0,32.0,23.0,210.0,84.0
418,9.0,45.0,8.0,39.0,87.0,52.0,12.0,28.0,226.0,69.0
419,9.0,45.0,8.0,39.0,87.0,52.0,12.0,28.0,226.0,69.0
420,12.0,53.0,2.0,65.0,80.0,62.0,34.0,21.0,250.0,51.0
421,12.0,53.0,2.0,65.0,80.0,62.0,34.0,21.0,250.0,51.0
422,15.0,57.0,2.0,81.0,8.0,67.0,45.0,12.0,255.0,41.0
423,15.0,57.0,2.0,81.0,8.0,67.0,45.0,12.0,255.0,41.0
424,19.0,57.0,3.0,116.0,0.0,63.0,52.0,12.0,253.0,43.0
425,19.0,57.0,3.0,116.0,0.0,63.0,52.0,12.0,253.0,43.0
426,25.0,34.0,3.0,97.0,19.0,59.0,43.0,19.0,289.0,54.0
427,25.0,34.0,3.0,97.0,19.0,59.0,43.0,19.0,289.0,54.0
428,21.0,20.0,3.0,52.0,27.0,79.0,40.0,15.0,293.0,53.0
429,21.0,20.0,3.0,52.0,27.0,79.0,40.0,15.0,293.0,53.0
430,16.0,31.0,1.0,24.0,32.0,85.0,50.0,15.0,301.0,48.0
431,16.0,31.0,1.0,24.0,32.0,85.0,50.0,15.0,301.0,48.0
432,26.0,39.0,1.0,30.0,30.0,84.0,64.0,15.0,303.0,42.0
433,26.0,39.0,1.0,30.0,30.0,84.0,64.0,15.0,303.0,42.0
434,29.0,42.0,2.0,27.0,18.0,111.0,67.0,18.0,320.0,45.0
435,29.0,42.0,2.0,27.0,18.0,111.0,67.0,18.0,320.0,45.0
436,27.0,48.0,1.0,29.0,16.0,94.0,0.0,13.0,392.0,65.0
437,27.0,48.0,1.0,29.0,16.0,94.0,0.0,13.0,392.0,65.0
438,33.0,64.0,1.0,30.0,9.0,86.0,0.0,8.0,323.0,62.0
439,33.0,64.0,1.0,30.0,9.0,86.0,0.0,8.0,323.0,62.0
440,48.0,72.0,1.0,28.0,0.0,77.0,0.0,10.0,359.0,58.0
441,48.0,72.0,1.0,28.0,0.0,77.0,0.0,10.0,359.0,58.0
442,52.0,68.0,1.0,15.0,0.0,40.0,14.0,13.0,389.0,69.0
443,52.0,68.0,1.0,15.0,0.0,40.0,14.0,13.0,389.0,69.0
444,59.0,85.0,1.0,16.0,15.0,42.0,25.0,14.0,374.0,77.0
445,59.0,85.0,1.0,16.0,15.0,42.0,25.0,14.0,374.0,77.0
446,44.0,86.0,2.0,16.0,27.0,42.0,31.0,20.0,556.0,90.0
447,44.0,86.0,2.0,16.0,27.0,42.0,31.0,20.0,556.0,90.0
448,77.0,56.0,0.0,0.0,27.0,23.0,31.0,20.0,460.0,101.0
449,77.0,56.0,0.0,0.0,27.0,23.0,31.0,20.0,460.0,101.0
450,59.0,47.0,0.0,0.0,0.0,39.0,23.0,0.0,517.0,136.0
451,59.0,47.0,0.0,0.0,0.0,39.0,23.0,0.0,517.0,136.0
452,22.0,103.0,0.0,10.0,11.0,49.0,23.0,7.0,717.0,156.0
453,22.0,103.0,0.0,10.0,11.0,49.0,23.0,7.0,717.0,156.0
454,19.0,74.0,0.0,10.0,17.0,51.0,0.0,7.0,430.0,173.0
455,19.0,74.0,0.0,10.0,17.0,51.0,0.0,7.0,430.0,173.0
456,18.0,58.0,0.0,16.0,17.0,0.0,0.0,2.0,980.0,180.0
457,18.0,58.0,0.0,16.0,17.0,0.0,0.0,2.0,980.0,180.0
458,38.0,77.0,0.0,22.0,16.0,22.0,0.0,27.0,691.0,204.0
459,38.0,77.0,0.0,22.0,16.0,22.0,0.0,27.0,691.0,204.0
460,65.0,48.0,0.0,30.0,0.0,32.0,0.0,39.0,453.0,244.0
461,65.0,48.0,0.0,30.0,0.0,32.0,0.0,39.0,453.0,244.0
462,45.0,43.0,1.0,30.0,0.0,30.0,0.0,68.0,464.0,251.0
463,45.0,43.0,1.0,30.0,0.0,30.0,0.0,68.0,464.0,251.0
464,32.0,20.0,1.0,35.0,13.0,22.0,0.0,68.0,461.0,232.0
465,32.0,20.0,1.0,35.0,13.0,22.0,0.0,68.0,461.0,232.0
466,20.0,13.0,1.0,45.0,36.0,27.0,4.0,23.0,728.0,150.0
467,20.0,13.0,1.0,45.0,36.0,27.0,4.0,23.0,728.0,150.0
468,14.0,0.0,18.0,35.0,19.0,39.0,11.0,17.0,713.0,72.0
469,14.0,0.0,18.0,35.0,19.0,39.0,11.0,17.0,713.0,72.0
470,20.0,6.0,10.0,28.0,6.0,21.0,11.0,8.0,723.0,52.0
471,20.0,6.0,10.0,28.0,6.0,21.0,11.0,8.0,723.0,52.0
472,29.0,6.0,2.0,33.0,11.0,21.0,14.0,13.0,782.0,91.0
473,29.0,6.0,2.0,33.0,11.0,21.0,14.0,13.0,782.0,91.0
474,27.0,14.0,2.0,37.0,3.0,22.0,14.0,27.0,741.0,96.0
475,27.0,14.0,2.0,37.0,3.0,22.0,14.0,27.0,741.0,96.0
476,14.0,17.0,2.0,25.0,17.0,32.0,0.0,45.0,471.0,93.0
477,14.0,17.0,2.0,25.0,17.0,32.0,0.0,45.0,471.0,93.0
478,14.0,18.0,3.0,26.0,27.0,30.0,0.0,67.0,287.0,89.0
479,14.0,18.0,3.0,26.0,27.0,30.0,0.0,67.0,287.0,89.0
480,20.0,16.0,3.0,20.0,30.0,28.0,11.0,39.0,238.0,92.0
481,20.0,16.0,3.0,20.0,30.0,28.0,11.0,39.0,238.0,92.0
482,17.0,11.0,4.0,21.0,35.0,29.0,11.0,42.0,233.0,115.0
483,17.0,11.0,4.0,21.0,35.0,29.0,11.0,42.0,233.0,115.0
484,15.0,14.0,5.0,30.0,0.0,22.0,21.0,55.0,148.0,124.0
485,15.0,14.0,5.0,30.0,0.0,22.0,21.0,55.0,148.0,124.0
486,17.0,18.0,4.0,28.0,5.0,30.0,21.0,57.0,117.0,142.0
487,17.0,18.0,4.0,28.0,5.0,30.0,21.0,57.0,117.0,142.0
488,16.0,23.0,10.0,30.0,12.0,35.0,20.0,26.0,78.0,188.0
489,16.0,23.0,10.0,30.0,12.0,35.0,20.0,26.0,78.0,188.0
490,13.0,26.0,7.0,28.0,12.0,48.0,20.0,25.0,69.0,177.0
491,13.0,26.0,7.0,28.0,12.0,48.0,20.0,25.0,69.0,177.0
492,10.0,28.0,5.0,21.0,25.0,73.0,16.0,29.0,60.0,151.0
493,10.0,28.0,5.0,21.0,25.0,73.0,16.0,29.0,60.0,151.0
494,9.0,36.0,4.0,20.0,58.0,106.0,11.0,33.0,57.0,153.0
495,9.0,36.0,4.0,20.0,58.0,106.0,11.0,33.0,57.0,153.0
496,10.0,53.0,4.0,24.0,69.0,115.0,1.0,20.0,56.0,168.0
497,10.0,53.0,4.0,24.0,69.0,115.0,1.0,20.0,56.0,168.0
498,11.0,68.0,5.0,24.0,64.0,121.0,18.0,27.0,52.0,205.0
499,11.0,68.0,5.0,24.0,64.0,121.0,18.0,27.0,52.0,205.0
500,9.0,62.0,0.0,23.0,69.0,153.0,18.0,44.0,63.0,208.0
501,9.0,62.0,0.0,23.0,69.0,153.0,18.0,44.0,63.0,208.0
502,8.0,56.0,3.0,21.0,47.0,75.0,4.0,60.0,71.0,190.0
503,8.0,56.0,3.0,21.0,47.0,75.0,4.0,60.0,71.0,190.0
504,11.0,50.0,3.0,3.0,65.0,44.0,10.0,54.0,79.0,162.0
505,11.0,50.0,3.0,3.0,65.0,44.0,10.0,54.0,79.0,162.0
506,12.0,53.0,2.0,5.0,68.0,42.0,10.0,49.0,70.0,193.0
507,12.0,53.0,2.0,5.0,68.0,42.0,10.0,49.0,70.0,193.0
508,17.0,52.0,2.0,5.0,57.0,77.0,14.0,18.0,88.0,244.0
509,17.0,52.0,2.0,5.0,57.0,77.0,14.0,18.0,88.0,244.0
510,20.0,57.0,5.0,6.0,61.0,88.0,19.0,23.0,100.0,231.0
511,20.0,57.0,5.0,6.0,61.0,88.0,19.0,23.0,100.0,231.0
512,20.0,41.0,3.0,8.0,87.0,128.0,21.0,30.0,90.0,233.0
513,20.0,41.0,3.0,8.0,87.0,128.0,21.0,30.0,90.0,233.0
514,30.0,28.0,1.0,14.0,112.0,109.0,57.0,44.0,101.0,170.0
515,30.0,28.0,1.0,14.0,112.0,109.0,57.0,44.0,101.0,170.0
516,44.0,39.0,0.0,20.0,100.0,91.0,35.0,58.0,115.0,170.0
517,44.0,39.0,0.0,20.0,100.0,91.0,35.0,58.0,115.0,170.0
518,29.0,54.0,1.0,22.0,77.0,94.0,24.0,43.0,137.0,110.0
519,29.0,54.0,1.0,22.0,77.0,94.0,24.0,43.0,137.0,110.0
520,46.0,62.0,1.0,24.0,80.0,110.0,9.0,23.0,477.0,113.0
521,46.0,62.0,1.0,24.0,80.0,110.0,9.0,23.0,477.0,113.0
522,50.0,61.0,2.0,24.0,80.0,180.0,20.0,17.0,320.0,160.0
523,50.0,61.0,2.0,24.0,80.0,180.0,20.0,17.0,320.0,160.0
524,32.0,53.0,3.0,24.0,0.0,143.0,11.0,18.0,110.0,145.0
525,32.0,53.0,3.0,24.0,0.0,143.0,11.0,18.0,110.0,145.0
526,30.0,49.0,1.0,28.0,0.0,93.0,3.0,17.0,138.0,116.0
527,30.0,49.0,1.0,28.0,0.0,93.0,3.0,17.0,138.0,116.0
528,12.0,51.0,1.0,40.0,0.0,101.0,7.0,18.0,142.0,113.0
529,12.0,51.0,1.0,40.0,0.0,101.0,7.0,18.0,142.0,113.0
530,8.0,51.0,4.0,54.0,2.0,86.0,8.0,20.0,133.0,139.0
531,8.0,51.0,4.0,54.0,2.0,86.0,8.0,20.0,133.0,139.0
532,10.0,54.0,6.0,61.0,32.0,92.0,5.0,13.0,266.0,189.0
533,10.0,54.0,6.0,61.0,32.0,92.0,5.0,13.0,266.0,189.0
534,11.0,73.0,482.0,44.0,19.0,162.0,0.0,10.0,182.0,228.0
535,11.0,73.0,482.0,44.0,19.0,162.0,0.0,10.0,182.0,228.0
536,10.0,100.0,482.0,45.0,14.0,177.0,0.0,14.0,215.0,255.0
537,10.0,100.0,482.0,45.0,14.0,177.0,0.0,14.0,215.0,255.0
538,19.0,112.0,481.0,49.0,2.0,173.0,0.0,18.0,264.0,243.0
539,19.0,112.0,481.0,49.0,2.0,173.0,0.0,18.0,264.0,243.0
540,27.0,122.0,290.0,61.0,0.0,154.0,0.0,15.0,315.0,224.0
541,27.0,122.0,290.0,61.0,0.0,154.0,0.0,15.0,315.0,224.0
542,20.0,57.0,364.0,48.0,0.0,180.0,0.0,15.0,427.0,172.0
543,20.0,57.0,364.0,48.0,0.0,180.0,0.0,15.0,427.0,172.0
544,7.0,21.0,362.0,27.0,0.0,298.0,0.0,11.0,290.0,125.0
545,7.0,21.0,362.0,27.0,0.0,298.0,0.0,11.0,290.0,125.0
546,12.0,31.0,482.0,22.0,5.0,322.0,0.0,16.0,283.0,153.0
547,12.0,31.0,482.0,22.0,5.0,322.0,0.0,16.0,283.0,153.0
548,26.0,31.0,1442.0,21.0,5.0,219.0,0.0,22.0,321.0,176.0
549,26.0,31.0,1442.0,21.0,5.0,219.0,0.0,22.0,321.0,176.0
550,22.0,23.0,1442.0,23.0,0.0,301.0,0.0,22.0,342.0,193.0
551,22.0,23.0,1442.0,23.0,0.0,301.0,0.0,22.0,342.0,193.0
552,18.0,25.0,1442.0,42.0,0.0,309.0,0.0,24.0,382.0,224.0
553,18.0,25.0,1442.0,42.0,0.0,309.0,0.0,24.0,382.0,224.0
554,21.0,9.0,1442.0,20.0,14.0,185.0,0.0,29.0,361.0,223.0
555,21.0,9.0,1442.0,20.0,14.0,185.0,0.0,29.0,361.0,223.0
556,6.0,18.0,484.0,19.0,14.0,248.0,0.0,37.0,390.0,147.0
557,6.0,18.0,484.0,19.0,14.0,248.0,0.0,37.0,390.0,147.0
558,18.0,29.0,363.0,28.0,0.0,296.0,0.0,60.0,398.0,179.0
559,18.0,29.0,363.0,28.0,0.0,296.0,0.0,60.0,398.0,179.0
560,19.0,27.0,721.0,35.0,10.0,175.0,0.0,67.0,806.0,191.0
561,19.0,27.0,721.0,35.0,10.0,175.0,0.0,67.0,806.0,191.0
562,19.0,21.0,729.0,20.0,21.0,183.0,0.0,62.0,603.0,167.0
563,19.0,21.0,729.0,20.0,21.0,183.0,0.0,62.0,603.0,167.0
564,27.0,21.0,729.0,18.0,34.0,90.0,0.0,62.0,595.0,309.0
565,27.0,21.0,729.0,18.0,34.0,90.0,0.0,62.0,595.0,309.0
566,5.0,16.0,3.0,13.0,43.0,101.0,0.0,44.0,565.0,269.0
567,5.0,16.0,3.0,13.0,43.0,101.0,0.0,44.0,565.0,269.0
568,8.0,30.0,4.0,11.0,54.0,171.0,12.0,35.0,367.0,155.0
569,8.0,30.0,4.0,11.0,54.0,171.0,12.0,35.0,367.0,155.0
570,9.0,32.0,6.0,9.0,92.0,142.0,12.0,31.0,111.0,100.0
571,9.0,32.0,6.0,9.0,92.0,142.0,12.0,31.0,111.0,100.0
572,8.0,40.0,5.0,12.0,78.0,98.0,0.0,28.0,92.0,89.0
573,8.0,40.0,5.0,12.0,78.0,98.0,0.0,28.0,92.0,89.0
574,10.0,39.0,3.0,15.0,66.0,81.0,0.0,23.0,68.0,114.0
575,10.0,39.0,3.0,15.0,66.0,81.0,0.0,23.0,68.0,114.0
576,13.0,44.0,3.0,30.0,62.0,86.0,17.0,34.0,80.0,142.0
577,13.0,44.0,3.0,30.0,62.0,86.0,17.0,34.0,80.0,142.0
578,15.0,51.0,3.0,34.0,91.0,94.0,17.0,49.0,77.0,91.0
579,15.0,51.0,3.0,34.0,91.0,94.0,17.0,49.0,77.0,91.0
580,12.0,56.0,6.0,32.0,83.0,83.0,6.0,37.0,68.0,79.0
581,12.0,56.0,6.0,32.0,83.0,83.0,6.0,37.0,68.0,79.0
582,17.0,69.0,9.0,27.0,83.0,74.0,6.0,36.0,71.0,88.0
583,17.0,69.0,9.0,27.0,83.0,74.0,6.0,36.0,71.0,88.0
584,30.0,82.0,9.0,33.0,106.0,65.0,21.0,30.0,81.0,99.0
585,30.0,82.0,9.0,33.0,106.0,65.0,21.0,30.0,81.0,99.0
586,29.0,83.0,10.0,39.0,135.0,55.0,28.0,48.0,80.0,118.0
587,29.0,83.0,10.0,39.0,135.0,55.0,28.0,48.0,80.0,118.0
588,22.0,84.0,11.0,43.0,98.0,25.0,24.0,81.0,70.0,129.0
589,22.0,84.0,11.0,43.0,98.0,25.0,24.0,81.0,70.0,129.0
590,13.0,84.0,10.0,59.0,94.0,15.0,16.0,53.0,75.0,149.0
591,13.0,84.0,10.0,59.0,94.0,15.0,16.0,53.0,75.0,149.0
592,12.0,83.0,6.0,79.0,100.0,22.0,22.0,37.0,98.0,147.0
593,12.0,83.0,6.0,79.0,100.0,22.0,22.0,37.0,98.0,147.0
594,13.0,63.0,4.0,44.0,109.0,28.0,25.0,21.0,98.0,136.0
595,13.0,63.0,4.0,44.0,109.0,28.0,25.0,21.0,98.0,136.0
596,14.0,58.0,7.0,39.0,109.0,36.0,25.0,24.0,81.0,108.0
597,14.0,58.0,7.0,39.0,109.0,36.0,25.0,24.0,81.0,108.0
598,14.0,46.0,7.0,51.0,90.0,41.0,29.0,28.0,100.0,123.0
599,14.0,46.0,7.0,51.0,90.0,41.0,29.0,28.0,100.0,123.0
600,12.0,50.0,5.0,61.0,81.0,38.0,23.0,37.0,140.0,210.0
601,12.0,50.0,5.0,61.0,81.0,38.0,23.0,37.0,140.0,210.0
602,5.0,58.0,3.0,52.0,68.0,38.0,26.0,30.0,133.0,183.0
603,5.0,58.0,3.0,52.0,68.0,38.0,26.0,30.0,133.0,183.0
604,4.0,64.0,2.0,60.0,61.0,27.0,33.0,17.0,94.0,156.0
605,4.0,64.0,2.0,60.0,61.0,27.0,33.0,17.0,94.0,156.0
606,7.0,71.0,3.0,67.0,64.0,31.0,33.0,22.0,103.0,180.0
607,7.0,71.0,3.0,67.0,64.0,31.0,33.0,22.0,103.0,180.0
608,8.0,72.0,2.0,73.0,33.0,53.0,22.0,24.0,107.0,193.0
609,8.0,72.0,2.0,73.0,33.0,53.0,22.0,24.0,107.0,193.0
610,6.0,70.0,4.0,87.0,51.0,51.0,18.0,28.0,158.0,141.0
611,6.0,70.0,4.0,87.0,51.0,51.0,18.0,28.0,158.0,141.0
612,7.0,73.0,7.0,104.0,44.0,30.0,32.0,33.0,141.0,143.0
613,7.0,73.0,7.0,104.0,44.0,30.0,32.0,33.0,141.0,143.0
614,11.0,88.0,3.0,125.0,50.0,39.0,56.0,30.0,120.0,162.0
615,11.0,88.0,3.0,125.0,50.0,39.0,56.0,30.0,120.0,162.0
616,9.0,76.0,1.0,132.0,74.0,54.0,68.0,11.0,184.0,145.0
617,9.0,76.0,1.0,132.0,74.0,54.0,68.0,11.0,184.0,145.0
618,8.0,65.0,1.0,139.0,71.0,44.0,87.0,13.0,175.0,123.0
619,8.0,65.0,1.0,139.0,71.0,44.0,87.0,13.0,175.0,123.0
620,9.0,61.0,2.0,110.0,93.0,42.0,109.0,18.0,181.0,151.0
621,9.0,61.0,2.0,110.0,93.0,42.0,109.0,18.0,181.0,151.0
622,7.0,75.0,4.0,90.0,158.0,61.0,99.0,24.0,161.0,197.0
623,7.0,75.0,4.0,90.0,158.0,61.0,99.0,24.0,161.0,197.0
624,10.0,63.0,6.0,97.0,48.0,86.0,103.0,20.0,269.0,180.0
625,10.0,63.0,6.0,97.0,48.0,86.0,103.0,20.0,269.0,180.0
626,12.0,45.0,5.0,143.0,59.0,105.0,65.0,27.0,293.0,115.0
627,12.0,45.0,5.0,143.0,59.0,105.0,65.0,27.0,293.0,115.0
628,12.0,37.0,7.0,136.0,44.0,83.0,81.0,34.0,217.0,127.0
629,12.0,37.0,7.0,136.0,44.0,83.0,81.0,34.0,217.0,127.0
630,13.0,32.0,579.0,209.0,19.0,86.0,81.0,46.0,278.0,165.0
631,13.0,32.0,579.0,209.0,19.0,86.0,81.0,46.0,278.0,165.0
632,17.0,37.0,722.0,102.0,31.0,101.0,6.0,73.0,337.0,166.0
633,17.0,37.0,722.0,102.0,31.0,101.0,6.0,73.0,337.0,166.0
634,17.0,34.0,963.0,104.0,27.0,119.0,6.0,92.0,392.0,149.0
635,17.0,34.0,963.0,104.0,27.0,119.0,6.0,92.0,392.0,149.0
636,5.0,21.0,579.0,109.0,0.0,148.0,0.0,103.0,452.0,139.0
637,5.0,21.0,579.0,109.0,0.0,148.0,0.0,103.0,452.0,139.0
638,0.0,32.0,483.0,123.0,0.0,215.0,0.0,146.0,445.0,136.0
639,0.0,32.0,483.0,123.0,0.0,215.0,0.0,146.0,445.0,136.0
640,2.0,38.0,722.0,115.0,0.0,231.0,0.0,170.0,216.0,92.0
641,2.0,38.0,722.0,115.0,0.0,231.0,0.0,170.0,216.0,92.0
642,5.0,37.0,963.0,69.0,0.0,167.0,0.0,131.0,243.0,44.0
643,5.0,37.0,963.0,69.0,0.0,167.0,0.0,131.0,243.0,44.0
644,16.0,21.0,963.0,106.0,0.0,194.0,0.0,170.0,321.0,21.0
645,16.0,21.0,963.0,106.0,0.0,194.0,0.0,170.0,321.0,21.0
646,7.0,20.0,1441.0,128.0,0.0,224.0,0.0,220.0,382.0,17.0
647,7.0,20.0,1441.0,128.0,0.0,224.0,0.0,220.0,382.0,17.0
648,4.0,32.0,1441.0,102.0,10.0,233.0,26.0,288.0,273.0,26.0
649,4.0,32.0,1441.0,102.0,10.0,233.0,26.0,288.0,273.0,26.0
650,5.0,66.0,1441.0,50.0,10.0,391.0,56.0,291.0,281.0,59.0
651,5.0,66.0,1441.0,50.0,10.0,391.0,56.0,291.0,281.0,59.0
652,5.0,61.0,1441.0,18.0,0.0,415.0,86.0,314.0,248.0,106.0
653,5.0,61.0,1441.0,18.0,0.0,415.0,86.0,314.0,248.0,106.0
654,26.0,55.0,722.0,9.0,0.0,469.0,0.0,102.0,228.0,69.0
655,26.0,55.0,722.0,9.0,0.0,469.0,0.0,102.0,228.0,69.0
656,21.0,48.0,722.0,21.0,0.0,479.0,0.0,72.0,291.0,26.0
657,21.0,48.0,722.0,21.0,0.0,479.0,0.0,72.0,291.0,26.0
658,12.0,57.0,967.0,7.0,0.0,463.0,14.0,59.0,154.0,32.0
659,12.0,57.0,967.0,7.0,0.0,463.0,14.0,59.0,154.0,32.0
660,11.0,51.0,726.0,4.0,11.0,354.0,14.0,47.0,149.0,42.0
661,11.0,51.0,726.0,4.0,11.0,354.0,14.0,47.0,149.0,42.0
662,14.0,54.0,580.0,5.0,17.0,316.0,0.0,43.0,103.0,42.0
663,14.0,54.0,580.0,5.0,17.0,316.0,0.0,43.0,103.0,42.0
664,21.0,73.0,419.0,7.0,24.0,250.0,6.0,39.0,61.0,38.0
665,21.0,73.0,419.0,7.0,24.0,250.0,6.0,39.0,61.0,38.0
666,22.0,75.0,584.0,10.0,23.0,125.0,3.0,34.0,32.0,38.0
667,22.0,75.0,584.0,10.0,23.0,125.0,3.0,34.0,32.0,38.0
668,25.0,61.0,482.0,12.0,9.0,83.0,2.0,31.0,31.0,42.0
669,25.0,61.0,482.0,12.0,9.0,83.0,2.0,31.0,31.0,42.0
670,33.0,68.0,323.0,8.0,5.0,49.0,16.0,38.0,32.0,46.0
671,33.0,68.0,323.0,8.0,5.0,49.0,16.0,38.0,32.0,46.0
672,43.0,90.0,363.0,10.0,7.0,45.0,20.0,41.0,41.0,41.0
673,43.0,90.0,363.0,10.0,7.0,45.0,20.0,41.0,41.0,41.0
674,47.0,68.0,580.0,9.0,13.0,56.0,27.0,47.0,55.0,33.0
675,47.0,68.0,580.0,9.0,13.0,56.0,27.0,47.0,55.0,33.0
676,48.0,71.0,486.0,8.0,15.0,64.0,35.0,58.0,47.0,37.0
677,48.0,71.0,486.0,8.0,15.0,64.0,35.0,58.0,47.0,37.0
678,47.0,75.0,418.0,12.0,21.0,74.0,8.0,47.0,42.0,48.0
679,47.0,75.0,418.0,12.0,21.0,74.0,8.0,47.0,42.0,48.0
680,57.0,72.0,293.0,14.0,23.0,73.0,11.0,51.0,48.0,54.0
681,57.0,72.0,293.0,14.0,23.0,73.0,11.0,51.0,48.0,54.0
682,55.0,82.0,267.0,14.0,27.0,67.0,32.0,47.0,36.0,55.0
683,55.0,82.0,267.0,14.0,27.0,67.0,32.0,47.0,36.0,55.0
684,50.0,82.0,300.0,17.0,24.0,46.0,32.0,50.0,39.0,58.0
685,50.0,82.0,300.0,17.0,24.0,46.0,32.0,50.0,39.0,58.0
686,57.0,90.0,304.0,26.0,17.0,52.0,9.0,66.0,47.0,64.0
687,57.0,90.0,304.0,26.0,17.0,52.0,9.0,66.0,47.0,64.0
688,56.0,56.0,299.0,23.0,18.0,36.0,12.0,43.0,62.0,72.0
689,56.0,56.0,299.0,23.0,18.0,36.0,12.0,43.0,62.0,72.0
690,60.0,44.0,269.0,26.0,25.0,9.0,43.0,43.0,80.0,70.0
691,60.0,44.0,269.0,26.0,25.0,9.0,43.0,43.0,80.0,70.0
692,63.0,46.0,366.0,28.0,37.0,11.0,25.0,30.0,80.0,60.0
693,63.0,46.0,366.0,28.0,37.0,11.0,25.0,30.0,80.0,60.0
694,39.0,54.0,324.0,22.0,57.0,8.0,13.0,25.0,89.0,64.0
695,39.0,54.0,324.0,22.0,57.0,8.0,13.0,25.0,89.0,64.0
696,49.0,56.0,291.0,18.0,94.0,7.0,9.0,25.0,90.0,67.0
697,49.0,56.0,291.0,18.0,94.0,7.0,9.0,25.0,90.0,67.0
698,55.0,63.0,414.0,20.0,86.0,19.0,10.0,35.0,110.0,75.0
699,55.0,63.0,414.0,20.0,86.0,19.0,10.0,35.0,110.0,75.0
700,56.0,76.0,364.0,23.0,60.0,35.0,21.0,39.0,130.0,92.0
701,56.0,76.0,364.0,23.0,60.0,35.0,21.0,39.0,130.0,92.0
702,78.0,75.0,324.0,23.0,50.0,36.0,21.0,40.0,125.0,101.0
703,78.0,75.0,324.0,23.0,50.0,36.0,21.0,40.0,125.0,101.0
704,77.0,61.0,484.0,26.0,57.0,36.0,32.0,40.0,124.0,109.0
705,77.0,61.0,484.0,26.0,57.0,36.0,32.0,40.0,124.0,109.0
706,55.0,54.0,580.0,35.0,43.0,10.0,29.0,28.0,124.0,104.0
707,55.0,54.0,580.0,35.0,43.0,10.0,29.0,28.0,124.0,104.0
708,51.0,40.0,364.0,58.0,59.0,15.0,18.0,14.0,147.0,104.0
709,51.0,40.0,364.0,58.0,59.0,15.0,18.0,14.0,147.0,104.0
710,64.0,42.0,265.0,65.0,89.0,22.0,11.0,28.0,163.0,89.0
711,64.0,42.0,265.0,65.0,89.0,22.0,11.0,28.0,163.0,89.0
712,79.0,37.0,323.0,60.0,102.0,21.0,10.0,28.0,171.0,79.0
713,79.0,37.0,323.0,60.0,102.0,21.0,10.0,28.0,171.0,79.0
714,79.0,27.0,579.0,51.0,95.0,19.0,10.0,22.0,249.0,94.0
715,79.0,27.0,579.0,51.0,95.0,19.0,10.0,22.0,249.0,94.0
716,62.0,29.0,963.0,31.0,139.0,14.0,0.0,33.0,325.0,124.0
717,62.0,29.0,963.0,31.0,139.0,14.0,0.0,33.0,325.0,124.0
718,51.0,18.0,963.0,26.0,108.0,22.0,0.0,58.0,261.0,134.0
719,51.0,18.0,963.0,26.0,108.0,22.0,0.0,58.0,261.0,134.0
720,58.0,24.0,722.0,29.0,82.0,46.0,7.0,110.0,227.0,133.0
721,58.0,24.0,722.0,29.0,82.0,46.0,7.0,110.0,227.0,133.0
722,93.0,36.0,578.0,31.0,64.0,72.0,7.0,73.0,204.0,108.0
723,93.0,36.0,578.0,31.0,64.0,72.0,7.0,73.0,204.0,108.0
724,96.0,42.0,722.0,39.0,0.0,97.0,0.0,80.0,224.0,81.0
725,96.0,42.0,722.0,39.0,0.0,97.0,0.0,80.0,224.0,81.0
726,90.0,56.0,961.0,43.0,22.0,88.0,0.0,76.0,241.0,54.0
727,90.0,56.0,961.0,43.0,22.0,88.0,0.0,76.0,241.0,54.0
728,90.0,56.0,961.0,43.0,22.0,88.0,0.0,76.0,241.0,54.0
729,101.0,77.0,0.0,39.0,29.0,118.0,15.0,136.0,219.0,44.0
730,179.0,109.0,0.0,20.0,24.0,133.0,15.0,94.0,283.0,47.0
731,179.0,109.0,0.0,20.0,24.0,133.0,15.0,94.0,283.0,47.0
732,182.0,104.0,0.0,4.0,26.0,186.0,0.0,120.0,435.0,50.0
733,182.0,104.0,0.0,4.0,26.0,186.0,0.0,120.0,435.0,50.0
734,160.0,59.0,0.0,18.0,8.0,230.0,0.0,89.0,314.0,46.0
735,160.0,59.0,0.0,18.0,8.0,230.0,0.0,89.0,314.0,46.0
736,145.0,51.0,0.0,15.0,8.0,227.0,0.0,64.0,268.0,48.0
737,145.0,51.0,0.0,15.0,8.0,227.0,0.0,64.0,268.0,48.0
738,129.0,60.0,5.0,15.0,0.0,333.0,0.0,79.0,220.0,59.0
739,129.0,60.0,5.0,15.0,0.0,333.0,0.0,79.0,220.0,59.0
740,160.0,37.0,3.0,11.0,0.0,346.0,0.0,165.0,316.0,80.0
741,160.0,37.0,3.0,11.0,0.0,346.0,0.0,165.0,316.0,80.0
742,181.0,14.0,0.0,8.0,0.0,203.0,0.0,149.0,345.0,78.0
743,181.0,14.0,0.0,8.0,0.0,203.0,0.0,149.0,345.0,78.0
744,133.0,7.0,0.0,1.0,0.0,229.0,0.0,144.0,333.0,50.0
745,133.0,7.0,0.0,1.0,0.0,229.0,0.0,144.0,333.0,50.0
746,108.0,9.0,1.0,10.0,9.0,226.0,0.0,307.0,329.0,46.0
747,108.0,9.0,1.0,10.0,9.0,226.0,0.0,307.0,329.0,46.0
748,128.0,16.0,2.0,18.0,9.0,206.0,0.0,322.0,329.0,64.0
749,128.0,16.0,2.0,18.0,9.0,206.0,0.0,322.0,329.0,64.0
750,115.0,26.0,3.0,24.0,2.0,236.0,0.0,155.0,275.0,56.0
751,115.0,26.0,3.0,24.0,2.0,236.0,0.0,155.0,275.0,56.0
752,89.0,28.0,5.0,22.0,32.0,339.0,0.0,160.0,206.0,74.0
753,89.0,28.0,5.0,22.0,32.0,339.0,0.0,160.0,206.0,74.0
754,66.0,37.0,4.0,16.0,33.0,338.0,0.0,180.0,139.0,64.0
755,66.0,37.0,4.0,16.0,33.0,338.0,0.0,180.0,139.0,64.0
756,27.0,49.0,1.0,11.0,24.0,272.0,5.0,188.0,62.0,43.0
757,27.0,49.0,1.0,11.0,24.0,272.0,5.0,188.0,62.0,43.0
758,9.0,70.0,0.0,4.0,14.0,241.0,13.0,548.0,44.0,37.0
759,9.0,70.0,0.0,4.0,14.0,241.0,13.0,548.0,44.0,37.0
760,12.0,77.0,12.0,6.0,10.0,574.0,20.0,97.0,44.0,47.0
761,12.0,77.0,12.0,6.0,10.0,574.0,20.0,97.0,44.0,47.0
762,13.0,70.0,17.0,16.0,4.0,574.0,14.0,104.0,27.0,50.0
763,13.0,70.0,17.0,16.0,4.0,574.0,14.0,104.0,27.0,50.0
764,10.0,64.0,18.0,21.0,0.0,179.0,19.0,85.0,33.0,51.0
765,10.0,64.0,18.0,21.0,0.0,179.0,19.0,85.0,33.0,51.0
766,9.0,99.0,22.0,24.0,5.0,179.0,20.0,90.0,36.0,60.0
767,9.0,99.0,22.0,24.0,5.0,179.0,20.0,90.0,36.0,60.0
768,15.0,92.0,15.0,22.0,10.0,124.0,21.0,121.0,38.0,66.0
769,15.0,92.0,15.0,22.0,10.0,124.0,21.0,121.0,38.0,66.0
770,16.0,76.0,8.0,25.0,14.0,128.0,0.0,99.0,35.0,74.0
771,16.0,76.0,8.0,25.0,14.0,128.0,0.0,99.0,35.0,74.0
772,16.0,90.0,6.0,27.0,27.0,139.0,18.0,46.0,29.0,79.0
773,16.0,90.0,6.0,27.0,27.0,139.0,18.0,46.0,29.0,79.0
774,20.0,110.0,2.0,29.0,45.0,152.0,15.0,45.0,34.0,81.0
775,20.0,110.0,2.0,29.0,45.0,152.0,15.0,45.0,34.0,81.0
776,24.0,117.0,3.0,24.0,45.0,106.0,12.0,54.0,42.0,87.0
777,24.0,117.0,3.0,24.0,45.0,106.0,12.0,54.0,42.0,87.0
778,21.0,123.0,4.0,21.0,29.0,79.0,21.0,75.0,43.0,94.0
779,21.0,123.0,4.0,21.0,29.0,79.0,21.0,75.0,43.0,94.0
780,16.0,114.0,5.0,27.0,29.0,59.0,15.0,73.0,38.0,96.0
781,16.0,114.0,5.0,27.0,29.0,59.0,15.0,73.0,38.0,96.0
782,8.0,107.0,5.0,26.0,26.0,63.0,16.0,76.0,43.0,106.0
783,8.0,107.0,5.0,26.0,26.0,63.0,16.0,76.0,43.0,106.0
784,7.0,108.0,7.0,5.0,35.0,49.0,30.0,105.0,63.0,106.0
785,7.0,108.0,7.0,5.0,35.0,49.0,30.0,105.0,63.0,106.0
786,6.0,114.0,8.0,4.0,15.0,54.0,55.0,195.0,59.0,105.0
787,6.0,114.0,8.0,4.0,15.0,54.0,55.0,195.0,59.0,105.0
788,11.0,113.0,9.0,8.0,26.0,56.0,121.0,154.0,64.0,112.0
789,11.0,113.0,9.0,8.0,26.0,56.0,121.0,154.0,64.0,112.0
790,10.0,91.0,9.0,12.0,46.0,49.0,112.0,99.0,81.0,110.0
791,10.0,91.0,9.0,12.0,46.0,49.0,112.0,99.0,81.0,110.0
792,5.0,64.0,7.0,10.0,56.0,16.0,103.0,108.0,73.0,109.0
793,5.0,64.0,7.0,10.0,56.0,16.0,103.0,108.0,73.0,109.0
794,3.0,65.0,4.0,4.0,78.0,23.0,32.0,152.0,102.0,109.0
795,3.0,65.0,4.0,4.0,78.0,23.0,32.0,152.0,102.0,109.0
796,4.0,69.0,3.0,4.0,74.0,34.0,17.0,152.0,123.0,105.0
797,4.0,69.0,3.0,4.0,74.0,34.0,17.0,152.0,123.0,105.0
798,7.0,49.0,4.0,6.0,86.0,33.0,23.0,105.0,108.0,126.0
799,7.0,49.0,4.0,6.0,86.0,33.0,23.0,105.0,108.0,126.0
800,5.0,38.0,3.0,5.0,74.0,28.0,49.0,86.0,104.0,124.0
801,5.0,38.0,3.0,5.0,74.0,28.0,49.0,86.0,104.0,124.0
802,5.0,37.0,4.0,5.0,30.0,38.0,49.0,107.0,117.0,96.0
803,5.0,37.0,4.0,5.0,30.0,38.0,49.0,107.0,117.0,96.0
804,23.0,35.0,2.0,6.0,28.0,75.0,0.0,160.0,134.0,100.0
805,23.0,35.0,2.0,6.0,28.0,75.0,0.0,160.0,134.0,100.0
806,28.0,42.0,2.0,5.0,47.0,62.0,6.0,96.0,135.0,122.0
807,28.0,42.0,2.0,5.0,47.0,62.0,6.0,96.0,135.0,122.0
808,30.0,38.0,3.0,2.0,58.0,39.0,6.0,41.0,152.0,144.0
809,30.0,38.0,3.0,2.0,58.0,39.0,6.0,41.0,152.0,144.0
810,40.0,26.0,4.0,5.0,47.0,46.0,3.0,68.0,200.0,158.0
811,40.0,26.0,4.0,5.0,47.0,46.0,3.0,68.0,200.0,158.0
812,68.0,19.0,2.0,5.0,33.0,53.0,3.0,73.0,190.0,133.0
813,68.0,19.0,2.0,5.0,33.0,53.0,3.0,73.0,190.0,133.0
814,88.0,12.0,4.0,5.0,14.0,57.0,3.0,118.0,154.0,149.0
815,88.0,12.0,4.0,5.0,14.0,57.0,3.0,118.0,154.0,149.0
816,51.0,12.0,8.0,12.0,13.0,64.0,3.0,180.0,198.0,175.0
817,51.0,12.0,8.0,12.0,13.0,64.0,3.0,180.0,198.0,175.0
818,44.0,17.0,12.0,10.0,10.0,68.0,3.0,129.0,196.0,176.0
819,44.0,17.0,12.0,10.0,10.0,68.0,3.0,129.0,196.0,176.0
820,66.0,21.0,9.0,9.0,11.0,79.0,0.0,150.0,194.0,179.0
821,66.0,21.0,9.0,9.0,11.0,79.0,0.0,150.0,194.0,179.0
822,64.0,8.0,6.0,13.0,13.0,103.0,0.0,132.0,185.0,192.0
823,64.0,8.0,6.0,13.0,13.0,103.0,0.0,132.0,185.0,192.0
824,67.0,10.0,6.0,15.0,0.0,173.0,0.0,140.0,159.0,238.0
825,67.0,10.0,6.0,15.0,0.0,173.0,0.0,140.0,159.0,238.0
826,23.0,17.0,10.0,16.0,0.0,183.0,0.0,167.0,125.0,178.0
827,23.0,17.0,10.0,16.0,0.0,183.0,0.0,167.0,125.0,178.0
828,13.0,22.0,1.0,22.0,0.0,186.0,0.0,153.0,100.0,132.0
829,13.0,22.0,1.0,22.0,0.0,186.0,0.0,153.0,100.0,132.0
830,10.0,5.0,8.0,13.0,0.0,189.0,0.0,157.0,146.0,167.0
831,10.0,5.0,8.0,13.0,0.0,189.0,0.0,157.0,146.0,167.0
832,8.0,5.0,10.0,12.0,17.0,211.0,0.0,261.0,163.0,167.0
833,8.0,5.0,10.0,12.0,17.0,211.0,0.0,261.0,163.0,167.0
834,13.0,8.0,12.0,11.0,21.0,245.0,0.0,260.0,158.0,166.0
835,13.0,8.0,12.0,11.0,21.0,245.0,0.0,260.0,158.0,166.0
836,17.0,18.0,8.0,13.0,21.0,246.0,0.0,289.0,145.0,196.0
837,17.0,18.0,8.0,13.0,21.0,246.0,0.0,289.0,145.0,196.0
838,17.0,18.0,0.0,13.0,12.0,105.0,7.0,272.0,154.0,221.0
839,17.0,18.0,0.0,13.0,12.0,105.0,7.0,272.0,154.0,221.0
840,17.0,26.0,0.0,10.0,12.0,301.0,20.0,337.0,369.0,187.0
841,17.0,26.0,0.0,10.0,12.0,301.0,20.0,337.0,369.0,187.0
842,0.0,24.0,0.0,18.0,0.0,159.0,20.0,429.0,220.0,174.0
843,0.0,24.0,0.0,18.0,0.0,159.0,20.0,429.0,220.0,174.0
844,0.0,25.0,0.0,24.0,0.0,125.0,0.0,332.0,182.0,216.0
845,0.0,25.0,0.0,24.0,0.0,125.0,0.0,332.0,182.0,216.0
846,3.0,22.0,0.0,20.0,0.0,193.0,0.0,320.0,163.0,142.0
847,3.0,22.0,0.0,20.0,0.0,193.0,0.0,320.0,163.0,142.0
848,6.0,12.0,0.0,20.0,17.0,103.0,0.0,350.0,156.0,142.0
849,6.0,12.0,0.0,20.0,17.0,103.0,0.0,350.0,156.0,142.0
850,19.0,9.0,3.0,24.0,23.0,59.0,0.0,379.0,125.0,66.0
851,19.0,9.0,3.0,24.0,23.0,59.0,0.0,379.0,125.0,66.0
852,7.0,10.0,3.0,32.0,24.0,83.0,0.0,323.0,148.0,62.0
853,7.0,10.0,3.0,32.0,24.0,83.0,0.0,323.0,148.0,62.0
854,11.0,13.0,1.0,30.0,35.0,110.0,10.0,334.0,114.0,21.0
855,11.0,13.0,1.0,30.0,35.0,110.0,10.0,334.0,114.0,21.0
856,14.0,14.0,7.0,31.0,26.0,117.0,10.0,323.0,77.0,16.0
857,14.0,14.0,7.0,31.0,26.0,117.0,10.0,323.0,77.0,16.0
858,9.0,18.0,9.0,27.0,11.0,138.0,10.0,82.0,49.0,24.0
859,9.0,18.0,9.0,27.0,11.0,138.0,10.0,82.0,49.0,24.0
860,8.0,27.0,7.0,35.0,11.0,92.0,16.0,97.0,39.0,31.0
861,8.0,27.0,7.0,35.0,11.0,92.0,16.0,97.0,39.0,31.0
862,4.0,34.0,2.0,45.0,12.0,85.0,16.0,102.0,24.0,38.0
863,4.0,34.0,2.0,45.0,12.0,85.0,16.0,102.0,24.0,38.0
864,8.0,53.0,7.0,62.0,23.0,83.0,0.0,74.0,29.0,44.0
865,8.0,53.0,7.0,62.0,23.0,83.0,0.0,74.0,29.0,44.0
866,15.0,70.0,5.0,61.0,21.0,56.0,1.0,56.0,42.0,53.0
867,15.0,70.0,5.0,61.0,21.0,56.0,1.0,56.0,42.0,53.0
868,16.0,64.0,3.0,49.0,21.0,59.0,10.0,63.0,55.0,47.0
869,16.0,64.0,3.0,49.0,21.0,59.0,10.0,63.0,55.0,47.0
870,13.0,47.0,2.0,13.0,19.0,112.0,10.0,87.0,60.0,47.0
871,13.0,47.0,2.0,13.0,19.0,112.0,10.0,87.0,60.0,47.0
872,10.0,46.0,4.0,9.0,25.0,115.0,6.0,99.0,61.0,61.0
873,10.0,46.0,4.0,9.0,25.0,115.0,6.0,99.0,61.0,61.0
874,7.0,43.0,4.0,11.0,27.0,102.0,6.0,111.0,62.0,59.0
875,7.0,43.0,4.0,11.0,27.0,102.0,6.0,111.0,62.0,59.0
876,5.0,43.0,4.0,16.0,16.0,115.0,11.0,136.0,77.0,49.0
877,5.0,43.0,4.0,16.0,16.0,115.0,11.0,136.0,77.0,49.0
878,6.0,43.0,6.0,18.0,13.0,124.0,22.0,154.0,113.0,46.0
879,6.0,43.0,6.0,18.0,13.0,124.0,22.0,154.0,113.0,46.0
880,7.0,32.0,3.0,13.0,13.0,126.0,31.0,169.0,141.0,43.0
881,7.0,32.0,3.0,13.0,13.0,126.0,31.0,169.0,141.0,43.0
882,5.0,29.0,2.0,12.0,14.0,122.0,24.0,201.0,132.0,35.0
883,5.0,29.0,2.0,12.0,14.0,122.0,24.0,201.0,132.0,35.0
884,7.0,22.0,5.0,9.0,22.0,130.0,20.0,191.0,143.0,38.0
885,7.0,22.0,5.0,9.0,22.0,130.0,20.0,191.0,143.0,38.0
886,12.0,19.0,10.0,7.0,39.0,127.0,37.0,109.0,149.0,47.0
887,12.0,19.0,10.0,7.0,39.0,127.0,37.0,109.0,149.0,47.0
888,14.0,21.0,1.0,5.0,32.0,122.0,37.0,85.0,140.0,52.0
889,14.0,21.0,1.0,5.0,32.0,122.0,37.0,85.0,140.0,52.0
890,8.0,22.0,2.0,1.0,32.0,111.0,43.0,71.0,167.0,59.0
891,8.0,22.0,2.0,1.0,32.0,111.0,43.0,71.0,167.0,59.0
892,9.0,17.0,5.0,1.0,54.0,116.0,29.0,73.0,188.0,71.0
893,9.0,17.0,5.0,1.0,54.0,116.0,29.0,73.0,188.0,71.0
894,9.0,20.0,6.0,0.0,48.0,99.0,14.0,59.0,197.0,81.0
895,9.0,20.0,6.0,0.0,48.0,99.0,14.0,59.0,197.0,81.0
896,9.0,30.0,3.0,1.0,36.0,114.0,0.0,46.0,222.0,72.0
897,9.0,30.0,3.0,1.0,36.0,114.0,0.0,46.0,222.0,72.0
898,8.0,39.0,2.0,2.0,29.0,160.0,0.0,41.0,289.0,71.0
899,8.0,39.0,2.0,2.0,29.0,160.0,0.0,41.0,289.0,71.0
900,10.0,36.0,4.0,4.0,20.0,136.0,5.0,48.0,297.0,88.0
901,10.0,36.0,4.0,4.0,20.0,136.0,5.0,48.0,297.0,88.0
902,10.0,28.0,4.0,6.0,17.0,132.0,7.0,52.0,285.0,88.0
903,10.0,28.0,4.0,6.0,17.0,132.0,7.0,52.0,285.0,88.0
904,11.0,15.0,3.0,7.0,45.0,145.0,7.0,66.0,274.0,82.0
905,11.0,15.0,3.0,7.0,45.0,145.0,7.0,66.0,274.0,82.0
906,14.0,12.0,13.0,8.0,57.0,159.0,5.0,99.0,210.0,84.0
907,14.0,12.0,13.0,8.0,57.0,159.0,5.0,99.0,210.0,84.0
908,13.0,14.0,12.0,8.0,54.0,81.0,9.0,94.0,142.0,114.0
909,13.0,14.0,12.0,8.0,54.0,81.0,9.0,94.0,142.0,114.0
910,17.0,14.0,4.0,7.0,56.0,89.0,7.0,88.0,141.0,139.0
911,17.0,14.0,4.0,7.0,56.0,89.0,7.0,88.0,141.0,139.0
912,23.0,8.0,1.0,6.0,46.0,97.0,5.0,120.0,139.0,132.0
913,23.0,8.0,1.0,6.0,46.0,97.0,5.0,120.0,139.0,132.0
914,22.0,8.0,6.0,5.0,25.0,82.0,16.0,151.0,167.0,101.0
915,22.0,8.0,6.0,5.0,25.0,82.0,16.0,151.0,167.0,101.0
916,24.0,10.0,13.0,9.0,6.0,123.0,41.0,144.0,195.0,109.0
917,24.0,10.0,13.0,9.0,6.0,123.0,41.0,144.0,195.0,109.0
918,35.0,11.0,6.0,11.0,0.0,150.0,41.0,155.0,211.0,96.0
919,35.0,11.0,6.0,11.0,0.0,150.0,41.0,155.0,211.0,96.0
920,32.0,7.0,0.0,14.0,0.0,132.0,0.0,170.0,217.0,68.0
921,32.0,7.0,0.0,14.0,0.0,132.0,0.0,170.0,217.0,68.0
922,29.0,10.0,3.0,12.0,0.0,125.0,0.0,60.0,190.0,57.0
923,29.0,10.0,3.0,12.0,0.0,125.0,0.0,60.0,190.0,57.0
924,30.0,14.0,5.0,13.0,2.0,125.0,0.0,18.0,224.0,72.0
925,30.0,14.0,5.0,13.0,2.0,125.0,0.0,18.0,224.0,72.0
926,46.0,15.0,7.0,0.0,2.0,140.0,0.0,18.0,264.0,84.0
927,46.0,15.0,7.0,0.0,2.0,140.0,0.0,18.0,264.0,84.0
928,0.0,10.0,0.0,6.0,0.0,177.0,0.0,27.0,169.0,128.0
929,0.0,10.0,0.0,6.0,0.0,177.0,0.0,27.0,169.0,128.0
930,0.0,9.0,0.0,5.0,0.0,125.0,9.0,27.0,161.0,143.0
931,0.0,9.0,0.0,5.0,0.0,125.0,9.0,27.0,161.0,143.0
932,0.0,15.0,0.0,6.0,0.0,154.0,13.0,31.0,178.0,153.0
933,0.0,15.0,0.0,6.0,0.0,154.0,13.0,31.0,178.0,153.0
934,0.0,11.0,0.0,9.0,0.0,289.0,13.0,41.0,167.0,150.0
935,0.0,11.0,0.0,9.0,0.0,289.0,13.0,41.0,167.0,150.0
936,10.0,9.0,0.0,11.0,0.0,289.0,4.0,51.0,134.0,168.0
937,10.0,9.0,0.0,11.0,0.0,289.0,4.0,51.0,134.0,168.0
938,10.0,17.0,0.0,0.0,3.0,185.0,4.0,78.0,57.0,129.0
939,10.0,17.0,0.0,0.0,3.0,185.0,4.0,78.0,57.0,129.0
940,0.0,11.0,8.0,10.0,3.0,141.0,0.0,53.0,37.0,119.0
941,0.0,11.0,8.0,10.0,3.0,141.0,0.0,53.0,37.0,119.0
942,0.0,5.0,5.0,7.0,0.0,137.0,0.0,62.0,105.0,150.0
943,0.0,5.0,5.0,7.0,0.0,137.0,0.0,62.0,105.0,150.0
944,0.0,14.0,5.0,9.0,0.0,138.0,0.0,72.0,88.0,209.0
945,0.0,14.0,5.0,9.0,0.0,138.0,0.0,72.0,88.0,209.0
946,6.0,12.0,0.0,14.0,0.0,71.0,0.0,73.0,59.0,152.0
947,6.0,12.0,0.0,14.0,0.0,71.0,0.0,73.0,59.0,152.0
948,8.0,7.0,5.0,13.0,9.0,38.0,0.0,100.0,60.0,68.0
949,8.0,7.0,5.0,13.0,9.0,38.0,0.0,100.0,60.0,68.0
950,6.0,7.0,7.0,16.0,19.0,22.0,0.0,71.0,75.0,38.0
951,6.0,7.0,7.0,16.0,19.0,22.0,0.0,71.0,75.0,38.0
952,6.0,8.0,9.0,21.0,19.0,24.0,0.0,61.0,72.0,36.0
953,6.0,8.0,9.0,21.0,19.0,24.0,0.0,61.0,72.0,36.0
954,6.0,7.0,12.0,21.0,0.0,36.0,6.0,51.0,76.0,26.0
955,6.0,7.0,12.0,21.0,0.0,36.0,6.0,51.0,76.0,26.0
956,3.0,9.0,6.0,20.0,22.0,66.0,7.0,59.0,78.0,31.0
957,3.0,9.0,6.0,20.0,22.0,66.0,7.0,59.0,78.0,31.0
958,8.0,11.0,2.0,12.0,27.0,52.0,15.0,70.0,62.0,37.0
959,8.0,11.0,2.0,12.0,27.0,52.0,15.0,70.0,62.0,37.0
960,14.0,18.0,2.0,19.0,19.0,35.0,22.0,69.0,44.0,35.0
961,14.0,18.0,2.0,19.0,19.0,35.0,22.0,69.0,44.0,35.0
962,15.0,26.0,2.0,23.0,11.0,28.0,29.0,87.0,54.0,44.0
963,15.0,26.0,2.0,23.0,11.0,28.0,29.0,87.0,54.0,44.0
964,14.0,29.0,2.0,25.0,20.0,51.0,23.0,94.0,56.0,41.0
965,14.0,29.0,2.0,25.0,20.0,51.0,23.0,94.0,56.0,41.0
966,12.0,23.0,3.0,18.0,24.0,64.0,7.0,98.0,63.0,45.0
967,12.0,23.0,3.0,18.0,24.0,64.0,7.0,98.0,63.0,45.0
968,13.0,25.0,5.0,19.0,29.0,61.0,5.0,89.0,67.0,53.0
969,13.0,25.0,5.0,19.0,29.0,61.0,5.0,89.0,67.0,53.0
970,16.0,24.0,4.0,15.0,30.0,62.0,3.0,129.0,71.0,72.0
971,16.0,24.0,4.0,15.0,30.0,62.0,3.0,129.0,71.0,72.0
972,6.0,23.0,3.0,12.0,44.0,73.0,21.0,91.0,98.0,64.0
973,6.0,23.0,3.0,12.0,44.0,73.0,21.0,91.0,98.0,64.0
974,5.0,24.0,3.0,16.0,98.0,98.0,15.0,59.0,128.0,63.0
975,5.0,24.0,3.0,16.0,98.0,98.0,15.0,59.0,128.0,63.0
976,5.0,25.0,4.0,18.0,48.0,131.0,11.0,17.0,126.0,81.0
977,5.0,25.0,4.0,18.0,48.0,131.0,11.0,17.0,126.0,81.0
978,6.0,16.0,5.0,9.0,26.0,128.0,10.0,14.0,141.0,90.0
979,6.0,16.0,5.0,9.0,26.0,128.0,10.0,14.0,141.0,90.0
980,4.0,22.0,5.0,14.0,31.0,124.0,11.0,14.0,184.0,102.0
981,4.0,22.0,5.0,14.0,31.0,124.0,11.0,14.0,184.0,102.0
982,2.0,31.0,3.0,17.0,24.0,137.0,6.0,21.0,184.0,111.0
983,2.0,31.0,3.0,17.0,24.0,137.0,6.0,21.0,184.0,111.0
984,2.0,34.0,5.0,14.0,28.0,151.0,6.0,33.0,159.0,107.0
985,2.0,34.0,5.0,14.0,28.0,151.0,6.0,33.0,159.0,107.0
986,4.0,43.0,10.0,15.0,77.0,153.0,0.0,37.0,133.0,100.0
987,4.0,43.0,10.0,15.0,77.0,153.0,0.0,37.0,133.0,100.0
988,4.0,64.0,0.0,17.0,78.0,160.0,9.0,34.0,144.0,119.0
989,4.0,64.0,0.0,17.0,78.0,160.0,9.0,34.0,144.0,119.0
990,6.0,90.0,6.0,19.0,59.0,171.0,9.0,28.0,202.0,128.0
991,6.0,90.0,6.0,19.0,59.0,171.0,9.0,28.0,202.0,128.0
992,7.0,83.0,5.0,13.0,42.0,170.0,23.0,32.0,222.0,138.0
993,7.0,83.0,5.0,13.0,42.0,170.0,23.0,32.0,222.0,138.0
994,6.0,82.0,3.0,16.0,23.0,131.0,34.0,44.0,216.0,128.0
995,6.0,82.0,3.0,16.0,23.0,131.0,34.0,44.0,216.0,128.0
996,5.0,87.0,2.0,21.0,39.0,106.0,24.0,54.0,222.0,111.0
997,5.0,87.0,2.0,21.0,39.0,106.0,24.0,54.0,222.0,111.0
998,5.0,103.0,2.0,29.0,44.0,134.0,2.0,60.0,189.0,100.0
999,5.0,103.0,2.0,29.0,44.0,134.0,2.0,60.0,189.0,100.0
