,traffic-nj511-minutes-i-87_from_west_230th_street_to_i-80_via_the_upper_level,traffic-nj511-minutes-harlem_river_drive_from_the_triborough_bridge_to_i-80_via_the_upper_level,traffic-nj511-minutes-i-87_from_the_triborough_bridge_to_i-80_via_the_lower_level,traffic-nj511-minutes-i-87_from_west_230th_street_to_i-80_via_the_lower_level,traffic-nj511-minutes-i-87_from_the_triborough_bridge_to_i-80_via_the_upper_level,traffic-nj511-minutes-harlem_river_drive_from_the_triborough_bridge_to_i-80_via_the_lower_level
0,22.0,42.0,37.0,21.0,39.0,41.0
1,22.0,48.0,38.0,21.0,41.0,41.0
2,21.0,43.0,40.0,20.0,42.0,47.0
3,22.0,44.0,41.0,21.0,40.0,42.0
4,21.0,44.0,39.0,20.0,41.0,44.0
5,22.0,43.0,39.0,21.0,40.0,43.0
6,21.0,42.0,39.0,20.0,39.0,42.0
7,22.0,44.0,37.0,20.0,40.0,41.0
8,23.0,45.0,38.0,21.0,41.0,42.0
9,23.0,41.0,39.0,21.0,40.0,43.0
10,22.0,41.0,39.0,21.0,39.0,40.0
11,23.0,36.0,38.0,22.0,39.0,41.0
12,23.0,38.0,38.0,22.0,38.0,36.0
13,22.0,40.0,38.0,21.0,38.0,38.0
14,21.0,39.0,38.0,20.0,38.0,40.0
15,21.0,42.0,37.0,20.0,38.0,38.0
16,21.0,38.0,37.0,20.0,37.0,41.0
17,21.0,32.0,36.0,20.0,35.0,38.0
18,20.0,33.0,34.0,19.0,32.0,32.0
19,19.0,32.0,32.0,19.0,31.0,33.0
20,19.0,31.0,31.0,18.0,31.0,32.0
21,19.0,27.0,30.0,18.0,31.0,30.0
22,21.0,26.0,30.0,20.0,31.0,26.0
23,21.0,25.0,30.0,20.0,31.0,26.0
24,22.0,25.0,30.0,22.0,31.0,24.0
25,23.0,23.0,30.0,22.0,32.0,24.0
26,23.0,24.0,31.0,23.0,31.0,23.0
27,23.0,23.0,31.0,22.0,32.0,23.0
28,23.0,22.0,31.0,23.0,31.0,22.0
29,23.0,25.0,30.0,22.0,29.0,22.0
30,22.0,26.0,29.0,23.0,28.0,25.0
31,23.0,21.0,28.0,23.0,28.0,26.0
32,22.0,23.0,28.0,22.0,25.0,21.0
33,22.0,23.0,25.0,22.0,24.0,22.0
34,22.0,22.0,23.0,21.0,23.0,22.0
35,21.0,22.0,22.0,20.0,21.0,21.0
36,20.0,21.0,20.0,18.0,21.0,21.0
37,18.0,19.0,20.0,17.0,20.0,20.0
38,16.0,18.0,19.0,15.0,20.0,18.0
39,16.0,18.0,19.0,15.0,20.0,17.0
40,16.0,18.0,19.0,15.0,20.0,17.0
41,15.0,17.0,19.0,14.0,19.0,17.0
42,14.0,15.0,19.0,14.0,19.0,17.0
43,13.0,14.0,19.0,14.0,18.0,16.0
44,13.0,14.0,18.0,13.0,18.0,14.0
45,13.0,13.0,18.0,13.0,19.0,14.0
46,13.0,13.0,19.0,13.0,19.0,13.0
47,14.0,13.0,19.0,14.0,19.0,13.0
48,15.0,13.0,18.0,14.0,19.0,12.0
49,16.0,14.0,19.0,15.0,19.0,12.0
50,16.0,13.0,18.0,15.0,19.0,12.0
51,17.0,13.0,18.0,15.0,19.0,12.0
52,16.0,14.0,18.0,14.0,19.0,12.0
53,16.0,15.0,17.0,15.0,18.0,13.0
54,17.0,15.0,17.0,16.0,18.0,14.0
55,16.0,18.0,17.0,15.0,19.0,14.0
56,16.0,17.0,17.0,15.0,19.0,16.0
57,17.0,18.0,17.0,15.0,18.0,15.0
58,16.0,18.0,17.0,15.0,20.0,16.0
59,17.0,17.0,18.0,15.0,20.0,16.0
60,15.0,17.0,18.0,13.0,21.0,15.0
61,15.0,16.0,19.0,14.0,21.0,15.0
62,15.0,17.0,19.0,13.0,20.0,14.0
63,15.0,18.0,19.0,13.0,22.0,15.0
64,14.0,18.0,20.0,13.0,21.0,16.0
65,14.0,18.0,19.0,13.0,20.0,16.0
66,14.0,16.0,19.0,13.0,20.0,16.0
67,14.0,15.0,18.0,12.0,18.0,15.0
68,14.0,14.0,17.0,13.0,17.0,14.0
69,14.0,12.0,16.0,13.0,17.0,13.0
70,13.0,12.0,17.0,13.0,17.0,12.0
71,13.0,11.0,16.0,13.0,16.0,11.0
72,14.0,11.0,15.0,13.0,15.0,11.0
73,14.0,11.0,14.0,13.0,14.0,11.0
74,13.0,11.0,14.0,13.0,14.0,11.0
75,13.0,11.0,14.0,13.0,14.0,11.0
76,13.0,11.0,13.0,13.0,13.0,11.0
77,12.0,11.0,13.0,12.0,13.0,11.0
78,12.0,11.0,13.0,12.0,12.0,11.0
79,12.0,11.0,13.0,12.0,12.0,11.0
80,12.0,11.0,12.0,12.0,12.0,11.0
81,12.0,11.0,12.0,12.0,12.0,11.0
82,12.0,11.0,12.0,12.0,12.0,11.0
83,12.0,11.0,12.0,12.0,12.0,11.0
84,12.0,11.0,12.0,12.0,12.0,11.0
85,12.0,11.0,12.0,12.0,12.0,11.0
86,11.0,11.0,11.0,11.0,12.0,11.0
87,11.0,11.0,11.0,11.0,12.0,11.0
88,11.0,11.0,11.0,11.0,12.0,11.0
89,11.0,11.0,11.0,11.0,12.0,11.0
90,11.0,11.0,11.0,11.0,12.0,11.0
91,11.0,11.0,11.0,11.0,12.0,11.0
92,11.0,11.0,11.0,11.0,12.0,11.0
93,11.0,11.0,11.0,11.0,12.0,11.0
94,11.0,11.0,12.0,11.0,12.0,11.0
95,11.0,11.0,12.0,11.0,12.0,11.0
96,11.0,11.0,11.0,11.0,12.0,11.0
97,11.0,11.0,11.0,11.0,12.0,11.0
98,11.0,11.0,11.0,11.0,12.0,11.0
99,11.0,11.0,12.0,11.0,12.0,11.0
100,11.0,12.0,12.0,11.0,12.0,11.0
101,11.0,12.0,12.0,11.0,13.0,11.0
102,12.0,14.0,15.0,14.0,13.0,12.0
103,12.0,15.0,15.0,14.0,14.0,14.0
104,12.0,15.0,15.0,14.0,14.0,15.0
105,13.0,16.0,12.0,11.0,14.0,12.0
106,13.0,15.0,12.0,11.0,14.0,13.0
107,13.0,14.0,12.0,11.0,15.0,12.0
108,14.0,16.0,14.0,13.0,14.0,13.0
109,13.0,22.0,13.0,12.0,19.0,15.0
110,18.0,25.0,16.0,15.0,23.0,19.0
111,22.0,28.0,18.0,17.0,27.0,21.0
112,26.0,29.0,19.0,17.0,27.0,22.0
113,26.0,45.0,19.0,18.0,39.0,23.0
114,38.0,43.0,17.0,16.0,41.0,28.0
115,40.0,41.0,16.0,15.0,42.0,25.0
116,39.0,38.0,18.0,15.0,41.0,20.0
117,37.0,33.0,19.0,15.0,40.0,16.0
118,37.0,28.0,17.0,14.0,35.0,11.0
119,33.0,22.0,16.0,14.0,28.0,11.0
120,27.0,20.0,17.0,16.0,25.0,11.0
121,24.0,22.0,16.0,14.0,26.0,11.0
122,25.0,21.0,16.0,15.0,26.0,12.0
123,25.0,22.0,15.0,14.0,26.0,11.0
124,25.0,22.0,14.0,13.0,26.0,11.0
125,25.0,22.0,14.0,13.0,26.0,11.0
126,24.0,22.0,12.0,11.0,24.0,11.0
127,23.0,20.0,12.0,11.0,22.0,11.0
128,21.0,17.0,12.0,11.0,20.0,11.0
129,18.0,19.0,12.0,11.0,20.0,11.0
130,19.0,19.0,11.0,11.0,20.0,11.0
131,19.0,17.0,11.0,11.0,17.0,11.0
132,16.0,16.0,11.0,11.0,16.0,11.0
133,15.0,15.0,11.0,11.0,15.0,11.0
134,14.0,14.0,11.0,11.0,15.0,11.0
135,14.0,14.0,11.0,11.0,14.0,11.0
136,13.0,13.0,11.0,11.0,13.0,11.0
137,12.0,13.0,11.0,11.0,13.0,11.0
138,11.0,12.0,11.0,11.0,12.0,11.0
139,11.0,12.0,11.0,11.0,12.0,11.0
140,11.0,12.0,11.0,11.0,12.0,11.0
141,11.0,11.0,11.0,11.0,12.0,11.0
142,11.0,12.0,11.0,11.0,12.0,11.0
143,11.0,11.0,11.0,11.0,12.0,11.0
144,11.0,11.0,11.0,11.0,12.0,11.0
145,11.0,11.0,11.0,11.0,12.0,11.0
146,11.0,11.0,11.0,11.0,12.0,11.0
147,11.0,11.0,11.0,11.0,12.0,11.0
148,11.0,11.0,11.0,11.0,12.0,11.0
149,11.0,12.0,11.0,11.0,12.0,11.0
150,11.0,11.0,11.0,11.0,12.0,11.0
151,11.0,11.0,11.0,11.0,12.0,11.0
152,11.0,11.0,11.0,11.0,12.0,11.0
153,11.0,12.0,11.0,11.0,12.0,11.0
154,11.0,12.0,11.0,11.0,12.0,11.0
155,11.0,11.0,11.0,11.0,13.0,11.0
156,11.0,11.0,11.0,11.0,13.0,11.0
157,11.0,12.0,11.0,11.0,13.0,11.0
158,11.0,12.0,11.0,11.0,12.0,11.0
159,11.0,12.0,11.0,11.0,12.0,11.0
160,11.0,12.0,11.0,11.0,12.0,11.0
161,11.0,11.0,11.0,11.0,12.0,11.0
162,11.0,12.0,11.0,11.0,12.0,11.0
163,11.0,11.0,11.0,11.0,12.0,11.0
164,11.0,11.0,11.0,11.0,12.0,11.0
165,11.0,11.0,11.0,11.0,12.0,11.0
166,11.0,11.0,11.0,11.0,12.0,11.0
167,11.0,11.0,11.0,11.0,12.0,11.0
168,11.0,11.0,11.0,11.0,12.0,11.0
169,11.0,11.0,11.0,11.0,12.0,11.0
170,11.0,11.0,11.0,11.0,12.0,11.0
171,11.0,11.0,11.0,11.0,12.0,11.0
172,11.0,11.0,11.0,11.0,12.0,11.0
173,11.0,12.0,11.0,11.0,12.0,11.0
174,11.0,11.0,11.0,11.0,12.0,11.0
175,11.0,11.0,11.0,11.0,12.0,11.0
176,11.0,11.0,11.0,11.0,12.0,11.0
177,11.0,11.0,11.0,11.0,12.0,11.0
178,11.0,11.0,11.0,11.0,12.0,11.0
179,11.0,11.0,11.0,11.0,12.0,11.0
180,11.0,11.0,11.0,11.0,12.0,11.0
181,11.0,11.0,11.0,11.0,12.0,11.0
182,11.0,11.0,11.0,11.0,12.0,11.0
183,11.0,11.0,11.0,11.0,12.0,11.0
184,11.0,11.0,11.0,11.0,12.0,11.0
185,11.0,11.0,11.0,11.0,12.0,11.0
186,11.0,11.0,11.0,11.0,12.0,11.0
187,11.0,11.0,11.0,11.0,12.0,11.0
188,11.0,11.0,11.0,11.0,12.0,11.0
189,11.0,11.0,11.0,11.0,12.0,11.0
190,11.0,11.0,11.0,11.0,12.0,11.0
191,11.0,11.0,11.0,11.0,12.0,11.0
192,11.0,11.0,11.0,11.0,12.0,11.0
193,11.0,11.0,11.0,11.0,12.0,11.0
194,11.0,11.0,11.0,11.0,12.0,11.0
195,12.0,11.0,11.0,12.0,12.0,11.0
196,13.0,11.0,11.0,12.0,12.0,11.0
197,13.0,11.0,11.0,12.0,12.0,11.0
198,13.0,11.0,11.0,12.0,12.0,11.0
199,13.0,11.0,12.0,12.0,12.0,11.0
200,13.0,11.0,11.0,12.0,12.0,11.0
201,13.0,11.0,11.0,12.0,12.0,11.0
202,13.0,11.0,11.0,13.0,12.0,11.0
203,14.0,11.0,11.0,13.0,12.0,11.0
204,14.0,11.0,11.0,13.0,12.0,11.0
205,14.0,11.0,11.0,13.0,12.0,11.0
206,14.0,11.0,11.0,13.0,12.0,11.0
207,14.0,11.0,11.0,13.0,12.0,11.0
208,14.0,11.0,11.0,13.0,12.0,11.0
209,14.0,11.0,11.0,13.0,12.0,11.0
210,14.0,11.0,11.0,13.0,12.0,11.0
211,14.0,11.0,12.0,14.0,12.0,11.0
212,14.0,11.0,12.0,14.0,12.0,11.0
213,15.0,11.0,12.0,14.0,12.0,11.0
214,14.0,11.0,12.0,14.0,12.0,11.0
215,15.0,11.0,12.0,14.0,12.0,11.0
216,14.0,11.0,12.0,14.0,12.0,11.0
217,15.0,11.0,12.0,15.0,12.0,11.0
218,16.0,11.0,12.0,15.0,12.0,11.0
219,15.0,11.0,11.0,14.0,12.0,11.0
220,15.0,11.0,11.0,14.0,12.0,11.0
221,15.0,11.0,11.0,14.0,12.0,11.0
222,15.0,11.0,12.0,14.0,12.0,11.0
223,15.0,11.0,11.0,14.0,12.0,11.0
224,15.0,11.0,12.0,15.0,12.0,11.0
225,15.0,11.0,12.0,15.0,12.0,11.0
226,16.0,11.0,12.0,15.0,13.0,11.0
227,16.0,11.0,12.0,16.0,13.0,11.0
228,16.0,11.0,12.0,16.0,13.0,11.0
229,17.0,11.0,13.0,16.0,14.0,11.0
230,17.0,11.0,14.0,17.0,14.0,11.0
231,17.0,11.0,14.0,17.0,14.0,11.0
232,17.0,12.0,14.0,17.0,14.0,12.0
233,16.0,12.0,14.0,16.0,15.0,12.0
234,17.0,11.0,15.0,17.0,15.0,12.0
235,17.0,11.0,15.0,18.0,15.0,12.0
236,17.0,12.0,16.0,18.0,15.0,13.0
237,16.0,11.0,16.0,18.0,15.0,12.0
238,16.0,12.0,16.0,17.0,15.0,13.0
239,16.0,12.0,16.0,17.0,16.0,12.0
240,17.0,14.0,16.0,17.0,16.0,14.0
241,16.0,14.0,15.0,16.0,16.0,14.0
242,15.0,14.0,16.0,14.0,16.0,13.0
243,15.0,14.0,16.0,14.0,17.0,14.0
244,15.0,15.0,16.0,14.0,17.0,15.0
245,15.0,14.0,16.0,14.0,17.0,13.0
246,16.0,13.0,16.0,15.0,17.0,12.0
247,16.0,12.0,16.0,15.0,17.0,11.0
248,16.0,12.0,16.0,14.0,17.0,11.0
249,15.0,12.0,16.0,14.0,18.0,11.0
250,17.0,12.0,17.0,16.0,19.0,11.0
251,19.0,13.0,19.0,18.0,19.0,13.0
252,18.0,15.0,20.0,18.0,20.0,16.0
253,20.0,16.0,22.0,21.0,24.0,17.0
254,21.0,22.0,24.0,22.0,22.0,23.0
255,22.0,16.0,22.0,22.0,23.0,16.0
256,23.0,17.0,22.0,22.0,24.0,17.0
257,23.0,17.0,23.0,22.0,25.0,17.0
258,23.0,16.0,24.0,21.0,25.0,15.0
259,23.0,17.0,24.0,22.0,23.0,16.0
260,22.0,15.0,22.0,21.0,22.0,15.0
261,22.0,16.0,22.0,22.0,24.0,15.0
262,26.0,16.0,22.0,25.0,24.0,15.0
263,24.0,16.0,23.0,23.0,24.0,15.0
264,25.0,16.0,23.0,25.0,24.0,15.0
265,24.0,15.0,23.0,23.0,26.0,15.0
266,24.0,14.0,25.0,24.0,27.0,14.0
267,24.0,14.0,26.0,24.0,27.0,13.0
268,24.0,13.0,26.0,23.0,29.0,12.0
269,24.0,14.0,27.0,22.0,26.0,12.0
270,24.0,13.0,25.0,23.0,24.0,13.0
271,24.0,13.0,24.0,23.0,25.0,13.0
272,23.0,13.0,25.0,23.0,25.0,13.0
273,22.0,13.0,24.0,21.0,24.0,12.0
274,21.0,13.0,23.0,19.0,25.0,12.0
275,20.0,13.0,23.0,19.0,22.0,12.0
276,21.0,13.0,21.0,19.0,23.0,12.0
277,23.0,13.0,22.0,22.0,24.0,12.0
278,21.0,13.0,22.0,19.0,24.0,12.0
279,21.0,14.0,22.0,20.0,24.0,12.0
280,20.0,14.0,22.0,19.0,24.0,13.0
281,21.0,14.0,22.0,19.0,25.0,13.0
282,22.0,15.0,23.0,20.0,25.0,13.0
283,22.0,15.0,23.0,20.0,22.0,13.0
284,22.0,15.0,20.0,20.0,22.0,14.0
285,22.0,15.0,20.0,21.0,24.0,15.0
286,22.0,16.0,22.0,20.0,25.0,15.0
287,22.0,15.0,23.0,20.0,22.0,15.0
288,21.0,15.0,20.0,20.0,24.0,15.0
289,21.0,15.0,22.0,20.0,25.0,14.0
290,24.0,15.0,24.0,22.0,27.0,14.0
291,24.0,14.0,26.0,22.0,25.0,13.0
292,21.0,15.0,24.0,20.0,24.0,14.0
293,21.0,15.0,23.0,19.0,25.0,14.0
294,21.0,14.0,24.0,20.0,26.0,14.0
295,22.0,14.0,26.0,21.0,23.0,14.0
296,21.0,15.0,21.0,19.0,24.0,14.0
297,21.0,15.0,22.0,19.0,23.0,14.0
298,23.0,15.0,24.0,23.0,24.0,16.0
299,23.0,15.0,25.0,24.0,22.0,17.0
300,23.0,16.0,22.0,22.0,22.0,16.0
301,22.0,16.0,21.0,21.0,22.0,16.0
302,22.0,17.0,20.0,20.0,20.0,16.0
303,21.0,18.0,18.0,19.0,20.0,16.0
304,21.0,18.0,18.0,19.0,22.0,17.0
305,20.0,19.0,19.0,18.0,21.0,17.0
306,20.0,16.0,18.0,18.0,20.0,15.0
307,21.0,16.0,18.0,18.0,20.0,14.0
308,19.0,16.0,18.0,17.0,21.0,14.0
309,20.0,15.0,19.0,18.0,21.0,14.0
310,20.0,16.0,20.0,18.0,22.0,15.0
311,23.0,16.0,21.0,22.0,25.0,15.0
312,24.0,17.0,24.0,23.0,23.0,16.0
313,24.0,17.0,21.0,23.0,25.0,16.0
314,26.0,17.0,23.0,24.0,27.0,16.0
315,27.0,17.0,25.0,25.0,26.0,16.0
316,28.0,18.0,24.0,26.0,26.0,17.0
317,28.0,16.0,25.0,26.0,26.0,15.0
318,27.0,19.0,24.0,25.0,27.0,17.0
319,29.0,18.0,25.0,27.0,28.0,17.0
320,23.0,17.0,27.0,22.0,29.0,16.0
321,24.0,17.0,27.0,23.0,29.0,16.0
322,26.0,19.0,27.0,24.0,30.0,18.0
323,30.0,19.0,28.0,28.0,28.0,18.0
324,33.0,21.0,26.0,31.0,29.0,20.0
325,34.0,21.0,28.0,33.0,27.0,20.0
326,34.0,17.0,26.0,33.0,28.0,17.0
327,31.0,20.0,25.0,28.0,28.0,18.0
328,31.0,19.0,26.0,29.0,30.0,17.0
329,30.0,18.0,28.0,28.0,30.0,16.0
330,31.0,18.0,28.0,28.0,32.0,16.0
331,30.0,16.0,29.0,28.0,34.0,14.0
332,31.0,17.0,32.0,29.0,34.0,15.0
333,31.0,17.0,32.0,29.0,27.0,15.0
334,29.0,18.0,26.0,27.0,24.0,17.0
335,24.0,18.0,22.0,22.0,25.0,17.0
336,25.0,20.0,22.0,22.0,25.0,18.0
337,25.0,18.0,21.0,21.0,24.0,16.0
338,24.0,19.0,22.0,22.0,24.0,18.0
339,25.0,18.0,22.0,22.0,23.0,17.0
340,23.0,19.0,22.0,21.0,25.0,19.0
341,23.0,18.0,24.0,22.0,24.0,18.0
342,23.0,19.0,22.0,22.0,24.0,18.0
343,22.0,19.0,23.0,21.0,26.0,19.0
344,25.0,18.0,25.0,24.0,29.0,17.0
345,25.0,18.0,27.0,23.0,32.0,17.0
346,27.0,16.0,30.0,25.0,34.0,15.0
347,27.0,18.0,32.0,25.0,33.0,17.0
348,20.0,17.0,32.0,19.0,29.0,17.0
349,20.0,17.0,29.0,19.0,32.0,17.0
350,22.0,20.0,30.0,21.0,30.0,19.0
351,23.0,21.0,28.0,21.0,31.0,20.0
352,22.0,22.0,31.0,22.0,30.0,23.0
353,22.0,24.0,29.0,21.0,28.0,24.0
354,24.0,24.0,27.0,23.0,29.0,24.0
355,22.0,25.0,28.0,21.0,29.0,24.0
356,22.0,26.0,28.0,21.0,30.0,25.0
357,22.0,26.0,29.0,21.0,29.0,24.0
358,26.0,27.0,29.0,25.0,30.0,26.0
359,24.0,27.0,30.0,24.0,29.0,27.0
360,21.0,27.0,28.0,20.0,30.0,28.0
361,23.0,27.0,30.0,23.0,30.0,27.0
362,23.0,27.0,29.0,21.0,33.0,26.0
363,22.0,26.0,32.0,21.0,32.0,26.0
364,22.0,25.0,31.0,21.0,33.0,24.0
365,21.0,27.0,31.0,19.0,34.0,26.0
366,24.0,23.0,33.0,23.0,34.0,22.0
367,23.0,23.0,33.0,22.0,34.0,22.0
368,24.0,28.0,32.0,22.0,35.0,27.0
369,25.0,27.0,33.0,23.0,35.0,26.0
370,25.0,28.0,31.0,21.0,34.0,25.0
371,25.0,30.0,30.0,22.0,34.0,27.0
372,29.0,31.0,31.0,27.0,32.0,29.0
373,25.0,31.0,30.0,23.0,31.0,29.0
374,24.0,35.0,30.0,22.0,32.0,34.0
375,24.0,38.0,30.0,22.0,29.0,37.0
376,21.0,38.0,28.0,21.0,28.0,38.0
377,22.0,37.0,28.0,22.0,29.0,37.0
378,23.0,32.0,28.0,22.0,30.0,32.0
379,23.0,30.0,28.0,21.0,33.0,29.0
380,23.0,30.0,30.0,21.0,35.0,28.0
381,24.0,28.0,32.0,21.0,37.0,26.0
382,23.0,27.0,35.0,20.0,37.0,26.0
383,22.0,29.0,34.0,20.0,36.0,27.0
384,22.0,27.0,34.0,20.0,39.0,26.0
385,21.0,30.0,38.0,20.0,40.0,29.0
386,24.0,31.0,39.0,23.0,41.0,31.0
387,23.0,33.0,41.0,23.0,40.0,33.0
388,24.0,39.0,41.0,25.0,41.0,40.0
389,24.0,43.0,42.0,25.0,41.0,45.0
390,23.0,42.0,42.0,23.0,42.0,42.0
391,22.0,41.0,41.0,22.0,44.0,41.0
392,21.0,41.0,43.0,20.0,43.0,40.0
393,20.0,37.0,41.0,18.0,40.0,35.0
394,20.0,37.0,37.0,18.0,39.0,35.0
395,21.0,40.0,37.0,18.0,42.0,37.0
396,21.0,39.0,40.0,19.0,43.0,37.0
397,22.0,43.0,41.0,20.0,41.0,41.0
398,19.0,48.0,38.0,17.0,38.0,46.0
399,21.0,51.0,36.0,19.0,37.0,49.0
400,19.0,52.0,35.0,17.0,38.0,50.0
401,19.0,52.0,35.0,17.0,34.0,50.0
402,19.0,49.0,33.0,18.0,37.0,48.0
403,21.0,50.0,36.0,19.0,36.0,49.0
404,23.0,46.0,34.0,21.0,36.0,45.0
405,22.0,43.0,34.0,21.0,36.0,42.0
406,24.0,36.0,35.0,23.0,38.0,35.0
407,25.0,34.0,37.0,24.0,37.0,33.0
408,27.0,34.0,36.0,26.0,37.0,33.0
409,30.0,35.0,35.0,28.0,33.0,34.0
410,29.0,37.0,32.0,28.0,34.0,35.0
411,30.0,38.0,32.0,29.0,37.0,37.0
412,30.0,38.0,36.0,29.0,36.0,37.0
413,29.0,35.0,35.0,28.0,35.0,34.0
414,29.0,36.0,34.0,28.0,39.0,35.0
415,29.0,38.0,38.0,28.0,37.0,37.0
416,30.0,40.0,36.0,28.0,39.0,39.0
417,30.0,40.0,37.0,29.0,38.0,39.0
418,29.0,42.0,37.0,28.0,40.0,41.0
419,31.0,38.0,39.0,30.0,42.0,37.0
420,30.0,35.0,40.0,29.0,43.0,33.0
421,30.0,33.0,42.0,29.0,39.0,32.0
422,28.0,32.0,37.0,26.0,40.0,31.0
423,25.0,33.0,39.0,23.0,40.0,32.0
424,25.0,32.0,38.0,23.0,37.0,31.0
425,25.0,34.0,36.0,24.0,37.0,33.0
426,26.0,36.0,35.0,24.0,36.0,35.0
427,26.0,37.0,34.0,24.0,37.0,36.0
428,25.0,40.0,35.0,24.0,39.0,38.0
429,25.0,39.0,37.0,23.0,41.0,37.0
430,24.0,36.0,39.0,22.0,42.0,34.0
431,23.0,34.0,40.0,21.0,39.0,32.0
432,22.0,34.0,38.0,21.0,40.0,33.0
433,22.0,31.0,38.0,20.0,40.0,30.0
434,24.0,31.0,38.0,22.0,38.0,29.0
435,19.0,32.0,37.0,18.0,39.0,30.0
436,20.0,31.0,38.0,19.0,39.0,30.0
437,19.0,30.0,37.0,18.0,38.0,29.0
438,18.0,31.0,37.0,17.0,36.0,30.0
439,18.0,33.0,36.0,18.0,36.0,33.0
440,19.0,35.0,35.0,18.0,37.0,34.0
441,19.0,38.0,36.0,19.0,34.0,37.0
442,21.0,36.0,33.0,20.0,34.0,36.0
443,20.0,36.0,33.0,19.0,34.0,35.0
444,18.0,35.0,34.0,17.0,35.0,34.0
445,18.0,38.0,34.0,17.0,36.0,37.0
446,20.0,38.0,35.0,18.0,35.0,37.0
447,19.0,38.0,34.0,18.0,34.0,37.0
448,18.0,37.0,33.0,17.0,34.0,37.0
449,18.0,40.0,33.0,17.0,35.0,39.0
450,18.0,38.0,34.0,17.0,34.0,37.0
451,18.0,34.0,33.0,17.0,34.0,33.0
452,18.0,30.0,33.0,17.0,33.0,29.0
453,17.0,30.0,32.0,16.0,32.0,29.0
454,17.0,31.0,31.0,16.0,31.0,30.0
455,17.0,32.0,30.0,16.0,31.0,31.0
456,16.0,33.0,30.0,15.0,30.0,32.0
457,17.0,33.0,29.0,16.0,29.0,32.0
458,17.0,32.0,28.0,16.0,28.0,31.0
459,17.0,33.0,28.0,16.0,27.0,32.0
460,16.0,30.0,26.0,15.0,28.0,29.0
461,17.0,30.0,27.0,16.0,29.0,29.0
462,17.0,27.0,28.0,16.0,30.0,26.0
463,16.0,25.0,29.0,15.0,34.0,25.0
464,17.0,23.0,32.0,15.0,32.0,22.0
465,17.0,23.0,31.0,15.0,31.0,21.0
466,16.0,23.0,30.0,15.0,32.0,22.0
467,16.0,22.0,30.0,14.0,32.0,20.0
468,17.0,19.0,30.0,15.0,31.0,18.0
469,17.0,19.0,29.0,15.0,29.0,17.0
470,18.0,18.0,28.0,16.0,30.0,17.0
471,18.0,18.0,29.0,17.0,29.0,17.0
472,19.0,18.0,28.0,17.0,28.0,17.0
473,17.0,19.0,26.0,15.0,26.0,18.0
474,15.0,19.0,25.0,14.0,26.0,18.0
475,15.0,19.0,25.0,13.0,23.0,17.0
476,13.0,20.0,22.0,12.0,24.0,19.0
477,13.0,20.0,23.0,12.0,22.0,19.0
478,14.0,22.0,20.0,12.0,22.0,20.0
479,14.0,22.0,21.0,12.0,21.0,21.0
480,14.0,23.0,20.0,13.0,22.0,21.0
481,14.0,21.0,21.0,13.0,21.0,20.0
482,14.0,22.0,20.0,12.0,22.0,21.0
483,14.0,22.0,20.0,12.0,22.0,21.0
484,14.0,21.0,20.0,12.0,20.0,19.0
485,13.0,20.0,18.0,12.0,19.0,19.0
486,14.0,18.0,18.0,12.0,18.0,17.0
487,14.0,18.0,17.0,12.0,17.0,17.0
488,14.0,21.0,15.0,12.0,17.0,20.0
489,14.0,22.0,15.0,13.0,16.0,21.0
490,14.0,18.0,15.0,13.0,15.0,17.0
491,14.0,23.0,14.0,13.0,15.0,21.0
492,14.0,22.0,14.0,13.0,15.0,21.0
493,14.0,21.0,13.0,13.0,14.0,20.0
494,13.0,21.0,12.0,11.0,13.0,19.0
495,12.0,22.0,12.0,11.0,13.0,20.0
496,12.0,15.0,12.0,11.0,13.0,14.0
497,12.0,14.0,12.0,11.0,12.0,13.0
498,11.0,12.0,12.0,11.0,12.0,12.0
499,11.0,11.0,12.0,11.0,12.0,11.0
500,11.0,11.0,12.0,11.0,12.0,11.0
501,11.0,11.0,12.0,11.0,13.0,11.0
502,11.0,11.0,13.0,11.0,13.0,11.0
503,11.0,11.0,13.0,11.0,12.0,11.0
504,11.0,11.0,13.0,11.0,13.0,11.0
505,11.0,11.0,13.0,11.0,12.0,11.0
506,11.0,11.0,12.0,11.0,12.0,11.0
507,11.0,11.0,12.0,11.0,12.0,11.0
508,11.0,11.0,11.0,11.0,12.0,11.0
509,11.0,11.0,12.0,11.0,12.0,11.0
510,11.0,12.0,12.0,11.0,12.0,11.0
511,11.0,12.0,12.0,11.0,13.0,11.0
512,12.0,12.0,12.0,11.0,13.0,11.0
513,12.0,12.0,12.0,11.0,13.0,11.0
514,12.0,12.0,12.0,11.0,13.0,11.0
515,12.0,12.0,12.0,11.0,13.0,11.0
516,12.0,12.0,12.0,11.0,14.0,11.0
517,13.0,12.0,12.0,11.0,13.0,11.0
518,12.0,13.0,12.0,11.0,13.0,11.0
519,13.0,13.0,12.0,11.0,13.0,11.0
520,12.0,12.0,11.0,11.0,13.0,11.0
521,12.0,12.0,11.0,11.0,12.0,11.0
522,11.0,11.0,12.0,11.0,12.0,11.0
523,11.0,11.0,11.0,11.0,12.0,11.0
524,11.0,11.0,12.0,11.0,12.0,11.0
525,11.0,11.0,12.0,11.0,12.0,11.0
526,11.0,11.0,12.0,11.0,12.0,11.0
527,11.0,11.0,12.0,11.0,13.0,11.0
528,12.0,12.0,16.0,15.0,13.0,15.0
529,12.0,12.0,16.0,15.0,14.0,14.0
530,13.0,14.0,11.0,11.0,14.0,11.0
531,13.0,14.0,11.0,11.0,15.0,11.0
532,15.0,15.0,11.0,11.0,16.0,11.0
533,15.0,15.0,11.0,11.0,15.0,11.0
534,14.0,14.0,11.0,11.0,15.0,11.0
535,14.0,15.0,11.0,11.0,15.0,11.0
536,14.0,17.0,11.0,11.0,15.0,11.0
537,14.0,19.0,11.0,11.0,28.0,13.0
538,27.0,32.0,12.0,11.0,29.0,17.0
539,28.0,32.0,12.0,12.0,32.0,16.0
540,31.0,28.0,16.0,15.0,34.0,13.0
541,33.0,28.0,17.0,16.0,33.0,13.0
542,32.0,25.0,16.0,15.0,30.0,11.0
543,29.0,25.0,13.0,12.0,25.0,11.0
544,24.0,20.0,12.0,11.0,22.0,11.0
545,22.0,18.0,12.0,11.0,21.0,11.0
546,21.0,18.0,13.0,12.0,22.0,11.0
547,21.0,18.0,12.0,12.0,20.0,11.0
548,19.0,17.0,13.0,12.0,20.0,11.0
549,19.0,17.0,12.0,11.0,19.0,11.0
550,18.0,17.0,12.0,11.0,18.0,11.0
551,18.0,17.0,12.0,11.0,18.0,11.0
552,17.0,16.0,11.0,11.0,17.0,11.0
553,15.0,15.0,11.0,11.0,16.0,11.0
554,15.0,15.0,11.0,11.0,16.0,11.0
555,14.0,15.0,11.0,11.0,15.0,11.0
556,14.0,15.0,11.0,11.0,15.0,11.0
557,13.0,14.0,11.0,11.0,14.0,11.0
558,13.0,14.0,11.0,11.0,14.0,11.0
559,12.0,14.0,11.0,11.0,13.0,11.0
560,12.0,13.0,11.0,11.0,13.0,11.0
561,11.0,11.0,11.0,11.0,12.0,11.0
562,11.0,11.0,11.0,11.0,12.0,11.0
563,11.0,11.0,11.0,11.0,12.0,11.0
564,11.0,11.0,11.0,11.0,12.0,11.0
565,11.0,11.0,11.0,11.0,12.0,11.0
566,11.0,11.0,11.0,11.0,12.0,11.0
567,11.0,11.0,11.0,11.0,12.0,11.0
568,11.0,11.0,11.0,11.0,12.0,11.0
569,11.0,11.0,11.0,11.0,12.0,11.0
570,11.0,11.0,11.0,11.0,12.0,11.0
571,11.0,11.0,11.0,11.0,12.0,11.0
572,11.0,11.0,11.0,11.0,12.0,11.0
573,11.0,11.0,11.0,11.0,12.0,11.0
574,11.0,11.0,11.0,11.0,12.0,11.0
575,11.0,11.0,11.0,11.0,12.0,11.0
576,11.0,11.0,11.0,11.0,12.0,11.0
577,11.0,11.0,11.0,11.0,12.0,11.0
578,11.0,11.0,11.0,11.0,12.0,11.0
579,11.0,11.0,11.0,11.0,12.0,11.0
580,11.0,11.0,11.0,11.0,12.0,11.0
581,11.0,11.0,11.0,11.0,12.0,11.0
582,11.0,11.0,11.0,11.0,12.0,11.0
583,11.0,11.0,11.0,11.0,12.0,11.0
584,11.0,11.0,11.0,11.0,12.0,11.0
585,11.0,11.0,11.0,11.0,12.0,11.0
586,11.0,11.0,11.0,11.0,12.0,11.0
587,11.0,11.0,11.0,11.0,12.0,11.0
588,11.0,11.0,11.0,11.0,12.0,11.0
589,11.0,11.0,11.0,11.0,12.0,11.0
590,11.0,11.0,11.0,11.0,12.0,11.0
591,11.0,11.0,11.0,11.0,12.0,11.0
592,11.0,11.0,11.0,11.0,12.0,11.0
593,11.0,11.0,11.0,11.0,12.0,11.0
594,11.0,11.0,11.0,11.0,12.0,11.0
595,11.0,11.0,11.0,11.0,12.0,11.0
596,11.0,11.0,11.0,11.0,12.0,11.0
597,11.0,11.0,11.0,11.0,12.0,11.0
598,11.0,11.0,11.0,11.0,12.0,11.0
599,11.0,11.0,11.0,11.0,12.0,11.0
600,11.0,11.0,11.0,11.0,12.0,11.0
601,11.0,11.0,11.0,11.0,12.0,11.0
602,11.0,11.0,11.0,11.0,12.0,11.0
603,11.0,11.0,11.0,11.0,12.0,11.0
604,11.0,11.0,11.0,11.0,12.0,11.0
605,11.0,11.0,11.0,11.0,12.0,11.0
606,11.0,11.0,11.0,11.0,12.0,11.0
607,11.0,11.0,11.0,11.0,12.0,11.0
608,11.0,11.0,11.0,11.0,12.0,11.0
609,11.0,11.0,11.0,11.0,12.0,11.0
610,11.0,11.0,11.0,11.0,12.0,11.0
611,11.0,11.0,11.0,11.0,12.0,11.0
612,11.0,11.0,11.0,11.0,12.0,11.0
613,11.0,11.0,11.0,11.0,12.0,11.0
614,11.0,11.0,11.0,11.0,12.0,11.0
615,11.0,11.0,11.0,11.0,12.0,11.0
616,11.0,11.0,11.0,11.0,12.0,11.0
617,11.0,11.0,11.0,11.0,12.0,11.0
618,11.0,11.0,11.0,11.0,12.0,11.0
619,11.0,11.0,11.0,11.0,12.0,11.0
620,11.0,11.0,11.0,11.0,12.0,11.0
621,11.0,11.0,11.0,11.0,12.0,11.0
622,11.0,11.0,11.0,11.0,12.0,11.0
623,11.0,11.0,11.0,11.0,12.0,11.0
624,11.0,11.0,11.0,11.0,12.0,11.0
625,11.0,11.0,11.0,11.0,12.0,11.0
626,11.0,11.0,11.0,11.0,12.0,11.0
627,11.0,11.0,11.0,11.0,12.0,11.0
628,11.0,11.0,11.0,11.0,12.0,11.0
629,11.0,11.0,11.0,11.0,12.0,11.0
630,11.0,11.0,11.0,11.0,12.0,11.0
631,11.0,11.0,11.0,11.0,12.0,11.0
632,11.0,11.0,11.0,11.0,12.0,11.0
633,11.0,11.0,11.0,11.0,12.0,11.0
634,11.0,11.0,11.0,11.0,12.0,11.0
635,11.0,11.0,11.0,11.0,12.0,11.0
636,11.0,11.0,11.0,11.0,12.0,11.0
637,11.0,11.0,11.0,11.0,12.0,11.0
638,11.0,11.0,11.0,11.0,12.0,11.0
639,11.0,11.0,11.0,11.0,12.0,11.0
640,11.0,11.0,11.0,11.0,12.0,11.0
641,11.0,11.0,11.0,11.0,12.0,11.0
642,11.0,11.0,11.0,11.0,12.0,11.0
643,11.0,11.0,11.0,11.0,12.0,11.0
644,11.0,11.0,11.0,11.0,12.0,11.0
645,11.0,11.0,11.0,11.0,12.0,11.0
646,11.0,11.0,11.0,11.0,12.0,11.0
647,11.0,11.0,11.0,11.0,12.0,11.0
648,11.0,11.0,11.0,11.0,12.0,11.0
649,11.0,11.0,11.0,11.0,12.0,11.0
650,11.0,11.0,11.0,11.0,12.0,11.0
651,11.0,11.0,11.0,11.0,12.0,11.0
652,11.0,11.0,11.0,11.0,12.0,11.0
653,11.0,11.0,13.0,12.0,12.0,12.0
654,11.0,11.0,11.0,11.0,12.0,11.0
655,11.0,11.0,11.0,11.0,12.0,11.0
656,11.0,11.0,11.0,11.0,12.0,11.0
657,11.0,11.0,11.0,11.0,12.0,11.0
658,12.0,12.0,11.0,11.0,13.0,11.0
659,11.0,12.0,11.0,11.0,12.0,11.0
660,11.0,12.0,11.0,11.0,12.0,11.0
661,11.0,11.0,11.0,11.0,12.0,11.0
662,11.0,11.0,11.0,11.0,12.0,11.0
663,11.0,11.0,11.0,11.0,12.0,11.0
664,11.0,11.0,11.0,11.0,12.0,11.0
665,11.0,11.0,11.0,11.0,12.0,11.0
666,11.0,11.0,11.0,11.0,12.0,11.0
667,11.0,11.0,11.0,11.0,12.0,11.0
668,11.0,11.0,11.0,11.0,12.0,11.0
669,11.0,11.0,11.0,11.0,12.0,11.0
670,11.0,11.0,11.0,11.0,12.0,11.0
671,11.0,11.0,11.0,11.0,12.0,11.0
672,11.0,11.0,14.0,13.0,12.0,14.0
673,11.0,11.0,11.0,11.0,12.0,11.0
674,11.0,11.0,11.0,11.0,12.0,11.0
675,11.0,11.0,11.0,11.0,12.0,11.0
676,11.0,11.0,11.0,11.0,12.0,11.0
677,11.0,11.0,11.0,11.0,12.0,11.0
678,11.0,11.0,11.0,11.0,12.0,11.0
679,11.0,11.0,11.0,11.0,12.0,11.0
680,11.0,11.0,11.0,11.0,12.0,11.0
681,12.0,11.0,11.0,11.0,12.0,11.0
682,12.0,11.0,11.0,11.0,12.0,11.0
683,12.0,11.0,11.0,11.0,12.0,11.0
684,12.0,11.0,12.0,12.0,12.0,11.0
685,12.0,11.0,12.0,12.0,12.0,11.0
686,12.0,11.0,12.0,12.0,12.0,11.0
687,13.0,12.0,12.0,12.0,12.0,11.0
688,13.0,11.0,11.0,12.0,12.0,11.0
689,13.0,11.0,11.0,13.0,12.0,11.0
690,14.0,11.0,11.0,13.0,12.0,11.0
691,15.0,11.0,11.0,14.0,12.0,11.0
692,15.0,11.0,12.0,14.0,12.0,11.0
693,16.0,11.0,12.0,15.0,12.0,11.0
694,16.0,11.0,12.0,15.0,12.0,11.0
695,16.0,11.0,12.0,16.0,12.0,11.0
696,16.0,11.0,12.0,16.0,12.0,11.0
697,16.0,11.0,12.0,16.0,12.0,11.0
698,16.0,11.0,12.0,16.0,12.0,11.0
699,16.0,11.0,12.0,16.0,12.0,11.0
700,16.0,11.0,12.0,16.0,12.0,11.0
701,15.0,11.0,12.0,15.0,12.0,11.0
702,16.0,11.0,12.0,16.0,12.0,11.0
703,17.0,11.0,11.0,16.0,12.0,11.0
704,17.0,11.0,11.0,16.0,12.0,11.0
705,18.0,11.0,12.0,17.0,13.0,11.0
706,18.0,11.0,12.0,17.0,13.0,11.0
707,17.0,11.0,11.0,17.0,12.0,11.0
708,18.0,11.0,12.0,17.0,12.0,11.0
709,18.0,11.0,12.0,17.0,12.0,11.0
710,18.0,11.0,12.0,17.0,13.0,11.0
711,17.0,11.0,13.0,17.0,13.0,11.0
712,18.0,11.0,13.0,18.0,13.0,11.0
713,17.0,11.0,14.0,17.0,14.0,11.0
714,18.0,11.0,15.0,18.0,14.0,11.0
715,18.0,11.0,15.0,18.0,15.0,11.0
716,17.0,11.0,14.0,17.0,14.0,11.0
717,17.0,11.0,15.0,16.0,15.0,11.0
718,17.0,11.0,16.0,17.0,16.0,11.0
719,17.0,12.0,17.0,17.0,17.0,12.0
720,17.0,12.0,17.0,17.0,17.0,12.0
721,19.0,14.0,17.0,17.0,19.0,12.0
722,21.0,14.0,18.0,19.0,20.0,12.0
723,22.0,14.0,20.0,20.0,22.0,12.0
724,20.0,14.0,19.0,19.0,21.0,13.0
725,20.0,13.0,20.0,19.0,21.0,12.0
726,20.0,13.0,23.0,20.0,23.0,13.0
727,19.0,14.0,25.0,19.0,25.0,14.0
728,19.0,14.0,24.0,20.0,24.0,14.0
729,21.0,15.0,25.0,21.0,25.0,15.0
730,19.0,15.0,25.0,19.0,25.0,15.0
731,22.0,16.0,24.0,21.0,24.0,16.0
732,19.0,17.0,22.0,18.0,23.0,16.0
733,18.0,16.0,21.0,17.0,23.0,15.0
734,19.0,17.0,23.0,17.0,25.0,16.0
735,18.0,17.0,19.0,16.0,21.0,15.0
736,19.0,16.0,18.0,17.0,21.0,13.0
737,21.0,16.0,20.0,18.0,23.0,14.0
738,21.0,17.0,21.0,18.0,24.0,15.0
739,26.0,16.0,21.0,24.0,24.0,13.0
740,24.0,16.0,21.0,22.0,24.0,14.0
741,17.0,14.0,20.0,15.0,22.0,12.0
742,18.0,14.0,20.0,16.0,22.0,12.0
743,18.0,14.0,18.0,16.0,20.0,12.0
744,18.0,13.0,18.0,15.0,20.0,11.0
745,17.0,13.0,18.0,15.0,20.0,11.0
746,17.0,13.0,19.0,15.0,21.0,11.0
747,18.0,13.0,20.0,16.0,22.0,11.0
748,17.0,13.0,18.0,15.0,20.0,11.0
749,17.0,13.0,18.0,15.0,20.0,11.0
750,17.0,14.0,18.0,14.0,21.0,11.0
751,17.0,14.0,18.0,14.0,20.0,12.0
752,17.0,14.0,19.0,15.0,22.0,12.0
753,17.0,15.0,21.0,15.0,24.0,12.0
754,17.0,15.0,22.0,15.0,24.0,13.0
755,17.0,16.0,22.0,15.0,24.0,15.0
756,17.0,16.0,22.0,16.0,23.0,16.0
757,18.0,16.0,25.0,19.0,24.0,17.0
758,17.0,16.0,25.0,18.0,24.0,17.0
759,17.0,16.0,27.0,18.0,26.0,17.0
760,17.0,15.0,24.0,16.0,24.0,15.0
761,18.0,15.0,23.0,18.0,24.0,14.0
762,19.0,16.0,20.0,18.0,21.0,15.0
763,18.0,16.0,20.0,17.0,21.0,15.0
764,20.0,17.0,21.0,18.0,23.0,16.0
765,20.0,18.0,22.0,19.0,23.0,17.0
766,20.0,18.0,23.0,19.0,23.0,17.0
767,19.0,17.0,24.0,18.0,24.0,16.0
768,19.0,16.0,27.0,19.0,27.0,16.0
769,20.0,17.0,25.0,20.0,25.0,17.0
770,20.0,17.0,24.0,20.0,24.0,18.0
771,21.0,15.0,24.0,21.0,24.0,15.0
772,22.0,16.0,22.0,21.0,23.0,15.0
773,22.0,17.0,20.0,20.0,21.0,16.0
774,21.0,16.0,18.0,20.0,20.0,15.0
775,21.0,15.0,18.0,19.0,21.0,13.0
776,20.0,14.0,19.0,18.0,21.0,13.0
777,19.0,13.0,19.0,18.0,20.0,12.0
778,19.0,13.0,19.0,17.0,21.0,13.0
779,19.0,13.0,24.0,17.0,25.0,13.0
780,19.0,13.0,24.0,17.0,25.0,13.0
781,21.0,13.0,22.0,20.0,24.0,13.0
782,23.0,13.0,21.0,22.0,22.0,13.0
783,28.0,15.0,20.0,26.0,22.0,14.0
784,29.0,15.0,19.0,27.0,21.0,14.0
785,30.0,17.0,19.0,28.0,21.0,15.0
786,28.0,16.0,19.0,25.0,21.0,13.0
787,29.0,17.0,20.0,27.0,23.0,15.0
788,28.0,17.0,19.0,25.0,22.0,14.0
789,29.0,16.0,17.0,26.0,21.0,14.0
790,28.0,16.0,18.0,25.0,20.0,14.0
791,29.0,15.0,17.0,27.0,19.0,14.0
792,28.0,15.0,17.0,26.0,19.0,15.0
793,28.0,15.0,16.0,27.0,18.0,14.0
794,29.0,15.0,16.0,28.0,18.0,15.0
795,29.0,15.0,16.0,28.0,18.0,14.0
796,27.0,15.0,17.0,27.0,18.0,15.0
797,29.0,15.0,17.0,28.0,18.0,15.0
798,30.0,16.0,17.0,28.0,18.0,15.0
799,30.0,15.0,17.0,29.0,18.0,15.0
800,30.0,14.0,16.0,29.0,18.0,14.0
801,30.0,14.0,16.0,27.0,18.0,12.0
802,32.0,14.0,17.0,29.0,20.0,12.0
803,31.0,14.0,17.0,28.0,20.0,12.0
804,30.0,14.0,17.0,28.0,20.0,12.0
805,32.0,13.0,17.0,30.0,19.0,12.0
806,33.0,13.0,18.0,31.0,20.0,12.0
807,38.0,15.0,22.0,37.0,23.0,14.0
808,34.0,15.0,20.0,32.0,21.0,14.0
809,33.0,15.0,19.0,32.0,21.0,14.0
810,34.0,15.0,19.0,32.0,21.0,14.0
811,32.0,17.0,19.0,30.0,21.0,16.0
812,32.0,16.0,19.0,30.0,21.0,15.0
813,29.0,16.0,17.0,27.0,19.0,15.0
814,29.0,16.0,16.0,27.0,18.0,15.0
815,29.0,18.0,16.0,27.0,18.0,17.0
816,28.0,20.0,16.0,26.0,18.0,18.0
817,29.0,21.0,17.0,26.0,19.0,19.0
818,26.0,21.0,18.0,24.0,20.0,20.0
819,24.0,20.0,19.0,21.0,21.0,19.0
820,23.0,18.0,21.0,21.0,24.0,17.0
821,21.0,20.0,20.0,19.0,22.0,19.0
822,20.0,22.0,21.0,18.0,23.0,21.0
823,23.0,20.0,22.0,22.0,24.0,19.0
824,22.0,20.0,23.0,20.0,25.0,20.0
825,20.0,20.0,24.0,19.0,25.0,20.0
826,21.0,20.0,24.0,20.0,25.0,20.0
827,21.0,24.0,22.0,20.0,23.0,23.0
828,21.0,23.0,24.0,20.0,25.0,23.0
829,23.0,23.0,24.0,21.0,26.0,22.0
830,22.0,23.0,25.0,21.0,26.0,22.0
831,21.0,23.0,27.0,20.0,28.0,22.0
832,22.0,22.0,27.0,20.0,29.0,22.0
833,24.0,23.0,29.0,22.0,31.0,22.0
834,23.0,23.0,27.0,21.0,29.0,22.0
835,23.0,23.0,26.0,22.0,28.0,22.0
836,24.0,21.0,25.0,22.0,27.0,20.0
837,23.0,21.0,22.0,20.0,24.0,20.0
838,22.0,22.0,22.0,20.0,23.0,21.0
839,25.0,25.0,23.0,23.0,25.0,24.0
840,26.0,25.0,23.0,24.0,24.0,25.0
841,24.0,25.0,21.0,23.0,22.0,25.0
842,24.0,24.0,21.0,23.0,21.0,24.0
843,24.0,21.0,22.0,23.0,23.0,21.0
844,24.0,24.0,24.0,22.0,26.0,22.0
845,24.0,31.0,28.0,22.0,31.0,29.0
846,25.0,30.0,30.0,22.0,32.0,28.0
847,24.0,28.0,31.0,22.0,33.0,26.0
848,26.0,25.0,34.0,24.0,36.0,24.0
849,25.0,23.0,32.0,23.0,35.0,22.0
850,24.0,27.0,34.0,22.0,37.0,25.0
851,24.0,26.0,35.0,20.0,38.0,23.0
852,24.0,27.0,32.0,21.0,36.0,24.0
853,27.0,29.0,30.0,22.0,35.0,25.0
854,25.0,31.0,33.0,21.0,37.0,27.0
855,30.0,29.0,37.0,26.0,42.0,26.0
856,28.0,30.0,34.0,24.0,38.0,27.0
857,26.0,32.0,31.0,22.0,35.0,29.0
858,24.0,31.0,30.0,21.0,33.0,29.0
859,21.0,34.0,30.0,19.0,32.0,32.0
860,20.0,33.0,30.0,18.0,32.0,31.0
861,21.0,35.0,28.0,19.0,31.0,33.0
862,19.0,33.0,28.0,17.0,30.0,31.0
863,19.0,33.0,30.0,17.0,32.0,32.0
864,18.0,34.0,31.0,17.0,33.0,32.0
865,18.0,35.0,31.0,16.0,33.0,34.0
866,19.0,34.0,32.0,17.0,34.0,32.0
867,20.0,38.0,32.0,18.0,34.0,37.0
868,18.0,36.0,33.0,16.0,34.0,35.0
869,18.0,38.0,34.0,16.0,36.0,36.0
870,19.0,38.0,36.0,18.0,38.0,36.0
871,19.0,40.0,33.0,17.0,34.0,39.0
872,21.0,41.0,33.0,19.0,34.0,40.0
873,21.0,44.0,32.0,19.0,34.0,42.0
874,21.0,46.0,33.0,19.0,35.0,44.0
875,25.0,45.0,33.0,23.0,34.0,44.0
876,25.0,46.0,32.0,24.0,33.0,45.0
877,25.0,44.0,38.0,24.0,39.0,44.0
878,25.0,43.0,36.0,24.0,37.0,42.0
879,25.0,46.0,34.0,24.0,35.0,45.0
880,26.0,47.0,34.0,25.0,35.0,46.0
881,24.0,41.0,33.0,23.0,34.0,41.0
882,24.0,46.0,33.0,23.0,34.0,46.0
883,27.0,41.0,35.0,26.0,36.0,40.0
884,26.0,41.0,35.0,25.0,35.0,40.0
885,26.0,39.0,35.0,25.0,36.0,38.0
886,25.0,46.0,35.0,23.0,37.0,44.0
887,24.0,43.0,35.0,22.0,37.0,42.0
888,22.0,36.0,35.0,21.0,37.0,35.0
889,22.0,34.0,35.0,21.0,36.0,32.0
890,22.0,34.0,35.0,21.0,36.0,33.0
891,21.0,29.0,34.0,19.0,36.0,28.0
892,21.0,29.0,34.0,19.0,36.0,28.0
893,21.0,30.0,34.0,19.0,35.0,29.0
894,21.0,31.0,35.0,19.0,36.0,29.0
895,21.0,32.0,34.0,19.0,35.0,31.0
896,21.0,33.0,32.0,20.0,34.0,32.0
897,20.0,33.0,32.0,19.0,33.0,32.0
898,22.0,34.0,30.0,21.0,31.0,33.0
899,21.0,32.0,32.0,20.0,33.0,31.0
900,20.0,34.0,33.0,19.0,33.0,33.0
901,20.0,34.0,33.0,19.0,34.0,33.0
902,20.0,33.0,35.0,20.0,36.0,33.0
903,24.0,32.0,37.0,24.0,37.0,31.0
904,25.0,33.0,37.0,24.0,37.0,32.0
905,28.0,29.0,39.0,27.0,40.0,27.0
906,26.0,31.0,41.0,25.0,43.0,29.0
907,29.0,30.0,40.0,27.0,41.0,28.0
908,27.0,29.0,39.0,25.0,40.0,27.0
909,25.0,28.0,41.0,24.0,42.0,27.0
910,23.0,29.0,40.0,21.0,41.0,27.0
911,24.0,27.0,40.0,22.0,42.0,25.0
912,23.0,29.0,41.0,22.0,43.0,27.0
913,26.0,26.0,40.0,24.0,42.0,24.0
914,26.0,26.0,39.0,23.0,41.0,23.0
915,28.0,27.0,32.0,26.0,34.0,25.0
916,26.0,27.0,32.0,24.0,34.0,25.0
917,24.0,29.0,32.0,22.0,34.0,26.0
918,23.0,29.0,31.0,21.0,34.0,27.0
919,27.0,28.0,36.0,25.0,38.0,25.0
920,25.0,28.0,35.0,23.0,37.0,26.0
921,25.0,29.0,31.0,23.0,33.0,27.0
922,24.0,29.0,31.0,21.0,33.0,27.0
923,23.0,31.0,30.0,21.0,32.0,29.0
924,19.0,31.0,30.0,18.0,32.0,29.0
925,19.0,30.0,32.0,18.0,34.0,28.0
926,19.0,31.0,31.0,17.0,33.0,30.0
927,17.0,31.0,31.0,15.0,33.0,30.0
928,17.0,31.0,31.0,15.0,33.0,30.0
929,16.0,31.0,30.0,14.0,32.0,29.0
930,16.0,31.0,30.0,14.0,32.0,29.0
931,16.0,35.0,29.0,14.0,31.0,33.0
932,16.0,34.0,29.0,14.0,32.0,32.0
933,16.0,33.0,30.0,14.0,32.0,31.0
934,15.0,34.0,30.0,14.0,32.0,32.0
935,15.0,37.0,30.0,14.0,31.0,36.0
936,16.0,37.0,29.0,15.0,30.0,36.0
937,16.0,32.0,29.0,15.0,30.0,31.0
938,16.0,30.0,28.0,15.0,29.0,29.0
939,18.0,29.0,29.0,16.0,31.0,27.0
940,18.0,29.0,29.0,16.0,31.0,27.0
941,17.0,27.0,29.0,15.0,31.0,25.0
942,18.0,27.0,28.0,16.0,30.0,25.0
943,18.0,26.0,29.0,17.0,30.0,25.0
944,19.0,25.0,28.0,18.0,29.0,24.0
945,19.0,23.0,27.0,18.0,29.0,22.0
946,19.0,23.0,27.0,18.0,28.0,22.0
947,19.0,23.0,26.0,17.0,27.0,22.0
948,18.0,22.0,25.0,17.0,26.0,21.0
949,20.0,25.0,24.0,18.0,25.0,24.0
950,19.0,25.0,23.0,18.0,24.0,24.0
951,19.0,23.0,22.0,17.0,24.0,22.0
952,20.0,23.0,23.0,19.0,24.0,22.0
953,18.0,22.0,21.0,16.0,22.0,20.0
954,18.0,21.0,20.0,17.0,21.0,20.0
955,17.0,21.0,18.0,15.0,19.0,20.0
956,16.0,20.0,17.0,15.0,19.0,18.0
957,18.0,22.0,18.0,15.0,21.0,20.0
958,18.0,22.0,17.0,15.0,20.0,19.0
959,15.0,19.0,16.0,13.0,18.0,17.0
960,15.0,20.0,16.0,13.0,18.0,18.0
961,14.0,20.0,16.0,13.0,17.0,19.0
962,13.0,19.0,15.0,13.0,16.0,18.0
963,13.0,17.0,14.0,12.0,15.0,16.0
964,13.0,17.0,14.0,12.0,15.0,16.0
965,13.0,16.0,13.0,11.0,15.0,15.0
966,12.0,15.0,13.0,11.0,14.0,14.0
967,12.0,14.0,13.0,11.0,14.0,13.0
968,12.0,14.0,13.0,11.0,14.0,13.0
969,13.0,13.0,13.0,11.0,14.0,12.0
970,12.0,13.0,12.0,11.0,14.0,12.0
971,13.0,13.0,13.0,12.0,14.0,12.0
972,12.0,12.0,13.0,12.0,13.0,12.0
973,12.0,12.0,12.0,11.0,13.0,12.0
974,12.0,12.0,12.0,11.0,13.0,11.0
975,11.0,12.0,12.0,11.0,12.0,11.0
976,11.0,12.0,12.0,11.0,12.0,11.0
977,11.0,11.0,12.0,11.0,12.0,11.0
978,11.0,11.0,12.0,11.0,12.0,11.0
979,11.0,11.0,12.0,11.0,12.0,11.0
980,11.0,11.0,12.0,11.0,12.0,11.0
981,11.0,11.0,12.0,11.0,12.0,11.0
982,11.0,11.0,12.0,11.0,12.0,11.0
983,11.0,11.0,12.0,11.0,12.0,11.0
984,11.0,11.0,12.0,11.0,12.0,11.0
985,11.0,11.0,11.0,11.0,12.0,11.0
986,11.0,11.0,11.0,11.0,12.0,11.0
987,11.0,11.0,11.0,11.0,12.0,11.0
988,11.0,11.0,11.0,11.0,12.0,11.0
989,11.0,11.0,12.0,11.0,12.0,11.0
990,11.0,11.0,11.0,11.0,12.0,11.0
991,11.0,11.0,11.0,11.0,12.0,11.0
992,11.0,11.0,11.0,11.0,12.0,11.0
993,11.0,11.0,11.0,11.0,12.0,11.0
994,11.0,11.0,11.0,11.0,12.0,11.0
995,11.0,11.0,11.0,11.0,12.0,11.0
996,11.0,11.0,12.0,11.0,12.0,11.0
997,11.0,11.0,11.0,11.0,12.0,11.0
998,11.0,11.0,11.0,11.0,12.0,11.0
999,11.0,11.0,11.0,11.0,12.0,11.0
