,traffic-nj511-minutes-gw_bridge_to_nj_turnpike_exit_18w_via_local_lanes,traffic-nj511-minutes-nj_turnpike_from_exit_1_to_delaware,traffic-nj511-minutes-nj_turnpike_exit_18w_to_gw_bridge_via_express_lanes,traffic-nj511-minutes-nj_turnpike_exit_14_to_nj_turnpike_exit_8a,traffic-nj511-minutes-nj_turnpike_from_exit_14c_to_the_ny_side,traffic-nj511-minutes-nj_turnpike_exit_18w_to_gw_bridge_via_local_lanes,traffic-nj511-minutes-ny_side_to_nj_turnpike_exit_14c,traffic-nj511-minutes-nj_turnpike_exit_6_to_nj_turnpike_exit_1,traffic-nj511-minutes-nj_turnpike_exit_14_to_nj_turnpike_exit_18w,traffic-nj511-minutes-nj_turnpike_exit_1_to_nj_turnpike_exit_6,traffic-nj511-minutes-nj_turnpike_exit_8a_to_nj_turnpike_exit_14,traffic-nj511-minutes-i-95_from_the_delaware_side_to_nj_turnpike_exit_1,traffic-nj511-minutes-nj_turnpike_exit_18w_to_nj_turnpike_exit_14,traffic-nj511-minutes-gw_bridge_to_nj_turnpike_exit_18w_via_express_lanes
0,10.0,8.0,39.0,31.0,22.0,51.0,13.0,47.0,17.0,46.0,30.0,8.0,8.0,10.0
1,10.0,8.0,40.0,31.0,19.0,52.0,13.0,47.0,16.0,46.0,30.0,8.0,8.0,11.0
2,10.0,8.0,39.0,31.0,19.0,52.0,13.0,47.0,14.0,46.0,30.0,8.0,8.0,11.0
3,10.0,8.0,44.0,31.0,20.0,55.0,14.0,47.0,13.0,46.0,30.0,8.0,8.0,11.0
4,10.0,8.0,42.0,31.0,22.0,54.0,14.0,47.0,12.0,46.0,30.0,8.0,8.0,11.0
5,10.0,8.0,40.0,31.0,24.0,60.0,14.0,47.0,11.0,46.0,30.0,8.0,8.0,11.0
6,10.0,8.0,39.0,31.0,21.0,60.0,14.0,47.0,11.0,46.0,30.0,8.0,8.0,11.0
7,10.0,8.0,36.0,31.0,19.0,56.0,15.0,47.0,11.0,46.0,30.0,8.0,8.0,11.0
8,10.0,8.0,37.0,31.0,19.0,55.0,16.0,47.0,11.0,46.0,30.0,8.0,8.0,11.0
9,10.0,8.0,37.0,31.0,18.0,47.0,15.0,47.0,11.0,46.0,30.0,8.0,8.0,10.0
10,10.0,8.0,38.0,31.0,18.0,44.0,16.0,47.0,11.0,46.0,30.0,8.0,8.0,10.0
11,10.0,8.0,38.0,31.0,19.0,42.0,14.0,47.0,11.0,46.0,30.0,8.0,8.0,10.0
12,10.0,8.0,39.0,31.0,21.0,42.0,14.0,47.0,11.0,46.0,30.0,8.0,8.0,11.0
13,10.0,8.0,38.0,31.0,20.0,38.0,13.0,47.0,11.0,46.0,30.0,8.0,8.0,10.0
14,10.0,8.0,40.0,31.0,19.0,38.0,12.0,47.0,11.0,46.0,30.0,8.0,8.0,10.0
15,11.0,8.0,40.0,31.0,19.0,35.0,12.0,47.0,11.0,46.0,30.0,8.0,8.0,11.0
16,11.0,8.0,38.0,31.0,21.0,37.0,12.0,47.0,11.0,46.0,30.0,8.0,8.0,10.0
17,11.0,8.0,38.0,31.0,19.0,36.0,11.0,47.0,11.0,46.0,30.0,8.0,8.0,11.0
18,11.0,8.0,41.0,31.0,18.0,35.0,12.0,47.0,11.0,46.0,30.0,8.0,8.0,11.0
19,11.0,8.0,41.0,31.0,19.0,34.0,13.0,47.0,11.0,46.0,30.0,8.0,8.0,11.0
20,12.0,8.0,44.0,31.0,18.0,34.0,13.0,47.0,11.0,46.0,30.0,8.0,8.0,12.0
21,12.0,8.0,43.0,31.0,18.0,34.0,13.0,47.0,11.0,46.0,30.0,8.0,8.0,12.0
22,12.0,8.0,43.0,31.0,20.0,34.0,13.0,47.0,11.0,46.0,30.0,8.0,8.0,12.0
23,12.0,8.0,43.0,31.0,18.0,34.0,13.0,47.0,11.0,46.0,30.0,8.0,8.0,12.0
24,12.0,8.0,40.0,31.0,18.0,36.0,13.0,47.0,11.0,46.0,30.0,8.0,8.0,12.0
25,12.0,8.0,41.0,31.0,19.0,40.0,13.0,47.0,11.0,46.0,30.0,8.0,8.0,12.0
26,12.0,8.0,41.0,31.0,18.0,40.0,13.0,47.0,11.0,46.0,30.0,8.0,8.0,13.0
27,12.0,8.0,39.0,31.0,18.0,41.0,13.0,47.0,11.0,46.0,30.0,8.0,8.0,13.0
28,12.0,8.0,38.0,31.0,24.0,42.0,13.0,47.0,11.0,46.0,30.0,8.0,8.0,13.0
29,13.0,8.0,38.0,31.0,25.0,45.0,13.0,47.0,11.0,46.0,30.0,8.0,8.0,14.0
30,13.0,8.0,39.0,31.0,23.0,45.0,13.0,47.0,11.0,46.0,30.0,8.0,8.0,14.0
31,12.0,8.0,41.0,31.0,21.0,45.0,14.0,47.0,11.0,46.0,30.0,8.0,8.0,13.0
32,13.0,8.0,41.0,31.0,22.0,44.0,14.0,47.0,11.0,46.0,30.0,8.0,8.0,13.0
33,12.0,8.0,41.0,31.0,25.0,44.0,14.0,47.0,11.0,46.0,30.0,8.0,8.0,12.0
34,12.0,8.0,39.0,31.0,25.0,43.0,14.0,47.0,11.0,46.0,30.0,8.0,8.0,12.0
35,12.0,8.0,39.0,31.0,25.0,42.0,13.0,47.0,11.0,46.0,30.0,8.0,8.0,12.0
36,11.0,8.0,38.0,31.0,21.0,40.0,13.0,47.0,11.0,46.0,30.0,8.0,8.0,11.0
37,11.0,8.0,37.0,31.0,23.0,40.0,13.0,47.0,11.0,46.0,30.0,8.0,8.0,11.0
38,11.0,8.0,39.0,31.0,20.0,40.0,13.0,47.0,11.0,46.0,30.0,8.0,8.0,11.0
39,11.0,8.0,39.0,31.0,20.0,46.0,12.0,47.0,11.0,46.0,30.0,8.0,8.0,11.0
40,11.0,8.0,38.0,31.0,19.0,46.0,13.0,47.0,12.0,46.0,30.0,8.0,8.0,10.0
41,11.0,8.0,37.0,31.0,20.0,48.0,13.0,47.0,12.0,46.0,30.0,8.0,8.0,11.0
42,11.0,8.0,38.0,31.0,20.0,48.0,13.0,47.0,12.0,46.0,30.0,8.0,8.0,11.0
43,11.0,8.0,38.0,31.0,22.0,49.0,13.0,47.0,12.0,46.0,30.0,8.0,8.0,11.0
44,11.0,8.0,39.0,31.0,23.0,49.0,13.0,47.0,11.0,46.0,30.0,8.0,8.0,11.0
45,10.0,8.0,39.0,31.0,21.0,48.0,12.0,47.0,11.0,46.0,30.0,8.0,8.0,10.0
46,10.0,8.0,40.0,31.0,22.0,47.0,12.0,47.0,11.0,46.0,30.0,8.0,8.0,10.0
47,10.0,8.0,42.0,31.0,22.0,47.0,13.0,47.0,11.0,46.0,30.0,8.0,8.0,10.0
48,11.0,8.0,44.0,31.0,26.0,45.0,12.0,47.0,11.0,46.0,30.0,8.0,8.0,10.0
49,10.0,8.0,45.0,31.0,25.0,44.0,12.0,47.0,11.0,46.0,30.0,8.0,8.0,10.0
50,10.0,8.0,45.0,31.0,23.0,40.0,11.0,47.0,11.0,46.0,30.0,8.0,8.0,10.0
51,10.0,8.0,46.0,31.0,27.0,39.0,11.0,47.0,11.0,46.0,30.0,8.0,8.0,10.0
52,10.0,8.0,45.0,31.0,29.0,40.0,11.0,47.0,11.0,46.0,30.0,8.0,8.0,10.0
53,10.0,8.0,42.0,31.0,26.0,37.0,9.0,47.0,11.0,46.0,30.0,8.0,8.0,10.0
54,10.0,8.0,45.0,31.0,28.0,37.0,10.0,47.0,11.0,46.0,30.0,8.0,8.0,10.0
55,10.0,8.0,42.0,31.0,29.0,39.0,9.0,47.0,11.0,46.0,30.0,8.0,8.0,10.0
56,10.0,8.0,41.0,31.0,23.0,39.0,10.0,47.0,11.0,46.0,30.0,8.0,8.0,10.0
57,10.0,8.0,39.0,31.0,25.0,39.0,10.0,47.0,11.0,46.0,30.0,8.0,8.0,10.0
58,10.0,8.0,39.0,31.0,25.0,40.0,10.0,47.0,11.0,46.0,30.0,8.0,8.0,10.0
59,10.0,8.0,40.0,31.0,21.0,40.0,8.0,47.0,11.0,46.0,30.0,8.0,8.0,10.0
60,10.0,8.0,38.0,31.0,20.0,40.0,8.0,47.0,11.0,46.0,30.0,8.0,8.0,10.0
61,10.0,8.0,37.0,31.0,21.0,41.0,8.0,47.0,11.0,46.0,30.0,8.0,8.0,10.0
62,10.0,8.0,36.0,31.0,26.0,41.0,8.0,47.0,11.0,46.0,30.0,8.0,8.0,10.0
63,10.0,8.0,39.0,31.0,25.0,42.0,7.0,47.0,11.0,46.0,30.0,8.0,8.0,10.0
64,10.0,8.0,38.0,31.0,24.0,42.0,7.0,47.0,11.0,46.0,30.0,8.0,8.0,10.0
65,10.0,8.0,37.0,31.0,24.0,46.0,8.0,47.0,11.0,46.0,30.0,8.0,8.0,10.0
66,10.0,8.0,38.0,31.0,21.0,45.0,8.0,47.0,11.0,46.0,30.0,8.0,8.0,10.0
67,10.0,8.0,36.0,31.0,22.0,46.0,7.0,47.0,11.0,46.0,30.0,8.0,8.0,10.0
68,10.0,8.0,37.0,31.0,23.0,46.0,7.0,47.0,11.0,46.0,30.0,8.0,8.0,10.0
69,10.0,8.0,38.0,31.0,25.0,47.0,7.0,47.0,11.0,46.0,30.0,8.0,8.0,10.0
70,10.0,8.0,34.0,31.0,26.0,47.0,7.0,47.0,11.0,46.0,30.0,8.0,8.0,10.0
71,10.0,8.0,34.0,31.0,25.0,46.0,7.0,47.0,11.0,46.0,30.0,8.0,8.0,10.0
72,10.0,8.0,35.0,31.0,25.0,45.0,7.0,47.0,11.0,46.0,30.0,8.0,8.0,10.0
73,10.0,8.0,35.0,31.0,23.0,43.0,7.0,47.0,11.0,46.0,30.0,8.0,8.0,10.0
74,10.0,8.0,29.0,31.0,26.0,43.0,8.0,47.0,11.0,46.0,30.0,8.0,8.0,10.0
75,10.0,8.0,29.0,31.0,24.0,42.0,8.0,47.0,11.0,46.0,30.0,8.0,8.0,10.0
76,10.0,8.0,30.0,31.0,25.0,41.0,8.0,47.0,11.0,46.0,30.0,8.0,8.0,10.0
77,10.0,8.0,28.0,31.0,24.0,39.0,8.0,47.0,11.0,46.0,30.0,8.0,8.0,10.0
78,10.0,8.0,28.0,31.0,20.0,39.0,7.0,47.0,11.0,46.0,30.0,8.0,8.0,10.0
79,10.0,8.0,27.0,31.0,21.0,38.0,7.0,47.0,11.0,46.0,30.0,8.0,8.0,10.0
80,10.0,8.0,28.0,31.0,25.0,39.0,7.0,47.0,11.0,46.0,30.0,8.0,8.0,10.0
81,10.0,8.0,28.0,31.0,27.0,38.0,7.0,47.0,11.0,46.0,30.0,8.0,8.0,10.0
82,10.0,8.0,28.0,31.0,26.0,38.0,7.0,47.0,11.0,46.0,30.0,8.0,8.0,10.0
83,10.0,8.0,28.0,31.0,27.0,38.0,7.0,47.0,11.0,46.0,30.0,8.0,8.0,10.0
84,10.0,8.0,28.0,31.0,27.0,38.0,7.0,47.0,11.0,46.0,30.0,8.0,8.0,10.0
85,10.0,8.0,26.0,31.0,27.0,39.0,8.0,47.0,11.0,46.0,30.0,8.0,8.0,10.0
86,10.0,8.0,25.0,31.0,26.0,38.0,8.0,47.0,11.0,46.0,30.0,8.0,8.0,10.0
87,10.0,8.0,23.0,31.0,23.0,38.0,8.0,47.0,11.0,46.0,30.0,8.0,8.0,10.0
88,10.0,8.0,16.0,31.0,23.0,37.0,9.0,47.0,11.0,46.0,30.0,8.0,8.0,10.0
89,10.0,8.0,15.0,31.0,25.0,36.0,10.0,47.0,11.0,46.0,30.0,8.0,8.0,10.0
90,10.0,8.0,14.0,31.0,23.0,36.0,10.0,47.0,11.0,46.0,30.0,8.0,8.0,10.0
91,10.0,8.0,13.0,31.0,24.0,35.0,11.0,47.0,11.0,46.0,30.0,8.0,8.0,10.0
92,10.0,8.0,13.0,31.0,24.0,33.0,11.0,47.0,11.0,46.0,30.0,8.0,8.0,10.0
93,10.0,8.0,13.0,31.0,24.0,33.0,11.0,47.0,11.0,46.0,30.0,8.0,8.0,10.0
94,10.0,8.0,13.0,31.0,26.0,33.0,11.0,47.0,11.0,46.0,30.0,8.0,8.0,10.0
95,10.0,8.0,11.0,31.0,26.0,31.0,11.0,47.0,11.0,46.0,30.0,8.0,8.0,10.0
96,10.0,8.0,11.0,31.0,21.0,31.0,11.0,47.0,11.0,46.0,30.0,8.0,8.0,10.0
97,10.0,8.0,11.0,31.0,23.0,30.0,10.0,47.0,11.0,46.0,30.0,8.0,8.0,10.0
98,10.0,8.0,11.0,31.0,23.0,27.0,10.0,47.0,11.0,46.0,30.0,8.0,8.0,10.0
99,10.0,8.0,11.0,31.0,26.0,27.0,10.0,47.0,11.0,46.0,30.0,8.0,8.0,10.0
100,10.0,8.0,10.0,31.0,23.0,27.0,11.0,47.0,11.0,46.0,30.0,8.0,8.0,10.0
101,10.0,8.0,10.0,31.0,20.0,27.0,11.0,47.0,11.0,46.0,30.0,8.0,8.0,10.0
102,10.0,8.0,10.0,31.0,22.0,27.0,11.0,47.0,11.0,46.0,30.0,8.0,8.0,10.0
103,10.0,8.0,10.0,31.0,23.0,10.0,11.0,47.0,11.0,46.0,30.0,8.0,8.0,10.0
104,10.0,8.0,10.0,31.0,22.0,11.0,12.0,47.0,11.0,46.0,30.0,8.0,8.0,10.0
105,10.0,8.0,10.0,31.0,18.0,10.0,12.0,47.0,11.0,46.0,30.0,8.0,8.0,10.0
106,10.0,8.0,10.0,31.0,24.0,10.0,12.0,47.0,11.0,46.0,30.0,8.0,8.0,10.0
107,10.0,8.0,10.0,31.0,23.0,10.0,11.0,47.0,11.0,46.0,30.0,8.0,8.0,11.0
108,10.0,8.0,10.0,31.0,25.0,10.0,11.0,47.0,11.0,46.0,30.0,8.0,8.0,10.0
109,10.0,8.0,10.0,31.0,23.0,10.0,9.0,47.0,11.0,46.0,30.0,8.0,8.0,10.0
110,10.0,8.0,10.0,31.0,26.0,10.0,9.0,47.0,11.0,46.0,30.0,8.0,8.0,10.0
111,10.0,8.0,10.0,31.0,25.0,10.0,9.0,47.0,11.0,46.0,30.0,8.0,8.0,10.0
112,10.0,8.0,10.0,31.0,28.0,10.0,9.0,47.0,11.0,46.0,30.0,8.0,8.0,10.0
113,10.0,8.0,11.0,31.0,29.0,10.0,8.0,47.0,11.0,46.0,30.0,8.0,8.0,10.0
114,10.0,8.0,11.0,31.0,29.0,10.0,8.0,47.0,11.0,46.0,30.0,8.0,8.0,11.0
115,10.0,8.0,11.0,31.0,29.0,10.0,8.0,47.0,11.0,46.0,30.0,8.0,8.0,11.0
116,10.0,8.0,11.0,31.0,23.0,10.0,9.0,47.0,11.0,46.0,30.0,8.0,8.0,11.0
117,10.0,8.0,11.0,31.0,24.0,10.0,9.0,47.0,11.0,46.0,30.0,8.0,8.0,10.0
118,10.0,8.0,11.0,31.0,24.0,10.0,10.0,47.0,11.0,46.0,30.0,8.0,8.0,10.0
119,10.0,8.0,10.0,31.0,24.0,11.0,10.0,47.0,11.0,46.0,30.0,8.0,8.0,10.0
120,10.0,8.0,10.0,31.0,29.0,11.0,10.0,47.0,11.0,46.0,30.0,8.0,8.0,10.0
121,10.0,8.0,10.0,31.0,30.0,11.0,9.0,47.0,11.0,46.0,30.0,8.0,8.0,10.0
122,10.0,8.0,10.0,31.0,29.0,12.0,10.0,47.0,11.0,46.0,30.0,8.0,8.0,10.0
123,10.0,8.0,10.0,31.0,29.0,13.0,10.0,47.0,11.0,46.0,30.0,8.0,8.0,10.0
124,10.0,8.0,10.0,31.0,29.0,12.0,10.0,47.0,11.0,46.0,30.0,8.0,8.0,10.0
125,10.0,8.0,10.0,31.0,27.0,11.0,9.0,47.0,11.0,46.0,30.0,8.0,8.0,10.0
126,10.0,8.0,10.0,31.0,29.0,12.0,8.0,47.0,11.0,46.0,30.0,8.0,8.0,10.0
127,10.0,8.0,10.0,31.0,28.0,10.0,8.0,47.0,11.0,46.0,30.0,8.0,8.0,10.0
128,10.0,8.0,10.0,31.0,28.0,10.0,8.0,47.0,11.0,46.0,30.0,8.0,8.0,10.0
129,10.0,8.0,10.0,31.0,29.0,10.0,8.0,47.0,11.0,46.0,30.0,8.0,8.0,10.0
130,10.0,8.0,10.0,31.0,27.0,10.0,8.0,47.0,11.0,46.0,30.0,8.0,8.0,10.0
131,10.0,8.0,10.0,31.0,27.0,10.0,8.0,47.0,11.0,46.0,30.0,8.0,8.0,10.0
132,10.0,8.0,10.0,31.0,26.0,10.0,8.0,47.0,11.0,46.0,30.0,8.0,8.0,10.0
133,11.0,8.0,11.0,31.0,23.0,10.0,7.0,47.0,11.0,46.0,30.0,8.0,8.0,10.0
134,10.0,8.0,11.0,31.0,23.0,10.0,7.0,47.0,11.0,46.0,30.0,8.0,8.0,10.0
135,10.0,8.0,10.0,31.0,23.0,10.0,7.0,47.0,11.0,46.0,30.0,8.0,8.0,10.0
136,10.0,8.0,10.0,31.0,25.0,10.0,7.0,47.0,11.0,46.0,30.0,8.0,8.0,10.0
137,10.0,8.0,10.0,31.0,23.0,10.0,7.0,47.0,11.0,46.0,30.0,8.0,8.0,10.0
138,10.0,8.0,10.0,31.0,22.0,10.0,7.0,47.0,11.0,46.0,30.0,8.0,8.0,10.0
139,10.0,8.0,10.0,31.0,24.0,10.0,7.0,47.0,11.0,46.0,30.0,8.0,8.0,10.0
140,10.0,8.0,10.0,31.0,21.0,10.0,7.0,47.0,11.0,46.0,30.0,8.0,8.0,10.0
141,10.0,8.0,10.0,31.0,21.0,10.0,8.0,47.0,11.0,46.0,30.0,8.0,8.0,10.0
142,10.0,8.0,10.0,31.0,24.0,10.0,8.0,47.0,11.0,46.0,30.0,8.0,8.0,10.0
143,12.0,8.0,10.0,31.0,23.0,10.0,7.0,47.0,11.0,46.0,30.0,8.0,8.0,10.0
144,10.0,8.0,11.0,31.0,21.0,10.0,7.0,47.0,11.0,46.0,30.0,8.0,8.0,10.0
145,10.0,8.0,10.0,31.0,20.0,10.0,7.0,47.0,11.0,46.0,30.0,8.0,8.0,10.0
146,10.0,8.0,10.0,31.0,22.0,10.0,7.0,47.0,11.0,46.0,30.0,8.0,8.0,10.0
147,10.0,8.0,10.0,31.0,24.0,10.0,7.0,47.0,11.0,46.0,30.0,8.0,8.0,10.0
148,10.0,8.0,10.0,31.0,21.0,10.0,7.0,47.0,11.0,46.0,30.0,8.0,8.0,10.0
149,10.0,8.0,11.0,31.0,23.0,10.0,7.0,47.0,11.0,46.0,30.0,8.0,8.0,10.0
150,10.0,8.0,11.0,31.0,24.0,10.0,7.0,47.0,11.0,46.0,30.0,8.0,8.0,10.0
151,10.0,8.0,11.0,31.0,27.0,10.0,7.0,47.0,11.0,46.0,30.0,8.0,8.0,10.0
152,10.0,8.0,10.0,31.0,21.0,10.0,7.0,47.0,11.0,46.0,30.0,8.0,8.0,10.0
153,10.0,8.0,10.0,31.0,22.0,10.0,7.0,47.0,11.0,46.0,30.0,8.0,8.0,10.0
154,10.0,8.0,10.0,31.0,21.0,10.0,7.0,47.0,11.0,46.0,30.0,8.0,8.0,10.0
155,10.0,8.0,10.0,31.0,23.0,10.0,7.0,47.0,11.0,46.0,30.0,8.0,8.0,10.0
156,10.0,8.0,10.0,31.0,21.0,10.0,7.0,47.0,11.0,46.0,30.0,8.0,8.0,10.0
157,10.0,8.0,10.0,31.0,22.0,10.0,8.0,47.0,11.0,46.0,30.0,8.0,8.0,10.0
158,10.0,8.0,10.0,31.0,24.0,10.0,8.0,47.0,11.0,46.0,30.0,8.0,8.0,10.0
159,10.0,8.0,10.0,31.0,23.0,10.0,7.0,47.0,11.0,46.0,30.0,8.0,8.0,10.0
160,10.0,8.0,10.0,31.0,21.0,10.0,7.0,47.0,11.0,46.0,30.0,8.0,8.0,10.0
161,10.0,8.0,10.0,31.0,19.0,10.0,7.0,47.0,11.0,46.0,30.0,8.0,8.0,10.0
162,10.0,8.0,10.0,31.0,21.0,10.0,8.0,47.0,11.0,46.0,30.0,8.0,8.0,10.0
163,10.0,8.0,10.0,31.0,21.0,10.0,8.0,47.0,11.0,46.0,30.0,8.0,8.0,10.0
164,10.0,8.0,10.0,31.0,19.0,10.0,8.0,47.0,11.0,46.0,30.0,8.0,8.0,10.0
165,10.0,8.0,10.0,31.0,18.0,10.0,8.0,47.0,11.0,46.0,30.0,8.0,8.0,10.0
166,10.0,8.0,10.0,31.0,19.0,10.0,8.0,47.0,11.0,46.0,30.0,8.0,8.0,10.0
167,10.0,8.0,10.0,31.0,18.0,10.0,8.0,47.0,11.0,46.0,30.0,8.0,8.0,10.0
168,10.0,8.0,10.0,31.0,18.0,10.0,7.0,47.0,11.0,46.0,30.0,8.0,8.0,10.0
169,10.0,8.0,10.0,31.0,18.0,10.0,7.0,47.0,11.0,46.0,30.0,8.0,8.0,10.0
170,10.0,8.0,10.0,31.0,19.0,10.0,7.0,47.0,11.0,46.0,30.0,8.0,8.0,10.0
171,10.0,8.0,10.0,31.0,19.0,10.0,7.0,47.0,11.0,46.0,30.0,8.0,8.0,10.0
172,10.0,8.0,10.0,31.0,19.0,10.0,7.0,47.0,11.0,46.0,30.0,8.0,8.0,10.0
173,10.0,8.0,10.0,31.0,19.0,10.0,7.0,47.0,11.0,46.0,30.0,8.0,8.0,10.0
174,10.0,8.0,10.0,31.0,18.0,10.0,8.0,47.0,11.0,46.0,30.0,8.0,8.0,10.0
175,10.0,8.0,10.0,31.0,18.0,10.0,8.0,47.0,11.0,46.0,30.0,8.0,8.0,10.0
176,10.0,8.0,10.0,31.0,18.0,10.0,10.0,47.0,11.0,46.0,30.0,8.0,8.0,10.0
177,10.0,8.0,10.0,31.0,17.0,10.0,10.0,47.0,11.0,46.0,30.0,8.0,8.0,10.0
178,10.0,8.0,10.0,31.0,16.0,10.0,7.0,47.0,11.0,46.0,30.0,8.0,8.0,10.0
179,10.0,8.0,10.0,31.0,16.0,10.0,8.0,47.0,11.0,46.0,30.0,8.0,8.0,10.0
180,10.0,8.0,10.0,31.0,16.0,10.0,7.0,47.0,11.0,46.0,30.0,8.0,8.0,10.0
181,10.0,8.0,10.0,31.0,16.0,10.0,7.0,47.0,11.0,46.0,30.0,8.0,8.0,10.0
182,10.0,8.0,10.0,31.0,16.0,10.0,7.0,47.0,11.0,46.0,30.0,8.0,8.0,10.0
183,10.0,8.0,10.0,31.0,16.0,10.0,7.0,47.0,11.0,46.0,30.0,8.0,8.0,10.0
184,10.0,8.0,10.0,31.0,13.0,10.0,7.0,47.0,11.0,46.0,30.0,8.0,8.0,10.0
185,10.0,8.0,10.0,31.0,13.0,10.0,7.0,47.0,11.0,46.0,30.0,8.0,8.0,10.0
186,10.0,8.0,10.0,31.0,12.0,10.0,7.0,47.0,11.0,46.0,30.0,8.0,8.0,10.0
187,10.0,8.0,10.0,31.0,11.0,10.0,7.0,47.0,11.0,46.0,30.0,8.0,8.0,10.0
188,10.0,8.0,10.0,31.0,11.0,10.0,7.0,47.0,11.0,46.0,30.0,8.0,8.0,10.0
189,10.0,8.0,10.0,31.0,10.0,10.0,7.0,47.0,11.0,46.0,30.0,8.0,8.0,10.0
190,10.0,8.0,10.0,31.0,11.0,10.0,7.0,47.0,11.0,46.0,30.0,8.0,8.0,10.0
191,10.0,8.0,10.0,31.0,11.0,10.0,7.0,47.0,11.0,46.0,30.0,8.0,8.0,10.0
192,10.0,8.0,10.0,31.0,13.0,10.0,7.0,47.0,11.0,46.0,30.0,8.0,8.0,10.0
193,10.0,8.0,10.0,31.0,13.0,10.0,7.0,47.0,11.0,46.0,30.0,8.0,8.0,10.0
194,10.0,8.0,10.0,31.0,14.0,10.0,7.0,47.0,11.0,46.0,30.0,8.0,8.0,10.0
195,10.0,8.0,10.0,31.0,15.0,10.0,7.0,47.0,11.0,46.0,30.0,8.0,8.0,10.0
196,10.0,8.0,10.0,31.0,14.0,10.0,7.0,47.0,11.0,47.0,30.0,8.0,8.0,10.0
197,10.0,8.0,10.0,31.0,15.0,10.0,7.0,47.0,11.0,47.0,30.0,8.0,8.0,10.0
198,10.0,8.0,10.0,31.0,15.0,10.0,7.0,47.0,11.0,47.0,30.0,8.0,8.0,10.0
199,10.0,8.0,10.0,31.0,16.0,10.0,7.0,47.0,11.0,49.0,30.0,8.0,8.0,10.0
200,10.0,8.0,10.0,31.0,15.0,10.0,7.0,47.0,11.0,48.0,30.0,8.0,8.0,10.0
201,10.0,8.0,10.0,31.0,15.0,10.0,7.0,47.0,11.0,49.0,30.0,8.0,8.0,10.0
202,10.0,8.0,10.0,31.0,15.0,10.0,7.0,47.0,11.0,49.0,30.0,8.0,8.0,10.0
203,10.0,8.0,10.0,31.0,15.0,10.0,7.0,47.0,11.0,51.0,30.0,8.0,8.0,10.0
204,10.0,8.0,10.0,31.0,15.0,10.0,7.0,47.0,11.0,50.0,30.0,8.0,8.0,10.0
205,10.0,8.0,10.0,31.0,14.0,10.0,7.0,47.0,11.0,48.0,30.0,8.0,8.0,10.0
206,10.0,8.0,10.0,31.0,14.0,10.0,7.0,47.0,11.0,49.0,30.0,8.0,8.0,10.0
207,10.0,8.0,10.0,31.0,10.0,10.0,7.0,47.0,11.0,48.0,30.0,8.0,8.0,10.0
208,10.0,8.0,10.0,31.0,9.0,10.0,7.0,47.0,11.0,46.0,30.0,8.0,8.0,10.0
209,10.0,8.0,10.0,31.0,9.0,10.0,7.0,47.0,11.0,49.0,30.0,8.0,8.0,10.0
210,10.0,8.0,10.0,31.0,9.0,11.0,7.0,47.0,11.0,53.0,30.0,8.0,8.0,10.0
211,10.0,8.0,10.0,31.0,8.0,10.0,7.0,47.0,11.0,50.0,30.0,8.0,8.0,10.0
212,10.0,8.0,11.0,31.0,8.0,10.0,7.0,47.0,11.0,50.0,30.0,8.0,8.0,10.0
213,10.0,8.0,11.0,31.0,8.0,11.0,7.0,47.0,11.0,53.0,30.0,8.0,8.0,10.0
214,10.0,8.0,10.0,31.0,8.0,11.0,7.0,47.0,11.0,51.0,30.0,8.0,8.0,10.0
215,10.0,8.0,10.0,31.0,8.0,11.0,7.0,47.0,11.0,51.0,30.0,8.0,8.0,10.0
216,10.0,8.0,10.0,31.0,8.0,11.0,7.0,47.0,11.0,50.0,30.0,8.0,8.0,10.0
217,10.0,8.0,10.0,31.0,8.0,10.0,7.0,47.0,11.0,51.0,30.0,8.0,8.0,10.0
218,10.0,8.0,10.0,31.0,8.0,10.0,7.0,47.0,11.0,54.0,30.0,8.0,8.0,10.0
219,10.0,8.0,10.0,31.0,8.0,10.0,7.0,47.0,11.0,52.0,30.0,8.0,8.0,10.0
220,10.0,8.0,10.0,31.0,8.0,10.0,7.0,47.0,11.0,55.0,30.0,8.0,8.0,10.0
221,10.0,8.0,10.0,31.0,8.0,11.0,7.0,47.0,11.0,52.0,30.0,8.0,8.0,10.0
222,10.0,8.0,10.0,31.0,8.0,12.0,7.0,47.0,11.0,51.0,30.0,8.0,8.0,10.0
223,10.0,8.0,12.0,31.0,8.0,13.0,7.0,47.0,11.0,51.0,30.0,8.0,8.0,10.0
224,10.0,8.0,13.0,31.0,8.0,12.0,7.0,47.0,11.0,52.0,30.0,8.0,8.0,10.0
225,10.0,8.0,13.0,31.0,8.0,13.0,7.0,47.0,11.0,53.0,30.0,8.0,8.0,10.0
226,10.0,8.0,14.0,31.0,8.0,13.0,7.0,47.0,11.0,51.0,30.0,8.0,8.0,10.0
227,10.0,8.0,14.0,31.0,8.0,13.0,7.0,47.0,11.0,51.0,30.0,8.0,8.0,10.0
228,10.0,8.0,15.0,31.0,8.0,13.0,7.0,47.0,11.0,54.0,30.0,8.0,8.0,10.0
229,10.0,8.0,15.0,31.0,8.0,14.0,7.0,47.0,11.0,47.0,30.0,8.0,8.0,10.0
230,10.0,8.0,15.0,31.0,8.0,14.0,7.0,47.0,11.0,46.0,30.0,8.0,8.0,10.0
231,10.0,8.0,15.0,31.0,8.0,14.0,7.0,47.0,11.0,46.0,30.0,8.0,8.0,10.0
232,10.0,8.0,15.0,31.0,8.0,14.0,7.0,47.0,11.0,46.0,30.0,8.0,8.0,10.0
233,10.0,8.0,15.0,31.0,8.0,14.0,7.0,47.0,11.0,46.0,30.0,8.0,8.0,10.0
234,10.0,8.0,14.0,31.0,8.0,14.0,7.0,47.0,11.0,46.0,30.0,8.0,8.0,10.0
235,10.0,8.0,14.0,31.0,8.0,14.0,7.0,47.0,11.0,46.0,30.0,8.0,8.0,10.0
236,10.0,8.0,13.0,31.0,8.0,14.0,8.0,47.0,11.0,46.0,30.0,8.0,8.0,10.0
237,10.0,8.0,13.0,31.0,8.0,14.0,8.0,47.0,11.0,46.0,30.0,8.0,8.0,10.0
238,10.0,8.0,13.0,31.0,8.0,13.0,8.0,47.0,11.0,46.0,30.0,8.0,8.0,10.0
239,10.0,8.0,13.0,31.0,8.0,14.0,7.0,47.0,11.0,46.0,30.0,8.0,8.0,10.0
240,10.0,8.0,14.0,31.0,8.0,14.0,7.0,47.0,11.0,46.0,30.0,8.0,8.0,10.0
241,10.0,8.0,14.0,31.0,8.0,14.0,7.0,47.0,11.0,46.0,30.0,8.0,8.0,10.0
242,10.0,8.0,14.0,31.0,8.0,14.0,7.0,47.0,11.0,46.0,30.0,8.0,8.0,10.0
243,10.0,8.0,14.0,31.0,8.0,14.0,7.0,47.0,11.0,46.0,30.0,8.0,8.0,10.0
244,10.0,8.0,15.0,31.0,8.0,13.0,7.0,47.0,11.0,46.0,30.0,8.0,8.0,10.0
245,10.0,8.0,15.0,31.0,8.0,13.0,7.0,47.0,11.0,46.0,30.0,8.0,8.0,10.0
246,10.0,8.0,15.0,31.0,8.0,13.0,7.0,47.0,11.0,46.0,30.0,8.0,8.0,10.0
247,10.0,8.0,14.0,31.0,8.0,14.0,7.0,47.0,11.0,46.0,30.0,8.0,8.0,10.0
248,10.0,8.0,14.0,31.0,8.0,14.0,7.0,47.0,11.0,46.0,30.0,8.0,8.0,10.0
249,10.0,8.0,13.0,31.0,8.0,13.0,7.0,47.0,11.0,46.0,30.0,8.0,8.0,10.0
250,10.0,8.0,13.0,31.0,8.0,13.0,7.0,47.0,11.0,46.0,30.0,8.0,8.0,10.0
251,10.0,8.0,13.0,31.0,8.0,13.0,7.0,47.0,11.0,46.0,30.0,8.0,8.0,10.0
252,10.0,8.0,13.0,31.0,8.0,13.0,7.0,47.0,11.0,46.0,30.0,8.0,8.0,10.0
253,10.0,8.0,13.0,31.0,8.0,13.0,7.0,47.0,11.0,46.0,30.0,8.0,8.0,10.0
254,10.0,8.0,12.0,31.0,8.0,13.0,7.0,47.0,11.0,46.0,30.0,8.0,8.0,10.0
255,10.0,8.0,12.0,31.0,8.0,12.0,7.0,47.0,11.0,46.0,30.0,8.0,8.0,10.0
256,10.0,8.0,12.0,31.0,8.0,12.0,8.0,47.0,11.0,46.0,30.0,8.0,8.0,10.0
257,10.0,8.0,12.0,31.0,8.0,12.0,8.0,47.0,11.0,46.0,30.0,8.0,8.0,10.0
258,10.0,8.0,12.0,31.0,8.0,11.0,8.0,47.0,11.0,46.0,30.0,8.0,8.0,10.0
259,10.0,8.0,12.0,31.0,8.0,11.0,8.0,47.0,11.0,46.0,30.0,8.0,8.0,10.0
260,11.0,8.0,12.0,31.0,8.0,12.0,8.0,47.0,11.0,46.0,30.0,8.0,8.0,10.0
261,11.0,8.0,11.0,31.0,8.0,12.0,8.0,47.0,11.0,46.0,30.0,8.0,8.0,10.0
262,11.0,8.0,11.0,31.0,8.0,12.0,9.0,47.0,11.0,46.0,30.0,8.0,8.0,10.0
263,11.0,8.0,10.0,31.0,8.0,12.0,8.0,47.0,11.0,46.0,30.0,8.0,8.0,10.0
264,11.0,8.0,10.0,31.0,8.0,11.0,8.0,47.0,11.0,46.0,30.0,8.0,8.0,10.0
265,11.0,8.0,10.0,31.0,8.0,11.0,8.0,47.0,11.0,46.0,30.0,8.0,8.0,10.0
266,11.0,8.0,10.0,31.0,8.0,11.0,8.0,47.0,11.0,46.0,30.0,8.0,8.0,10.0
267,10.0,8.0,10.0,31.0,9.0,11.0,8.0,47.0,11.0,46.0,30.0,8.0,8.0,10.0
268,10.0,8.0,11.0,31.0,9.0,11.0,8.0,47.0,11.0,46.0,30.0,8.0,8.0,10.0
269,10.0,8.0,11.0,31.0,8.0,11.0,9.0,47.0,11.0,46.0,30.0,8.0,8.0,10.0
270,10.0,8.0,11.0,31.0,8.0,11.0,9.0,47.0,11.0,46.0,30.0,8.0,8.0,10.0
271,10.0,8.0,11.0,31.0,8.0,11.0,9.0,47.0,11.0,46.0,30.0,8.0,8.0,10.0
272,10.0,8.0,11.0,31.0,8.0,11.0,9.0,47.0,11.0,46.0,30.0,8.0,8.0,10.0
273,10.0,8.0,11.0,31.0,8.0,11.0,8.0,47.0,12.0,46.0,30.0,8.0,8.0,10.0
274,10.0,8.0,11.0,31.0,8.0,11.0,8.0,47.0,11.0,46.0,30.0,8.0,8.0,10.0
275,10.0,8.0,11.0,31.0,8.0,11.0,8.0,47.0,11.0,46.0,30.0,8.0,8.0,10.0
276,10.0,8.0,11.0,31.0,8.0,11.0,8.0,47.0,11.0,46.0,30.0,8.0,8.0,10.0
277,10.0,8.0,11.0,31.0,8.0,11.0,8.0,47.0,11.0,46.0,30.0,8.0,8.0,10.0
278,10.0,8.0,11.0,31.0,8.0,11.0,7.0,47.0,11.0,46.0,30.0,8.0,8.0,10.0
279,10.0,8.0,11.0,31.0,8.0,11.0,7.0,47.0,11.0,46.0,30.0,8.0,8.0,10.0
280,10.0,8.0,11.0,31.0,8.0,11.0,8.0,47.0,11.0,46.0,30.0,8.0,8.0,10.0
281,10.0,8.0,11.0,31.0,9.0,12.0,7.0,47.0,11.0,46.0,30.0,8.0,8.0,10.0
282,10.0,8.0,11.0,31.0,8.0,12.0,7.0,47.0,11.0,46.0,30.0,8.0,8.0,10.0
283,10.0,8.0,11.0,31.0,8.0,11.0,8.0,47.0,11.0,46.0,30.0,8.0,8.0,10.0
284,10.0,8.0,10.0,31.0,8.0,12.0,8.0,47.0,11.0,46.0,30.0,8.0,8.0,10.0
285,10.0,8.0,10.0,31.0,8.0,11.0,8.0,47.0,11.0,46.0,30.0,8.0,8.0,10.0
286,10.0,8.0,10.0,31.0,8.0,11.0,8.0,47.0,11.0,46.0,30.0,8.0,8.0,10.0
287,10.0,8.0,10.0,31.0,8.0,11.0,8.0,47.0,11.0,46.0,30.0,8.0,8.0,10.0
288,11.0,8.0,10.0,31.0,8.0,11.0,8.0,47.0,11.0,46.0,30.0,8.0,8.0,10.0
289,10.0,8.0,10.0,31.0,8.0,11.0,8.0,47.0,11.0,46.0,30.0,8.0,8.0,10.0
290,10.0,8.0,10.0,31.0,8.0,11.0,8.0,47.0,11.0,46.0,30.0,8.0,8.0,10.0
291,10.0,8.0,11.0,31.0,8.0,11.0,8.0,47.0,11.0,46.0,30.0,8.0,8.0,10.0
292,10.0,9.0,11.0,31.0,8.0,11.0,8.0,47.0,11.0,46.0,30.0,8.0,8.0,10.0
293,10.0,10.0,10.0,31.0,8.0,11.0,8.0,47.0,11.0,46.0,30.0,8.0,8.0,10.0
294,10.0,11.0,10.0,31.0,8.0,11.0,8.0,47.0,11.0,46.0,30.0,8.0,8.0,10.0
295,10.0,12.0,10.0,31.0,8.0,11.0,8.0,47.0,11.0,46.0,30.0,8.0,8.0,10.0
296,10.0,10.0,10.0,31.0,8.0,11.0,8.0,47.0,11.0,46.0,30.0,8.0,8.0,10.0
297,10.0,10.0,11.0,31.0,8.0,11.0,8.0,47.0,12.0,46.0,30.0,8.0,8.0,10.0
298,10.0,10.0,11.0,31.0,8.0,11.0,7.0,47.0,12.0,46.0,30.0,8.0,8.0,10.0
299,11.0,10.0,11.0,31.0,8.0,11.0,7.0,47.0,12.0,46.0,30.0,8.0,8.0,10.0
300,11.0,9.0,11.0,31.0,8.0,12.0,7.0,47.0,12.0,46.0,30.0,8.0,8.0,10.0
301,11.0,9.0,11.0,31.0,8.0,12.0,7.0,47.0,11.0,46.0,30.0,8.0,8.0,10.0
302,11.0,8.0,11.0,31.0,8.0,12.0,7.0,47.0,11.0,46.0,30.0,8.0,8.0,10.0
303,11.0,8.0,12.0,31.0,8.0,11.0,7.0,47.0,11.0,46.0,30.0,8.0,8.0,10.0
304,10.0,8.0,13.0,31.0,8.0,11.0,7.0,47.0,11.0,46.0,30.0,8.0,8.0,10.0
305,10.0,8.0,13.0,31.0,8.0,12.0,7.0,47.0,11.0,46.0,30.0,8.0,8.0,10.0
306,11.0,8.0,12.0,31.0,8.0,13.0,8.0,47.0,11.0,46.0,30.0,8.0,8.0,10.0
307,10.0,8.0,12.0,31.0,8.0,13.0,8.0,47.0,11.0,46.0,30.0,8.0,8.0,10.0
308,10.0,8.0,12.0,31.0,8.0,12.0,8.0,47.0,11.0,46.0,30.0,8.0,8.0,10.0
309,10.0,8.0,13.0,31.0,8.0,12.0,8.0,47.0,11.0,46.0,30.0,8.0,8.0,10.0
310,10.0,8.0,14.0,31.0,8.0,12.0,8.0,47.0,11.0,46.0,30.0,8.0,8.0,10.0
311,10.0,8.0,13.0,31.0,8.0,12.0,8.0,47.0,11.0,46.0,30.0,8.0,8.0,10.0
312,10.0,8.0,14.0,31.0,8.0,12.0,8.0,47.0,11.0,46.0,30.0,8.0,8.0,10.0
313,10.0,8.0,14.0,31.0,8.0,12.0,8.0,47.0,11.0,46.0,30.0,8.0,8.0,10.0
314,10.0,8.0,13.0,31.0,8.0,12.0,8.0,47.0,11.0,46.0,30.0,8.0,8.0,11.0
315,10.0,8.0,13.0,31.0,8.0,12.0,8.0,47.0,11.0,46.0,30.0,8.0,8.0,10.0
316,10.0,8.0,13.0,31.0,9.0,12.0,8.0,47.0,12.0,46.0,30.0,8.0,8.0,10.0
317,10.0,8.0,12.0,31.0,9.0,12.0,8.0,47.0,13.0,46.0,30.0,8.0,8.0,10.0
318,10.0,8.0,11.0,31.0,9.0,12.0,9.0,47.0,14.0,46.0,30.0,8.0,8.0,10.0
319,10.0,8.0,11.0,31.0,9.0,12.0,9.0,47.0,15.0,46.0,30.0,8.0,8.0,10.0
320,10.0,8.0,10.0,31.0,9.0,11.0,9.0,47.0,15.0,46.0,30.0,8.0,8.0,10.0
321,10.0,8.0,10.0,31.0,10.0,11.0,9.0,47.0,16.0,46.0,30.0,8.0,8.0,10.0
322,10.0,8.0,10.0,31.0,10.0,11.0,10.0,47.0,16.0,46.0,30.0,8.0,8.0,11.0
323,10.0,8.0,10.0,31.0,10.0,11.0,10.0,47.0,19.0,46.0,30.0,8.0,8.0,11.0
324,11.0,8.0,10.0,31.0,11.0,11.0,10.0,47.0,18.0,46.0,30.0,8.0,8.0,11.0
325,11.0,8.0,10.0,31.0,12.0,11.0,11.0,47.0,16.0,46.0,30.0,8.0,8.0,11.0
326,11.0,8.0,10.0,31.0,13.0,10.0,11.0,47.0,15.0,46.0,30.0,8.0,8.0,10.0
327,11.0,8.0,10.0,31.0,13.0,11.0,10.0,47.0,13.0,46.0,30.0,8.0,8.0,11.0
328,11.0,8.0,10.0,31.0,13.0,11.0,11.0,47.0,11.0,46.0,30.0,8.0,8.0,10.0
329,11.0,8.0,11.0,31.0,14.0,11.0,11.0,47.0,11.0,46.0,30.0,8.0,8.0,10.0
330,10.0,8.0,11.0,31.0,14.0,11.0,11.0,47.0,11.0,46.0,30.0,8.0,8.0,10.0
331,10.0,8.0,11.0,31.0,13.0,11.0,11.0,47.0,11.0,46.0,30.0,8.0,8.0,11.0
332,11.0,8.0,11.0,31.0,13.0,11.0,13.0,47.0,11.0,46.0,30.0,8.0,8.0,10.0
333,10.0,8.0,12.0,31.0,13.0,12.0,12.0,47.0,11.0,46.0,30.0,8.0,8.0,11.0
334,11.0,8.0,13.0,31.0,14.0,12.0,13.0,47.0,11.0,46.0,30.0,8.0,8.0,11.0
335,11.0,8.0,13.0,31.0,15.0,12.0,13.0,47.0,11.0,46.0,30.0,8.0,8.0,11.0
336,11.0,8.0,14.0,31.0,15.0,13.0,12.0,47.0,11.0,46.0,30.0,8.0,8.0,10.0
337,10.0,8.0,14.0,31.0,15.0,13.0,12.0,47.0,12.0,46.0,30.0,8.0,8.0,10.0
338,10.0,8.0,13.0,31.0,16.0,14.0,10.0,47.0,12.0,46.0,30.0,8.0,8.0,10.0
339,10.0,8.0,13.0,31.0,16.0,14.0,11.0,47.0,12.0,46.0,30.0,8.0,8.0,10.0
340,10.0,8.0,14.0,31.0,15.0,13.0,12.0,47.0,12.0,46.0,30.0,8.0,8.0,10.0
341,10.0,8.0,13.0,31.0,16.0,14.0,12.0,47.0,11.0,46.0,30.0,8.0,8.0,10.0
342,10.0,8.0,15.0,31.0,16.0,15.0,12.0,47.0,11.0,46.0,30.0,8.0,8.0,10.0
343,10.0,8.0,14.0,31.0,15.0,14.0,13.0,47.0,11.0,46.0,30.0,8.0,8.0,10.0
344,10.0,8.0,14.0,31.0,16.0,16.0,13.0,47.0,11.0,46.0,30.0,8.0,8.0,10.0
345,10.0,8.0,15.0,31.0,16.0,15.0,13.0,47.0,11.0,46.0,30.0,8.0,8.0,10.0
346,10.0,8.0,14.0,31.0,17.0,15.0,13.0,47.0,11.0,46.0,30.0,8.0,8.0,10.0
347,10.0,8.0,15.0,31.0,16.0,14.0,13.0,47.0,11.0,46.0,30.0,9.0,8.0,14.0
348,10.0,8.0,16.0,31.0,16.0,14.0,13.0,47.0,11.0,46.0,30.0,15.0,8.0,14.0
349,11.0,8.0,13.0,31.0,16.0,15.0,12.0,47.0,11.0,46.0,30.0,10.0,8.0,12.0
350,10.0,8.0,13.0,31.0,16.0,16.0,12.0,47.0,11.0,46.0,30.0,10.0,8.0,10.0
351,10.0,8.0,13.0,31.0,17.0,14.0,13.0,47.0,11.0,46.0,30.0,10.0,8.0,10.0
352,10.0,8.0,11.0,31.0,19.0,14.0,13.0,47.0,11.0,46.0,30.0,9.0,8.0,10.0
353,10.0,8.0,11.0,31.0,18.0,13.0,13.0,47.0,11.0,46.0,30.0,10.0,8.0,10.0
354,10.0,8.0,11.0,31.0,17.0,12.0,14.0,47.0,11.0,46.0,30.0,10.0,8.0,11.0
355,10.0,8.0,10.0,31.0,19.0,11.0,13.0,47.0,11.0,46.0,30.0,10.0,8.0,10.0
356,10.0,8.0,10.0,31.0,20.0,11.0,13.0,47.0,11.0,46.0,30.0,8.0,8.0,10.0
357,10.0,8.0,10.0,31.0,18.0,11.0,12.0,47.0,11.0,46.0,30.0,8.0,8.0,11.0
358,11.0,8.0,10.0,31.0,17.0,12.0,12.0,47.0,11.0,46.0,30.0,8.0,8.0,11.0
359,11.0,8.0,11.0,31.0,16.0,11.0,12.0,47.0,11.0,46.0,30.0,8.0,8.0,11.0
360,11.0,8.0,12.0,31.0,16.0,12.0,12.0,47.0,11.0,46.0,30.0,8.0,8.0,11.0
361,11.0,8.0,12.0,31.0,16.0,13.0,12.0,47.0,11.0,46.0,30.0,8.0,8.0,11.0
362,11.0,8.0,12.0,31.0,18.0,13.0,12.0,47.0,11.0,46.0,30.0,8.0,8.0,10.0
363,11.0,8.0,12.0,31.0,17.0,13.0,13.0,47.0,12.0,46.0,30.0,8.0,8.0,10.0
364,10.0,8.0,12.0,31.0,16.0,12.0,13.0,47.0,12.0,46.0,30.0,8.0,8.0,10.0
365,10.0,8.0,12.0,31.0,16.0,12.0,13.0,47.0,13.0,46.0,30.0,8.0,8.0,10.0
366,10.0,8.0,12.0,31.0,16.0,13.0,14.0,47.0,12.0,46.0,30.0,8.0,8.0,11.0
367,11.0,8.0,13.0,31.0,16.0,13.0,13.0,47.0,11.0,46.0,30.0,8.0,8.0,10.0
368,11.0,8.0,13.0,31.0,17.0,13.0,13.0,47.0,11.0,46.0,30.0,8.0,8.0,10.0
369,11.0,8.0,12.0,31.0,15.0,13.0,13.0,47.0,11.0,46.0,30.0,8.0,8.0,10.0
370,11.0,8.0,12.0,31.0,15.0,13.0,13.0,47.0,11.0,46.0,30.0,8.0,8.0,10.0
371,10.0,8.0,12.0,31.0,14.0,13.0,13.0,47.0,11.0,46.0,30.0,8.0,8.0,10.0
372,10.0,8.0,11.0,31.0,15.0,12.0,13.0,47.0,11.0,46.0,30.0,8.0,8.0,10.0
373,11.0,8.0,11.0,31.0,14.0,13.0,13.0,47.0,11.0,46.0,30.0,8.0,8.0,10.0
374,11.0,8.0,10.0,31.0,14.0,12.0,13.0,47.0,11.0,46.0,30.0,8.0,8.0,10.0
375,11.0,8.0,10.0,31.0,14.0,12.0,13.0,47.0,11.0,46.0,30.0,8.0,8.0,10.0
376,11.0,8.0,10.0,31.0,14.0,11.0,13.0,47.0,11.0,46.0,30.0,8.0,8.0,10.0
377,11.0,8.0,10.0,31.0,14.0,10.0,13.0,47.0,11.0,46.0,30.0,8.0,8.0,11.0
378,10.0,8.0,10.0,31.0,14.0,11.0,12.0,47.0,11.0,46.0,30.0,8.0,8.0,11.0
379,11.0,8.0,10.0,31.0,14.0,11.0,12.0,47.0,12.0,46.0,30.0,8.0,8.0,11.0
380,11.0,8.0,10.0,31.0,14.0,11.0,13.0,47.0,12.0,46.0,30.0,8.0,8.0,11.0
381,11.0,8.0,10.0,31.0,13.0,11.0,13.0,47.0,12.0,46.0,30.0,8.0,8.0,11.0
382,11.0,8.0,11.0,31.0,14.0,11.0,12.0,47.0,12.0,46.0,30.0,8.0,8.0,11.0
383,11.0,8.0,11.0,31.0,14.0,11.0,13.0,47.0,12.0,46.0,30.0,8.0,8.0,11.0
384,11.0,8.0,11.0,31.0,14.0,11.0,12.0,47.0,12.0,46.0,30.0,8.0,8.0,11.0
385,10.0,8.0,12.0,31.0,12.0,11.0,12.0,47.0,12.0,46.0,30.0,8.0,8.0,11.0
386,10.0,8.0,12.0,31.0,11.0,12.0,13.0,47.0,12.0,46.0,30.0,8.0,8.0,11.0
387,11.0,8.0,12.0,31.0,11.0,12.0,13.0,47.0,11.0,46.0,30.0,8.0,8.0,11.0
388,10.0,8.0,11.0,31.0,11.0,12.0,12.0,47.0,11.0,46.0,30.0,8.0,8.0,11.0
389,11.0,8.0,12.0,31.0,11.0,12.0,12.0,47.0,11.0,46.0,30.0,8.0,8.0,11.0
390,11.0,8.0,12.0,31.0,10.0,12.0,12.0,47.0,11.0,46.0,30.0,8.0,8.0,11.0
391,11.0,8.0,12.0,31.0,10.0,13.0,11.0,47.0,11.0,46.0,30.0,8.0,8.0,11.0
392,11.0,8.0,11.0,31.0,9.0,13.0,12.0,47.0,11.0,46.0,30.0,8.0,8.0,12.0
393,11.0,8.0,11.0,31.0,9.0,13.0,13.0,47.0,11.0,46.0,30.0,8.0,8.0,12.0
394,11.0,8.0,10.0,31.0,9.0,12.0,12.0,47.0,11.0,46.0,30.0,8.0,8.0,12.0
395,12.0,8.0,10.0,31.0,9.0,11.0,12.0,47.0,11.0,46.0,30.0,8.0,8.0,13.0
396,13.0,8.0,10.0,31.0,9.0,11.0,12.0,47.0,11.0,46.0,30.0,8.0,8.0,13.0
397,13.0,8.0,10.0,31.0,8.0,11.0,12.0,47.0,11.0,46.0,30.0,8.0,8.0,13.0
398,12.0,8.0,11.0,31.0,8.0,11.0,12.0,47.0,11.0,46.0,30.0,8.0,8.0,13.0
399,12.0,8.0,10.0,31.0,8.0,11.0,12.0,47.0,12.0,46.0,30.0,8.0,8.0,13.0
400,13.0,8.0,10.0,31.0,9.0,13.0,12.0,47.0,12.0,46.0,30.0,8.0,9.0,12.0
401,12.0,8.0,10.0,31.0,9.0,12.0,12.0,47.0,13.0,46.0,30.0,8.0,9.0,11.0
402,11.0,8.0,11.0,31.0,8.0,12.0,13.0,47.0,13.0,46.0,30.0,8.0,9.0,11.0
403,11.0,8.0,10.0,31.0,9.0,12.0,12.0,47.0,14.0,46.0,30.0,8.0,9.0,11.0
404,11.0,8.0,10.0,31.0,10.0,13.0,12.0,47.0,13.0,46.0,30.0,8.0,9.0,12.0
405,11.0,8.0,10.0,31.0,9.0,11.0,11.0,47.0,12.0,46.0,30.0,8.0,10.0,11.0
406,11.0,8.0,10.0,31.0,9.0,11.0,11.0,47.0,12.0,46.0,30.0,8.0,9.0,11.0
407,11.0,8.0,10.0,31.0,9.0,11.0,12.0,47.0,12.0,46.0,30.0,8.0,9.0,11.0
408,11.0,8.0,10.0,33.0,9.0,11.0,12.0,47.0,13.0,46.0,30.0,8.0,10.0,11.0
409,11.0,8.0,10.0,33.0,8.0,11.0,12.0,47.0,12.0,46.0,30.0,8.0,12.0,11.0
410,11.0,8.0,10.0,33.0,8.0,11.0,13.0,47.0,12.0,46.0,30.0,8.0,12.0,11.0
411,11.0,8.0,10.0,32.0,8.0,10.0,13.0,47.0,12.0,46.0,30.0,8.0,12.0,12.0
412,12.0,8.0,10.0,32.0,8.0,11.0,13.0,47.0,11.0,46.0,30.0,8.0,12.0,12.0
413,12.0,8.0,11.0,32.0,8.0,11.0,12.0,47.0,13.0,46.0,30.0,9.0,11.0,11.0
414,12.0,8.0,10.0,33.0,8.0,10.0,12.0,47.0,15.0,46.0,30.0,9.0,11.0,10.0
415,11.0,9.0,11.0,32.0,8.0,11.0,12.0,47.0,14.0,46.0,30.0,9.0,11.0,10.0
416,11.0,8.0,10.0,31.0,8.0,11.0,12.0,47.0,12.0,46.0,30.0,9.0,9.0,10.0
417,10.0,8.0,10.0,31.0,8.0,11.0,12.0,47.0,12.0,46.0,30.0,8.0,8.0,10.0
418,10.0,8.0,10.0,31.0,9.0,11.0,12.0,47.0,11.0,46.0,30.0,8.0,8.0,10.0
419,10.0,8.0,10.0,31.0,8.0,11.0,13.0,47.0,11.0,46.0,30.0,8.0,9.0,10.0
420,10.0,8.0,11.0,31.0,8.0,13.0,11.0,47.0,11.0,46.0,30.0,8.0,9.0,10.0
421,10.0,8.0,11.0,31.0,8.0,13.0,11.0,47.0,11.0,46.0,30.0,8.0,9.0,11.0
422,11.0,8.0,11.0,31.0,8.0,13.0,11.0,47.0,11.0,46.0,30.0,8.0,8.0,12.0
423,11.0,8.0,10.0,31.0,9.0,12.0,12.0,47.0,11.0,46.0,30.0,8.0,8.0,11.0
424,11.0,8.0,10.0,31.0,8.0,11.0,13.0,47.0,11.0,46.0,30.0,8.0,8.0,11.0
425,11.0,8.0,10.0,31.0,9.0,11.0,13.0,47.0,12.0,46.0,30.0,8.0,9.0,11.0
426,12.0,8.0,10.0,31.0,9.0,10.0,14.0,47.0,11.0,46.0,30.0,8.0,9.0,12.0
427,12.0,8.0,10.0,31.0,9.0,10.0,13.0,47.0,12.0,46.0,30.0,8.0,9.0,13.0
428,13.0,8.0,11.0,31.0,8.0,11.0,14.0,47.0,13.0,46.0,30.0,8.0,9.0,12.0
429,12.0,8.0,10.0,31.0,8.0,11.0,14.0,47.0,13.0,46.0,30.0,8.0,9.0,12.0
430,12.0,8.0,10.0,31.0,8.0,11.0,14.0,47.0,15.0,46.0,30.0,8.0,9.0,12.0
431,12.0,8.0,11.0,31.0,9.0,12.0,13.0,47.0,15.0,46.0,30.0,8.0,10.0,12.0
432,12.0,8.0,11.0,31.0,9.0,11.0,12.0,47.0,15.0,46.0,30.0,8.0,9.0,11.0
433,11.0,8.0,11.0,31.0,8.0,11.0,12.0,47.0,13.0,46.0,30.0,8.0,10.0,11.0
434,11.0,8.0,11.0,31.0,8.0,11.0,12.0,47.0,13.0,46.0,30.0,8.0,10.0,10.0
435,11.0,8.0,11.0,31.0,8.0,11.0,12.0,47.0,13.0,46.0,30.0,8.0,11.0,10.0
436,11.0,8.0,11.0,31.0,8.0,11.0,11.0,47.0,12.0,46.0,30.0,8.0,11.0,10.0
437,10.0,8.0,10.0,31.0,9.0,12.0,12.0,47.0,12.0,46.0,30.0,8.0,11.0,10.0
438,10.0,8.0,11.0,31.0,9.0,12.0,12.0,47.0,12.0,46.0,30.0,8.0,11.0,10.0
439,10.0,8.0,11.0,31.0,9.0,11.0,12.0,47.0,11.0,46.0,30.0,8.0,11.0,10.0
440,11.0,8.0,11.0,31.0,9.0,11.0,12.0,47.0,11.0,46.0,30.0,8.0,11.0,11.0
441,11.0,8.0,11.0,31.0,8.0,11.0,12.0,47.0,11.0,46.0,30.0,8.0,11.0,11.0
442,11.0,8.0,11.0,31.0,8.0,11.0,11.0,47.0,11.0,46.0,30.0,8.0,12.0,11.0
443,11.0,8.0,11.0,31.0,8.0,11.0,11.0,47.0,11.0,46.0,30.0,8.0,11.0,12.0
444,12.0,8.0,11.0,31.0,9.0,11.0,12.0,47.0,11.0,46.0,30.0,8.0,11.0,12.0
445,12.0,8.0,10.0,31.0,8.0,11.0,12.0,47.0,11.0,46.0,30.0,8.0,11.0,12.0
446,12.0,8.0,10.0,31.0,8.0,11.0,12.0,47.0,11.0,46.0,30.0,8.0,10.0,12.0
447,12.0,8.0,10.0,31.0,9.0,11.0,12.0,47.0,11.0,46.0,30.0,8.0,10.0,12.0
448,12.0,8.0,10.0,31.0,9.0,11.0,11.0,47.0,11.0,46.0,30.0,8.0,9.0,11.0
449,11.0,8.0,10.0,31.0,9.0,11.0,12.0,47.0,11.0,46.0,30.0,8.0,9.0,10.0
450,10.0,8.0,10.0,31.0,8.0,11.0,12.0,47.0,11.0,46.0,30.0,8.0,9.0,10.0
451,10.0,8.0,11.0,31.0,8.0,11.0,12.0,47.0,11.0,46.0,30.0,8.0,9.0,10.0
452,10.0,9.0,10.0,31.0,8.0,11.0,12.0,47.0,11.0,46.0,30.0,8.0,9.0,10.0
453,10.0,9.0,10.0,31.0,9.0,11.0,11.0,47.0,11.0,46.0,30.0,8.0,8.0,10.0
454,10.0,9.0,10.0,31.0,8.0,11.0,11.0,47.0,11.0,46.0,30.0,8.0,8.0,10.0
455,10.0,8.0,10.0,31.0,8.0,11.0,11.0,47.0,11.0,46.0,30.0,8.0,8.0,10.0
456,10.0,8.0,10.0,31.0,9.0,11.0,11.0,47.0,11.0,46.0,30.0,8.0,8.0,10.0
457,10.0,8.0,10.0,31.0,8.0,11.0,11.0,47.0,11.0,46.0,30.0,8.0,8.0,10.0
458,10.0,8.0,11.0,31.0,8.0,11.0,11.0,47.0,11.0,46.0,30.0,8.0,8.0,10.0
459,10.0,8.0,11.0,31.0,8.0,11.0,11.0,47.0,11.0,46.0,30.0,8.0,8.0,10.0
460,10.0,8.0,11.0,31.0,8.0,11.0,12.0,47.0,11.0,46.0,30.0,8.0,8.0,10.0
461,10.0,8.0,11.0,31.0,9.0,11.0,12.0,47.0,11.0,46.0,30.0,8.0,8.0,10.0
462,10.0,8.0,10.0,31.0,8.0,11.0,12.0,47.0,11.0,46.0,30.0,8.0,8.0,10.0
463,10.0,8.0,10.0,31.0,8.0,11.0,11.0,47.0,11.0,46.0,30.0,8.0,8.0,10.0
464,10.0,8.0,11.0,31.0,8.0,11.0,11.0,47.0,11.0,46.0,30.0,8.0,8.0,10.0
465,10.0,8.0,10.0,31.0,8.0,11.0,11.0,47.0,11.0,46.0,30.0,8.0,8.0,10.0
466,10.0,8.0,10.0,31.0,8.0,11.0,11.0,47.0,11.0,46.0,30.0,8.0,8.0,10.0
467,10.0,8.0,10.0,31.0,8.0,11.0,12.0,47.0,11.0,46.0,30.0,8.0,8.0,10.0
468,10.0,8.0,10.0,31.0,8.0,11.0,12.0,47.0,11.0,46.0,30.0,8.0,8.0,10.0
469,10.0,8.0,10.0,31.0,8.0,11.0,11.0,47.0,11.0,46.0,30.0,8.0,8.0,10.0
470,10.0,8.0,10.0,31.0,8.0,11.0,11.0,47.0,11.0,46.0,30.0,8.0,8.0,10.0
471,10.0,8.0,10.0,31.0,8.0,10.0,11.0,47.0,11.0,46.0,30.0,8.0,8.0,10.0
472,10.0,8.0,10.0,31.0,8.0,10.0,11.0,47.0,11.0,46.0,30.0,8.0,8.0,10.0
473,10.0,8.0,10.0,31.0,8.0,11.0,11.0,47.0,11.0,46.0,30.0,8.0,8.0,10.0
474,10.0,8.0,11.0,31.0,8.0,11.0,11.0,47.0,11.0,46.0,30.0,8.0,8.0,10.0
475,10.0,8.0,11.0,31.0,8.0,11.0,11.0,47.0,11.0,46.0,30.0,8.0,8.0,10.0
476,10.0,8.0,11.0,31.0,9.0,11.0,10.0,47.0,11.0,46.0,30.0,8.0,8.0,10.0
477,10.0,8.0,10.0,31.0,9.0,11.0,9.0,47.0,11.0,46.0,30.0,8.0,8.0,10.0
478,10.0,8.0,10.0,31.0,9.0,11.0,8.0,47.0,11.0,46.0,30.0,8.0,8.0,10.0
479,10.0,8.0,10.0,31.0,8.0,11.0,8.0,47.0,11.0,46.0,30.0,8.0,8.0,10.0
480,10.0,8.0,10.0,31.0,8.0,10.0,8.0,47.0,11.0,46.0,30.0,8.0,8.0,10.0
481,10.0,8.0,10.0,31.0,8.0,10.0,8.0,47.0,11.0,46.0,30.0,8.0,8.0,10.0
482,10.0,8.0,10.0,31.0,8.0,10.0,8.0,47.0,11.0,46.0,30.0,8.0,8.0,10.0
483,10.0,8.0,10.0,31.0,8.0,10.0,7.0,47.0,11.0,46.0,30.0,8.0,8.0,10.0
484,10.0,8.0,10.0,31.0,8.0,11.0,7.0,47.0,11.0,46.0,30.0,8.0,8.0,10.0
485,10.0,8.0,10.0,31.0,8.0,11.0,7.0,47.0,11.0,46.0,30.0,8.0,8.0,10.0
486,10.0,8.0,10.0,31.0,8.0,10.0,8.0,47.0,11.0,46.0,30.0,8.0,8.0,10.0
487,10.0,8.0,10.0,31.0,8.0,10.0,8.0,47.0,11.0,46.0,30.0,8.0,8.0,10.0
488,10.0,8.0,10.0,31.0,8.0,10.0,7.0,47.0,11.0,46.0,30.0,8.0,8.0,10.0
489,10.0,8.0,10.0,31.0,8.0,10.0,8.0,47.0,11.0,46.0,30.0,8.0,8.0,10.0
490,10.0,8.0,10.0,31.0,9.0,10.0,8.0,47.0,11.0,46.0,30.0,8.0,8.0,10.0
491,10.0,8.0,10.0,31.0,8.0,10.0,8.0,47.0,11.0,46.0,30.0,8.0,8.0,10.0
492,10.0,8.0,10.0,31.0,8.0,10.0,8.0,47.0,11.0,46.0,30.0,8.0,8.0,10.0
493,10.0,8.0,10.0,31.0,8.0,10.0,8.0,47.0,11.0,46.0,30.0,8.0,8.0,10.0
494,10.0,8.0,10.0,31.0,8.0,10.0,8.0,47.0,11.0,46.0,30.0,8.0,8.0,10.0
495,10.0,8.0,10.0,31.0,8.0,10.0,8.0,47.0,11.0,46.0,30.0,8.0,8.0,10.0
496,10.0,8.0,10.0,31.0,8.0,10.0,8.0,47.0,11.0,46.0,30.0,8.0,8.0,10.0
497,10.0,8.0,10.0,31.0,8.0,10.0,8.0,47.0,11.0,46.0,30.0,8.0,8.0,10.0
498,10.0,8.0,10.0,31.0,9.0,10.0,8.0,47.0,11.0,46.0,30.0,8.0,8.0,10.0
499,10.0,8.0,10.0,31.0,8.0,11.0,8.0,47.0,11.0,46.0,30.0,8.0,8.0,10.0
500,10.0,8.0,11.0,31.0,8.0,11.0,8.0,47.0,11.0,46.0,30.0,8.0,8.0,10.0
501,10.0,8.0,10.0,31.0,8.0,11.0,8.0,47.0,11.0,46.0,30.0,8.0,8.0,10.0
502,10.0,8.0,10.0,31.0,8.0,11.0,8.0,47.0,11.0,46.0,30.0,8.0,8.0,10.0
503,10.0,8.0,10.0,31.0,8.0,11.0,8.0,47.0,11.0,46.0,30.0,8.0,8.0,10.0
504,10.0,8.0,11.0,31.0,8.0,11.0,8.0,47.0,11.0,46.0,30.0,8.0,8.0,10.0
505,10.0,8.0,16.0,31.0,8.0,11.0,8.0,47.0,11.0,46.0,30.0,8.0,8.0,10.0
506,10.0,8.0,18.0,31.0,8.0,11.0,8.0,47.0,11.0,46.0,30.0,8.0,8.0,10.0
507,10.0,8.0,17.0,31.0,8.0,11.0,8.0,47.0,11.0,46.0,30.0,8.0,8.0,10.0
508,10.0,8.0,16.0,31.0,8.0,14.0,8.0,47.0,11.0,46.0,30.0,8.0,8.0,10.0
509,10.0,8.0,15.0,31.0,8.0,13.0,7.0,47.0,11.0,46.0,30.0,8.0,8.0,10.0
510,10.0,8.0,14.0,31.0,8.0,13.0,7.0,47.0,11.0,46.0,30.0,8.0,8.0,10.0
511,10.0,8.0,14.0,31.0,8.0,14.0,7.0,47.0,11.0,46.0,30.0,8.0,8.0,10.0
512,10.0,8.0,19.0,31.0,9.0,14.0,7.0,47.0,11.0,46.0,30.0,8.0,8.0,10.0
513,10.0,8.0,18.0,31.0,8.0,13.0,7.0,47.0,11.0,46.0,30.0,8.0,8.0,10.0
514,10.0,8.0,21.0,31.0,8.0,19.0,7.0,47.0,11.0,46.0,30.0,8.0,8.0,10.0
515,10.0,8.0,23.0,31.0,9.0,19.0,7.0,47.0,11.0,46.0,30.0,8.0,8.0,10.0
516,10.0,8.0,24.0,31.0,8.0,22.0,7.0,47.0,11.0,46.0,30.0,8.0,8.0,10.0
517,10.0,8.0,20.0,31.0,8.0,23.0,7.0,47.0,11.0,46.0,30.0,8.0,8.0,10.0
518,10.0,8.0,21.0,31.0,8.0,24.0,7.0,47.0,11.0,46.0,30.0,8.0,8.0,10.0
519,10.0,8.0,21.0,31.0,8.0,22.0,8.0,47.0,11.0,46.0,30.0,8.0,8.0,10.0
520,10.0,8.0,21.0,31.0,8.0,22.0,8.0,47.0,11.0,46.0,30.0,8.0,8.0,10.0
521,10.0,8.0,20.0,31.0,8.0,21.0,7.0,47.0,11.0,46.0,30.0,8.0,8.0,10.0
522,10.0,8.0,20.0,31.0,8.0,22.0,7.0,47.0,11.0,46.0,30.0,8.0,8.0,10.0
523,10.0,8.0,19.0,31.0,8.0,21.0,7.0,47.0,11.0,46.0,30.0,8.0,8.0,10.0
524,10.0,8.0,19.0,31.0,8.0,21.0,7.0,47.0,11.0,46.0,30.0,8.0,8.0,10.0
525,10.0,8.0,18.0,31.0,8.0,21.0,7.0,47.0,11.0,46.0,30.0,8.0,8.0,10.0
526,10.0,8.0,18.0,31.0,8.0,19.0,7.0,47.0,11.0,46.0,30.0,8.0,8.0,10.0
527,10.0,8.0,20.0,31.0,8.0,19.0,7.0,47.0,11.0,46.0,30.0,8.0,8.0,10.0
528,10.0,8.0,21.0,31.0,8.0,19.0,7.0,47.0,11.0,46.0,30.0,8.0,8.0,10.0
529,10.0,8.0,23.0,31.0,9.0,20.0,7.0,47.0,11.0,46.0,30.0,8.0,8.0,10.0
530,10.0,8.0,23.0,31.0,9.0,21.0,7.0,47.0,11.0,46.0,30.0,8.0,8.0,10.0
531,10.0,8.0,25.0,31.0,9.0,23.0,7.0,47.0,11.0,46.0,30.0,8.0,8.0,10.0
532,10.0,8.0,23.0,31.0,8.0,24.0,7.0,47.0,11.0,46.0,30.0,8.0,8.0,10.0
533,10.0,8.0,22.0,31.0,8.0,25.0,7.0,47.0,11.0,46.0,30.0,8.0,8.0,10.0
534,10.0,8.0,22.0,31.0,8.0,24.0,7.0,47.0,11.0,46.0,30.0,8.0,8.0,10.0
535,10.0,8.0,21.0,31.0,9.0,24.0,7.0,47.0,11.0,46.0,31.0,8.0,8.0,10.0
536,10.0,8.0,20.0,31.0,9.0,22.0,8.0,47.0,11.0,46.0,32.0,8.0,8.0,10.0
537,10.0,8.0,21.0,31.0,9.0,22.0,8.0,47.0,11.0,46.0,33.0,8.0,8.0,10.0
538,10.0,8.0,21.0,31.0,9.0,21.0,7.0,47.0,11.0,46.0,32.0,8.0,8.0,10.0
539,10.0,8.0,18.0,31.0,9.0,21.0,7.0,47.0,11.0,46.0,35.0,8.0,8.0,10.0
540,10.0,8.0,18.0,31.0,8.0,24.0,7.0,47.0,11.0,46.0,38.0,8.0,8.0,10.0
541,10.0,8.0,18.0,31.0,8.0,21.0,7.0,47.0,11.0,46.0,34.0,8.0,8.0,10.0
542,10.0,8.0,21.0,31.0,8.0,19.0,7.0,47.0,11.0,46.0,34.0,8.0,8.0,10.0
543,10.0,8.0,20.0,31.0,9.0,19.0,7.0,47.0,11.0,46.0,32.0,8.0,8.0,10.0
544,10.0,8.0,18.0,31.0,8.0,20.0,7.0,47.0,11.0,46.0,33.0,8.0,8.0,10.0
545,10.0,8.0,24.0,31.0,8.0,20.0,7.0,47.0,11.0,46.0,34.0,8.0,8.0,10.0
546,10.0,8.0,24.0,31.0,8.0,18.0,7.0,47.0,11.0,46.0,31.0,8.0,8.0,10.0
547,10.0,8.0,23.0,31.0,8.0,20.0,7.0,47.0,11.0,46.0,30.0,8.0,8.0,10.0
548,10.0,8.0,23.0,31.0,8.0,21.0,7.0,47.0,11.0,46.0,30.0,8.0,8.0,10.0
549,10.0,8.0,21.0,31.0,8.0,21.0,7.0,47.0,11.0,46.0,30.0,8.0,8.0,10.0
550,10.0,8.0,20.0,31.0,9.0,22.0,7.0,47.0,11.0,46.0,30.0,8.0,8.0,10.0
551,10.0,8.0,17.0,31.0,9.0,21.0,7.0,47.0,11.0,46.0,30.0,8.0,8.0,10.0
552,10.0,8.0,15.0,31.0,8.0,18.0,7.0,47.0,11.0,46.0,30.0,8.0,8.0,10.0
553,10.0,8.0,14.0,31.0,8.0,15.0,7.0,47.0,11.0,46.0,30.0,8.0,8.0,10.0
554,10.0,8.0,14.0,31.0,8.0,14.0,7.0,47.0,11.0,46.0,30.0,8.0,8.0,10.0
555,10.0,8.0,13.0,31.0,9.0,14.0,7.0,47.0,11.0,46.0,30.0,8.0,8.0,11.0
556,12.0,8.0,13.0,31.0,9.0,14.0,7.0,47.0,11.0,46.0,30.0,8.0,8.0,11.0
557,11.0,8.0,12.0,31.0,9.0,13.0,7.0,47.0,11.0,46.0,30.0,8.0,8.0,11.0
558,12.0,8.0,12.0,31.0,9.0,13.0,7.0,47.0,11.0,46.0,30.0,8.0,8.0,11.0
559,12.0,8.0,12.0,31.0,9.0,12.0,7.0,47.0,11.0,46.0,30.0,8.0,8.0,11.0
560,11.0,8.0,11.0,31.0,9.0,12.0,7.0,47.0,11.0,46.0,30.0,8.0,8.0,11.0
561,11.0,8.0,11.0,31.0,9.0,12.0,7.0,47.0,11.0,46.0,30.0,8.0,8.0,10.0
562,10.0,8.0,11.0,31.0,8.0,11.0,7.0,47.0,11.0,46.0,30.0,8.0,8.0,10.0
563,12.0,8.0,11.0,31.0,8.0,11.0,7.0,47.0,11.0,46.0,30.0,8.0,8.0,11.0
564,12.0,8.0,11.0,31.0,8.0,11.0,7.0,47.0,11.0,46.0,30.0,8.0,8.0,11.0
565,10.0,8.0,11.0,31.0,8.0,11.0,8.0,47.0,11.0,46.0,30.0,8.0,8.0,10.0
566,10.0,8.0,11.0,31.0,8.0,10.0,8.0,47.0,11.0,46.0,30.0,8.0,8.0,10.0
567,10.0,8.0,11.0,31.0,9.0,10.0,8.0,47.0,11.0,46.0,30.0,8.0,8.0,10.0
568,10.0,8.0,11.0,31.0,9.0,11.0,8.0,47.0,11.0,46.0,30.0,8.0,8.0,10.0
569,10.0,8.0,10.0,31.0,8.0,11.0,9.0,47.0,11.0,46.0,30.0,8.0,8.0,10.0
570,10.0,8.0,11.0,31.0,8.0,11.0,9.0,47.0,11.0,46.0,30.0,8.0,8.0,10.0
571,10.0,8.0,11.0,31.0,9.0,11.0,9.0,47.0,11.0,46.0,30.0,8.0,8.0,10.0
572,10.0,8.0,10.0,31.0,9.0,11.0,9.0,47.0,11.0,46.0,30.0,8.0,8.0,10.0
573,10.0,8.0,10.0,31.0,9.0,11.0,9.0,47.0,11.0,46.0,30.0,8.0,8.0,10.0
574,10.0,8.0,11.0,31.0,8.0,15.0,9.0,47.0,11.0,46.0,30.0,8.0,8.0,10.0
575,10.0,8.0,11.0,31.0,8.0,14.0,9.0,47.0,11.0,46.0,30.0,8.0,8.0,10.0
576,10.0,8.0,10.0,31.0,8.0,11.0,10.0,47.0,11.0,46.0,30.0,8.0,8.0,10.0
577,10.0,8.0,11.0,31.0,8.0,11.0,11.0,47.0,11.0,46.0,30.0,8.0,8.0,10.0
578,11.0,8.0,11.0,31.0,8.0,11.0,11.0,47.0,11.0,46.0,30.0,8.0,8.0,10.0
579,11.0,8.0,11.0,31.0,8.0,11.0,11.0,47.0,11.0,46.0,30.0,8.0,8.0,10.0
580,10.0,8.0,10.0,31.0,8.0,11.0,11.0,47.0,11.0,46.0,30.0,8.0,8.0,10.0
581,10.0,8.0,10.0,31.0,8.0,11.0,11.0,47.0,11.0,46.0,30.0,8.0,8.0,10.0
582,10.0,8.0,10.0,31.0,8.0,10.0,11.0,47.0,11.0,46.0,30.0,8.0,8.0,10.0
583,10.0,8.0,10.0,31.0,8.0,10.0,11.0,47.0,11.0,46.0,30.0,8.0,8.0,10.0
584,10.0,8.0,11.0,31.0,8.0,14.0,11.0,47.0,11.0,46.0,30.0,8.0,8.0,10.0
585,10.0,8.0,11.0,31.0,8.0,15.0,11.0,47.0,11.0,46.0,30.0,8.0,8.0,10.0
586,10.0,8.0,11.0,31.0,8.0,11.0,10.0,47.0,11.0,46.0,30.0,8.0,8.0,10.0
587,10.0,8.0,11.0,31.0,8.0,11.0,9.0,47.0,11.0,46.0,30.0,8.0,8.0,10.0
588,10.0,8.0,11.0,31.0,8.0,11.0,8.0,47.0,11.0,46.0,30.0,8.0,8.0,10.0
589,10.0,8.0,11.0,31.0,8.0,11.0,8.0,47.0,11.0,46.0,30.0,8.0,8.0,10.0
590,10.0,8.0,11.0,31.0,8.0,10.0,8.0,47.0,11.0,46.0,30.0,8.0,8.0,10.0
591,10.0,8.0,10.0,31.0,8.0,10.0,8.0,47.0,11.0,46.0,30.0,8.0,8.0,10.0
592,10.0,8.0,11.0,31.0,8.0,11.0,8.0,47.0,11.0,46.0,30.0,8.0,8.0,10.0
593,10.0,8.0,11.0,31.0,8.0,11.0,7.0,47.0,11.0,46.0,30.0,8.0,8.0,10.0
594,10.0,8.0,11.0,31.0,8.0,11.0,7.0,47.0,11.0,46.0,30.0,8.0,8.0,10.0
595,10.0,8.0,10.0,31.0,8.0,11.0,7.0,47.0,11.0,46.0,30.0,8.0,8.0,10.0
596,10.0,8.0,10.0,31.0,8.0,11.0,8.0,47.0,11.0,46.0,30.0,8.0,8.0,10.0
597,10.0,8.0,10.0,31.0,8.0,10.0,8.0,47.0,11.0,46.0,30.0,8.0,8.0,10.0
598,10.0,8.0,10.0,31.0,8.0,10.0,8.0,47.0,11.0,46.0,30.0,8.0,8.0,10.0
599,10.0,8.0,10.0,31.0,8.0,10.0,8.0,47.0,11.0,46.0,30.0,8.0,8.0,10.0
600,10.0,8.0,10.0,31.0,8.0,10.0,8.0,47.0,11.0,46.0,30.0,8.0,8.0,10.0
601,10.0,8.0,10.0,31.0,8.0,10.0,8.0,47.0,11.0,46.0,30.0,8.0,8.0,10.0
602,10.0,8.0,10.0,31.0,8.0,10.0,8.0,47.0,11.0,46.0,30.0,8.0,8.0,10.0
603,10.0,8.0,10.0,31.0,8.0,11.0,8.0,47.0,11.0,46.0,30.0,8.0,8.0,10.0
604,10.0,8.0,11.0,31.0,8.0,11.0,8.0,47.0,11.0,46.0,30.0,8.0,8.0,10.0
605,10.0,8.0,11.0,31.0,8.0,11.0,8.0,47.0,11.0,46.0,30.0,8.0,8.0,10.0
606,10.0,8.0,11.0,31.0,8.0,11.0,8.0,47.0,11.0,46.0,30.0,8.0,8.0,10.0
607,10.0,8.0,10.0,31.0,8.0,11.0,8.0,47.0,11.0,46.0,30.0,8.0,8.0,10.0
608,10.0,8.0,10.0,31.0,8.0,11.0,8.0,47.0,11.0,46.0,30.0,8.0,8.0,10.0
609,10.0,8.0,10.0,31.0,8.0,10.0,8.0,47.0,11.0,46.0,30.0,8.0,8.0,10.0
610,10.0,8.0,10.0,31.0,8.0,10.0,8.0,47.0,11.0,46.0,30.0,8.0,8.0,10.0
611,10.0,8.0,10.0,31.0,8.0,10.0,8.0,47.0,11.0,46.0,30.0,8.0,8.0,10.0
612,10.0,8.0,10.0,31.0,8.0,10.0,8.0,47.0,11.0,46.0,30.0,8.0,8.0,10.0
613,10.0,8.0,10.0,31.0,8.0,10.0,8.0,47.0,11.0,46.0,30.0,8.0,8.0,10.0
614,10.0,8.0,10.0,31.0,8.0,11.0,8.0,47.0,11.0,46.0,30.0,8.0,8.0,10.0
615,10.0,8.0,10.0,31.0,8.0,10.0,7.0,47.0,11.0,46.0,30.0,8.0,8.0,10.0
616,10.0,8.0,11.0,31.0,8.0,10.0,7.0,47.0,11.0,46.0,30.0,8.0,8.0,10.0
617,10.0,8.0,11.0,31.0,8.0,11.0,7.0,47.0,11.0,46.0,30.0,8.0,8.0,10.0
618,10.0,8.0,11.0,31.0,8.0,11.0,7.0,47.0,11.0,46.0,30.0,8.0,8.0,10.0
619,10.0,8.0,11.0,31.0,8.0,11.0,7.0,47.0,11.0,46.0,30.0,8.0,8.0,10.0
620,10.0,8.0,11.0,31.0,8.0,11.0,7.0,47.0,11.0,46.0,30.0,8.0,8.0,10.0
621,10.0,8.0,10.0,31.0,8.0,11.0,7.0,47.0,11.0,46.0,30.0,8.0,8.0,10.0
622,10.0,8.0,10.0,31.0,8.0,11.0,7.0,47.0,11.0,46.0,30.0,8.0,8.0,10.0
623,10.0,8.0,10.0,31.0,8.0,11.0,7.0,47.0,11.0,46.0,30.0,8.0,8.0,10.0
624,10.0,8.0,11.0,31.0,8.0,11.0,7.0,47.0,11.0,46.0,30.0,8.0,8.0,10.0
625,10.0,8.0,10.0,31.0,8.0,11.0,7.0,47.0,11.0,46.0,30.0,8.0,8.0,10.0
626,10.0,8.0,10.0,31.0,8.0,11.0,7.0,47.0,11.0,46.0,30.0,8.0,8.0,10.0
627,10.0,8.0,10.0,31.0,8.0,10.0,7.0,47.0,11.0,46.0,30.0,8.0,8.0,10.0
628,10.0,8.0,10.0,31.0,8.0,10.0,7.0,47.0,11.0,46.0,30.0,8.0,8.0,10.0
629,10.0,8.0,10.0,31.0,8.0,11.0,7.0,47.0,11.0,46.0,30.0,8.0,8.0,10.0
630,10.0,8.0,10.0,31.0,8.0,10.0,8.0,47.0,11.0,46.0,30.0,8.0,8.0,10.0
631,10.0,8.0,11.0,31.0,8.0,11.0,7.0,47.0,11.0,46.0,30.0,8.0,8.0,10.0
632,10.0,8.0,11.0,31.0,8.0,10.0,7.0,47.0,11.0,46.0,30.0,8.0,8.0,10.0
633,10.0,8.0,10.0,31.0,8.0,11.0,7.0,47.0,11.0,46.0,30.0,8.0,8.0,10.0
634,10.0,8.0,10.0,31.0,8.0,11.0,7.0,47.0,11.0,46.0,30.0,8.0,8.0,10.0
635,10.0,8.0,10.0,31.0,8.0,11.0,7.0,47.0,11.0,46.0,30.0,8.0,8.0,10.0
636,10.0,8.0,10.0,31.0,8.0,10.0,7.0,47.0,11.0,46.0,30.0,8.0,8.0,10.0
637,10.0,8.0,10.0,31.0,8.0,11.0,7.0,47.0,11.0,46.0,30.0,8.0,8.0,10.0
638,10.0,8.0,10.0,31.0,8.0,11.0,7.0,47.0,11.0,46.0,30.0,8.0,8.0,10.0
639,10.0,8.0,10.0,31.0,8.0,11.0,7.0,47.0,11.0,46.0,30.0,8.0,8.0,10.0
640,10.0,8.0,10.0,31.0,8.0,11.0,7.0,47.0,11.0,46.0,30.0,8.0,8.0,10.0
641,10.0,8.0,10.0,31.0,8.0,11.0,7.0,47.0,11.0,46.0,30.0,8.0,8.0,10.0
642,10.0,8.0,10.0,31.0,8.0,10.0,7.0,47.0,11.0,46.0,30.0,8.0,8.0,10.0
643,10.0,8.0,10.0,31.0,8.0,10.0,7.0,47.0,11.0,46.0,30.0,8.0,8.0,10.0
644,10.0,8.0,11.0,31.0,8.0,11.0,7.0,47.0,11.0,46.0,30.0,8.0,8.0,10.0
645,10.0,8.0,11.0,31.0,8.0,11.0,7.0,47.0,11.0,46.0,30.0,8.0,8.0,10.0
646,10.0,8.0,11.0,31.0,8.0,12.0,7.0,47.0,11.0,46.0,30.0,8.0,8.0,10.0
647,10.0,8.0,11.0,31.0,8.0,12.0,7.0,48.0,11.0,46.0,30.0,8.0,8.0,10.0
648,10.0,8.0,11.0,31.0,8.0,11.0,7.0,48.0,11.0,46.0,30.0,8.0,8.0,10.0
649,10.0,8.0,16.0,31.0,8.0,11.0,7.0,47.0,11.0,46.0,30.0,8.0,8.0,10.0
650,10.0,8.0,15.0,31.0,8.0,11.0,9.0,47.0,11.0,46.0,30.0,8.0,8.0,10.0
651,10.0,8.0,14.0,31.0,8.0,11.0,9.0,47.0,11.0,46.0,30.0,8.0,8.0,10.0
652,10.0,8.0,11.0,31.0,8.0,11.0,8.0,47.0,11.0,46.0,30.0,8.0,8.0,10.0
653,10.0,8.0,11.0,31.0,8.0,11.0,8.0,47.0,11.0,46.0,30.0,8.0,8.0,10.0
654,10.0,8.0,11.0,31.0,8.0,11.0,8.0,47.0,11.0,46.0,30.0,8.0,8.0,10.0
655,10.0,8.0,11.0,31.0,8.0,11.0,7.0,47.0,11.0,46.0,30.0,8.0,8.0,10.0
656,10.0,8.0,12.0,31.0,8.0,11.0,7.0,47.0,11.0,46.0,30.0,8.0,8.0,10.0
657,10.0,8.0,12.0,31.0,8.0,12.0,7.0,47.0,11.0,46.0,30.0,8.0,8.0,10.0
658,10.0,8.0,12.0,31.0,8.0,12.0,7.0,47.0,11.0,46.0,30.0,8.0,8.0,10.0
659,10.0,8.0,13.0,31.0,8.0,13.0,7.0,47.0,11.0,46.0,30.0,8.0,8.0,10.0
660,10.0,8.0,14.0,31.0,8.0,14.0,7.0,47.0,11.0,46.0,30.0,8.0,8.0,10.0
661,10.0,8.0,13.0,31.0,8.0,14.0,7.0,47.0,11.0,46.0,30.0,8.0,8.0,10.0
662,10.0,8.0,15.0,31.0,8.0,15.0,7.0,47.0,11.0,46.0,30.0,8.0,8.0,10.0
663,10.0,8.0,14.0,31.0,8.0,14.0,7.0,47.0,11.0,46.0,30.0,8.0,8.0,10.0
664,10.0,8.0,15.0,31.0,8.0,14.0,7.0,47.0,11.0,46.0,30.0,8.0,8.0,10.0
665,10.0,8.0,14.0,31.0,8.0,14.0,7.0,47.0,11.0,46.0,30.0,8.0,8.0,10.0
666,10.0,8.0,14.0,31.0,8.0,14.0,7.0,47.0,11.0,46.0,30.0,8.0,8.0,10.0
667,10.0,8.0,13.0,31.0,8.0,13.0,7.0,47.0,11.0,46.0,30.0,8.0,8.0,10.0
668,10.0,8.0,14.0,31.0,8.0,14.0,7.0,47.0,11.0,46.0,30.0,8.0,8.0,10.0
669,10.0,8.0,16.0,31.0,8.0,16.0,7.0,47.0,11.0,46.0,30.0,8.0,8.0,10.0
670,10.0,8.0,15.0,31.0,8.0,15.0,7.0,47.0,11.0,46.0,30.0,8.0,8.0,10.0
671,10.0,8.0,14.0,31.0,8.0,15.0,7.0,47.0,11.0,46.0,30.0,8.0,8.0,10.0
672,10.0,8.0,15.0,31.0,8.0,15.0,7.0,47.0,11.0,46.0,30.0,8.0,8.0,10.0
673,10.0,8.0,18.0,31.0,8.0,18.0,7.0,47.0,11.0,46.0,30.0,8.0,8.0,10.0
674,10.0,8.0,18.0,31.0,8.0,18.0,8.0,47.0,11.0,46.0,30.0,8.0,8.0,10.0
675,10.0,8.0,13.0,31.0,8.0,13.0,7.0,47.0,11.0,46.0,30.0,8.0,8.0,10.0
676,10.0,8.0,12.0,31.0,8.0,13.0,7.0,47.0,11.0,46.0,30.0,8.0,8.0,10.0
677,10.0,8.0,12.0,31.0,8.0,12.0,7.0,47.0,11.0,46.0,30.0,8.0,8.0,10.0
678,10.0,8.0,12.0,31.0,8.0,12.0,7.0,47.0,11.0,46.0,30.0,8.0,8.0,10.0
679,10.0,8.0,11.0,31.0,8.0,11.0,7.0,47.0,11.0,46.0,30.0,8.0,8.0,10.0
680,10.0,8.0,10.0,31.0,8.0,11.0,7.0,47.0,11.0,46.0,30.0,8.0,8.0,10.0
681,10.0,8.0,10.0,31.0,8.0,10.0,7.0,47.0,11.0,46.0,30.0,8.0,8.0,10.0
682,10.0,8.0,10.0,31.0,8.0,10.0,7.0,47.0,11.0,46.0,30.0,8.0,8.0,10.0
683,10.0,8.0,10.0,31.0,8.0,10.0,7.0,47.0,11.0,46.0,30.0,8.0,8.0,10.0
684,10.0,8.0,10.0,31.0,8.0,10.0,7.0,47.0,11.0,46.0,30.0,8.0,8.0,10.0
685,10.0,8.0,10.0,31.0,8.0,10.0,7.0,47.0,11.0,46.0,30.0,8.0,8.0,10.0
686,10.0,8.0,10.0,31.0,8.0,10.0,7.0,47.0,11.0,46.0,30.0,8.0,8.0,10.0
687,10.0,8.0,10.0,31.0,9.0,10.0,7.0,47.0,11.0,46.0,30.0,8.0,8.0,10.0
688,10.0,8.0,10.0,31.0,9.0,10.0,7.0,47.0,11.0,46.0,30.0,8.0,8.0,10.0
689,10.0,8.0,10.0,31.0,9.0,10.0,7.0,47.0,11.0,46.0,30.0,8.0,8.0,10.0
690,10.0,8.0,10.0,31.0,9.0,10.0,7.0,47.0,11.0,46.0,30.0,8.0,8.0,10.0
691,10.0,8.0,10.0,31.0,10.0,11.0,7.0,47.0,11.0,46.0,30.0,8.0,8.0,10.0
692,10.0,8.0,10.0,31.0,12.0,11.0,7.0,47.0,11.0,46.0,30.0,8.0,8.0,10.0
693,10.0,8.0,11.0,31.0,13.0,11.0,7.0,47.0,11.0,46.0,30.0,8.0,8.0,10.0
694,10.0,8.0,11.0,31.0,13.0,11.0,7.0,47.0,11.0,46.0,30.0,8.0,8.0,10.0
695,10.0,8.0,12.0,31.0,14.0,12.0,8.0,47.0,11.0,46.0,30.0,8.0,8.0,10.0
696,10.0,8.0,12.0,31.0,13.0,13.0,8.0,47.0,11.0,46.0,30.0,8.0,8.0,10.0
697,10.0,8.0,13.0,31.0,13.0,14.0,8.0,47.0,11.0,46.0,30.0,8.0,8.0,10.0
698,10.0,8.0,13.0,31.0,13.0,14.0,8.0,47.0,11.0,46.0,30.0,8.0,8.0,10.0
699,10.0,8.0,14.0,31.0,13.0,14.0,8.0,47.0,11.0,46.0,30.0,8.0,8.0,10.0
700,10.0,8.0,14.0,31.0,13.0,14.0,7.0,47.0,11.0,46.0,30.0,8.0,8.0,10.0
701,10.0,8.0,14.0,31.0,14.0,14.0,7.0,47.0,11.0,46.0,30.0,8.0,8.0,10.0
702,10.0,8.0,14.0,31.0,14.0,14.0,7.0,47.0,11.0,46.0,30.0,8.0,8.0,10.0
703,10.0,8.0,14.0,31.0,14.0,15.0,7.0,47.0,11.0,46.0,30.0,8.0,8.0,10.0
704,10.0,8.0,14.0,31.0,13.0,14.0,7.0,47.0,11.0,46.0,30.0,8.0,8.0,10.0
705,10.0,8.0,13.0,31.0,15.0,14.0,7.0,47.0,11.0,46.0,30.0,8.0,8.0,10.0
706,10.0,8.0,13.0,31.0,15.0,14.0,7.0,47.0,11.0,46.0,30.0,8.0,8.0,10.0
707,10.0,8.0,13.0,31.0,14.0,15.0,7.0,47.0,11.0,46.0,30.0,8.0,8.0,10.0
708,10.0,8.0,13.0,31.0,14.0,16.0,7.0,47.0,11.0,46.0,30.0,8.0,8.0,10.0
709,10.0,8.0,13.0,31.0,14.0,16.0,7.0,47.0,11.0,46.0,30.0,8.0,8.0,10.0
710,10.0,8.0,13.0,31.0,15.0,16.0,7.0,47.0,11.0,46.0,30.0,8.0,8.0,10.0
711,10.0,8.0,14.0,31.0,18.0,18.0,7.0,47.0,11.0,46.0,30.0,8.0,8.0,10.0
712,10.0,8.0,15.0,31.0,16.0,20.0,7.0,47.0,11.0,46.0,30.0,8.0,8.0,10.0
713,10.0,8.0,16.0,31.0,16.0,18.0,7.0,47.0,11.0,46.0,30.0,8.0,8.0,10.0
714,10.0,8.0,16.0,31.0,15.0,17.0,7.0,47.0,11.0,46.0,30.0,8.0,8.0,10.0
715,10.0,8.0,16.0,31.0,15.0,16.0,7.0,47.0,11.0,46.0,30.0,8.0,8.0,10.0
716,10.0,8.0,16.0,31.0,16.0,16.0,7.0,47.0,11.0,46.0,30.0,8.0,8.0,10.0
717,10.0,8.0,16.0,31.0,17.0,15.0,7.0,47.0,11.0,46.0,30.0,8.0,8.0,10.0
718,10.0,8.0,16.0,31.0,16.0,14.0,8.0,47.0,11.0,46.0,30.0,8.0,8.0,10.0
719,10.0,8.0,15.0,31.0,16.0,14.0,8.0,47.0,11.0,46.0,30.0,8.0,8.0,10.0
720,10.0,8.0,15.0,31.0,16.0,13.0,7.0,47.0,11.0,46.0,30.0,8.0,8.0,10.0
721,10.0,8.0,14.0,31.0,16.0,12.0,7.0,47.0,11.0,46.0,30.0,8.0,8.0,10.0
722,10.0,8.0,14.0,31.0,16.0,12.0,7.0,47.0,11.0,46.0,30.0,8.0,8.0,10.0
723,10.0,8.0,14.0,31.0,17.0,13.0,7.0,47.0,11.0,46.0,30.0,8.0,8.0,10.0
724,10.0,8.0,14.0,31.0,18.0,13.0,8.0,47.0,11.0,46.0,30.0,8.0,8.0,10.0
725,10.0,8.0,12.0,31.0,16.0,12.0,7.0,47.0,11.0,46.0,30.0,8.0,8.0,10.0
726,10.0,8.0,11.0,31.0,16.0,12.0,7.0,47.0,11.0,46.0,30.0,8.0,8.0,10.0
727,10.0,8.0,11.0,31.0,16.0,12.0,7.0,47.0,11.0,46.0,30.0,8.0,8.0,10.0
728,10.0,8.0,11.0,31.0,15.0,12.0,7.0,47.0,11.0,46.0,30.0,8.0,8.0,11.0
729,10.0,8.0,11.0,31.0,16.0,12.0,8.0,47.0,11.0,46.0,30.0,8.0,8.0,10.0
730,10.0,8.0,11.0,31.0,16.0,11.0,8.0,47.0,11.0,46.0,30.0,8.0,8.0,10.0
731,10.0,8.0,11.0,31.0,16.0,12.0,8.0,47.0,11.0,46.0,30.0,8.0,8.0,10.0
732,10.0,8.0,11.0,31.0,15.0,12.0,8.0,47.0,11.0,46.0,30.0,8.0,8.0,10.0
733,10.0,8.0,10.0,31.0,16.0,12.0,8.0,47.0,11.0,46.0,30.0,8.0,8.0,10.0
734,10.0,8.0,11.0,31.0,17.0,12.0,9.0,47.0,11.0,46.0,30.0,8.0,8.0,10.0
735,10.0,8.0,10.0,31.0,16.0,11.0,8.0,47.0,11.0,46.0,30.0,8.0,8.0,10.0
736,10.0,8.0,11.0,31.0,16.0,11.0,8.0,47.0,11.0,46.0,30.0,8.0,8.0,10.0
737,10.0,8.0,11.0,31.0,17.0,11.0,7.0,47.0,11.0,46.0,30.0,8.0,8.0,10.0
738,12.0,8.0,11.0,31.0,16.0,11.0,7.0,47.0,11.0,46.0,30.0,8.0,8.0,10.0
739,11.0,8.0,11.0,31.0,17.0,11.0,8.0,47.0,11.0,46.0,30.0,8.0,8.0,10.0
740,11.0,8.0,11.0,31.0,16.0,11.0,8.0,47.0,11.0,46.0,30.0,8.0,8.0,10.0
741,11.0,8.0,11.0,31.0,17.0,11.0,7.0,47.0,11.0,46.0,30.0,8.0,8.0,10.0
742,10.0,8.0,11.0,31.0,16.0,11.0,8.0,47.0,11.0,46.0,30.0,8.0,8.0,10.0
743,10.0,8.0,11.0,31.0,16.0,11.0,8.0,47.0,12.0,46.0,30.0,8.0,8.0,10.0
744,10.0,8.0,11.0,31.0,16.0,11.0,7.0,47.0,14.0,46.0,30.0,8.0,8.0,10.0
745,10.0,8.0,10.0,31.0,15.0,11.0,8.0,47.0,15.0,46.0,30.0,8.0,8.0,10.0
746,10.0,8.0,10.0,31.0,14.0,11.0,8.0,47.0,13.0,46.0,30.0,8.0,8.0,10.0
747,10.0,8.0,10.0,31.0,14.0,11.0,8.0,47.0,13.0,46.0,30.0,8.0,8.0,10.0
748,10.0,8.0,10.0,31.0,14.0,11.0,8.0,47.0,12.0,46.0,30.0,8.0,8.0,10.0
749,10.0,8.0,11.0,31.0,14.0,11.0,7.0,47.0,11.0,46.0,30.0,8.0,8.0,10.0
750,10.0,8.0,11.0,31.0,13.0,11.0,7.0,47.0,11.0,46.0,30.0,8.0,8.0,10.0
751,10.0,8.0,10.0,31.0,14.0,11.0,7.0,47.0,11.0,46.0,30.0,8.0,8.0,10.0
752,10.0,8.0,10.0,31.0,13.0,11.0,7.0,47.0,11.0,46.0,30.0,8.0,8.0,10.0
753,10.0,8.0,10.0,31.0,13.0,11.0,8.0,47.0,11.0,46.0,30.0,8.0,8.0,11.0
754,10.0,8.0,10.0,31.0,12.0,10.0,8.0,47.0,11.0,46.0,30.0,8.0,8.0,10.0
755,11.0,8.0,10.0,31.0,13.0,11.0,8.0,47.0,11.0,46.0,30.0,8.0,8.0,11.0
756,10.0,8.0,10.0,31.0,12.0,11.0,7.0,47.0,11.0,46.0,30.0,8.0,8.0,10.0
757,10.0,8.0,10.0,31.0,12.0,11.0,8.0,47.0,11.0,46.0,30.0,8.0,8.0,10.0
758,10.0,8.0,11.0,31.0,12.0,11.0,8.0,47.0,11.0,46.0,30.0,8.0,8.0,10.0
759,10.0,8.0,11.0,31.0,11.0,11.0,8.0,47.0,11.0,46.0,30.0,8.0,8.0,10.0
760,10.0,8.0,11.0,31.0,10.0,11.0,8.0,47.0,11.0,46.0,30.0,8.0,8.0,10.0
761,10.0,8.0,11.0,31.0,10.0,11.0,8.0,47.0,11.0,46.0,30.0,8.0,8.0,10.0
762,10.0,8.0,12.0,31.0,10.0,12.0,8.0,47.0,11.0,46.0,30.0,8.0,8.0,10.0
763,10.0,8.0,11.0,31.0,9.0,11.0,8.0,47.0,11.0,46.0,30.0,8.0,8.0,10.0
764,10.0,8.0,11.0,31.0,9.0,11.0,8.0,47.0,11.0,46.0,30.0,8.0,8.0,10.0
765,10.0,8.0,11.0,31.0,9.0,11.0,8.0,47.0,11.0,46.0,30.0,8.0,8.0,10.0
766,10.0,8.0,12.0,31.0,8.0,12.0,8.0,47.0,11.0,46.0,30.0,8.0,8.0,10.0
767,10.0,8.0,12.0,31.0,8.0,12.0,8.0,47.0,11.0,46.0,30.0,8.0,8.0,10.0
768,10.0,8.0,12.0,31.0,8.0,13.0,7.0,47.0,11.0,46.0,30.0,8.0,8.0,10.0
769,10.0,8.0,13.0,31.0,9.0,13.0,7.0,47.0,11.0,46.0,30.0,8.0,8.0,10.0
770,10.0,8.0,13.0,31.0,8.0,13.0,7.0,47.0,11.0,46.0,30.0,8.0,8.0,10.0
771,10.0,9.0,11.0,31.0,8.0,12.0,8.0,47.0,11.0,46.0,30.0,8.0,8.0,10.0
772,11.0,10.0,12.0,31.0,8.0,12.0,8.0,47.0,11.0,46.0,30.0,8.0,8.0,11.0
773,10.0,10.0,12.0,31.0,9.0,12.0,8.0,47.0,11.0,46.0,30.0,8.0,8.0,10.0
774,10.0,8.0,10.0,31.0,9.0,11.0,8.0,47.0,11.0,46.0,30.0,8.0,8.0,10.0
775,10.0,8.0,10.0,31.0,9.0,11.0,9.0,47.0,11.0,46.0,30.0,8.0,8.0,10.0
776,10.0,8.0,10.0,31.0,9.0,10.0,9.0,47.0,11.0,46.0,30.0,8.0,8.0,10.0
777,10.0,8.0,10.0,31.0,8.0,11.0,9.0,47.0,11.0,46.0,30.0,8.0,8.0,10.0
778,10.0,8.0,10.0,31.0,8.0,11.0,9.0,47.0,11.0,46.0,30.0,8.0,8.0,10.0
779,10.0,8.0,10.0,31.0,8.0,10.0,10.0,47.0,11.0,46.0,30.0,8.0,9.0,10.0
780,10.0,8.0,10.0,31.0,8.0,11.0,9.0,47.0,11.0,46.0,30.0,8.0,10.0,10.0
781,10.0,8.0,10.0,31.0,8.0,10.0,9.0,47.0,11.0,46.0,30.0,8.0,10.0,10.0
782,10.0,8.0,10.0,31.0,8.0,10.0,10.0,47.0,11.0,46.0,30.0,8.0,10.0,10.0
783,10.0,8.0,10.0,31.0,10.0,11.0,9.0,47.0,11.0,46.0,30.0,8.0,10.0,10.0
784,10.0,8.0,10.0,31.0,9.0,11.0,9.0,47.0,11.0,46.0,30.0,8.0,11.0,10.0
785,10.0,8.0,10.0,31.0,9.0,11.0,9.0,47.0,11.0,46.0,30.0,8.0,11.0,10.0
786,10.0,8.0,10.0,31.0,10.0,11.0,9.0,47.0,11.0,46.0,30.0,8.0,10.0,10.0
787,11.0,8.0,10.0,31.0,10.0,11.0,8.0,47.0,11.0,46.0,30.0,8.0,10.0,10.0
788,10.0,8.0,10.0,31.0,9.0,11.0,8.0,47.0,11.0,46.0,30.0,8.0,10.0,10.0
789,10.0,8.0,10.0,31.0,9.0,10.0,9.0,47.0,11.0,46.0,30.0,8.0,10.0,10.0
790,10.0,8.0,10.0,31.0,9.0,10.0,9.0,47.0,11.0,46.0,30.0,8.0,9.0,10.0
791,10.0,8.0,10.0,31.0,9.0,11.0,9.0,47.0,11.0,46.0,30.0,8.0,8.0,10.0
792,10.0,8.0,10.0,31.0,11.0,11.0,9.0,47.0,11.0,46.0,30.0,8.0,8.0,10.0
793,10.0,8.0,10.0,31.0,13.0,11.0,10.0,47.0,11.0,46.0,30.0,8.0,8.0,10.0
794,10.0,8.0,11.0,31.0,16.0,12.0,10.0,47.0,11.0,46.0,30.0,8.0,8.0,10.0
795,10.0,8.0,11.0,31.0,14.0,12.0,10.0,47.0,11.0,46.0,30.0,8.0,8.0,10.0
796,10.0,8.0,11.0,31.0,13.0,12.0,9.0,47.0,11.0,46.0,30.0,8.0,8.0,10.0
797,10.0,8.0,11.0,31.0,14.0,12.0,9.0,47.0,11.0,46.0,30.0,8.0,8.0,10.0
798,10.0,8.0,11.0,31.0,12.0,12.0,7.0,47.0,11.0,46.0,30.0,8.0,8.0,10.0
799,10.0,8.0,10.0,31.0,10.0,11.0,7.0,47.0,11.0,46.0,30.0,8.0,8.0,10.0
800,10.0,8.0,10.0,31.0,11.0,11.0,8.0,47.0,11.0,46.0,30.0,8.0,8.0,11.0
801,10.0,8.0,10.0,31.0,10.0,11.0,8.0,47.0,11.0,46.0,30.0,8.0,8.0,11.0
802,10.0,8.0,10.0,31.0,10.0,11.0,8.0,47.0,11.0,46.0,30.0,8.0,8.0,11.0
803,10.0,8.0,10.0,31.0,9.0,11.0,8.0,47.0,11.0,46.0,30.0,8.0,8.0,10.0
804,10.0,8.0,10.0,31.0,8.0,11.0,7.0,47.0,11.0,46.0,30.0,8.0,8.0,10.0
805,10.0,8.0,10.0,31.0,8.0,11.0,7.0,47.0,11.0,46.0,30.0,8.0,8.0,10.0
806,10.0,8.0,10.0,31.0,8.0,11.0,8.0,47.0,11.0,46.0,30.0,8.0,8.0,10.0
807,10.0,8.0,10.0,31.0,8.0,11.0,7.0,47.0,11.0,46.0,30.0,8.0,8.0,10.0
808,10.0,8.0,10.0,31.0,8.0,10.0,8.0,47.0,11.0,46.0,30.0,8.0,8.0,10.0
809,10.0,8.0,10.0,31.0,8.0,11.0,7.0,47.0,11.0,46.0,30.0,8.0,8.0,10.0
810,10.0,8.0,10.0,31.0,8.0,11.0,8.0,47.0,11.0,46.0,30.0,8.0,8.0,10.0
811,10.0,8.0,10.0,31.0,8.0,11.0,8.0,47.0,11.0,46.0,30.0,8.0,8.0,11.0
812,10.0,8.0,10.0,31.0,8.0,11.0,9.0,47.0,11.0,46.0,30.0,8.0,8.0,11.0
813,10.0,8.0,10.0,31.0,8.0,11.0,9.0,47.0,11.0,46.0,30.0,8.0,8.0,10.0
814,10.0,8.0,10.0,31.0,8.0,11.0,9.0,47.0,11.0,46.0,30.0,8.0,8.0,10.0
815,10.0,8.0,10.0,31.0,8.0,11.0,9.0,47.0,11.0,46.0,30.0,8.0,8.0,11.0
816,10.0,8.0,10.0,31.0,8.0,11.0,10.0,47.0,11.0,46.0,30.0,8.0,8.0,10.0
817,10.0,8.0,10.0,31.0,8.0,11.0,9.0,47.0,11.0,46.0,30.0,8.0,8.0,10.0
818,10.0,8.0,10.0,31.0,8.0,11.0,9.0,47.0,11.0,46.0,30.0,8.0,8.0,10.0
819,10.0,8.0,10.0,31.0,8.0,11.0,10.0,47.0,11.0,46.0,30.0,8.0,8.0,10.0
820,10.0,9.0,10.0,31.0,8.0,10.0,10.0,47.0,11.0,46.0,30.0,8.0,8.0,10.0
821,10.0,10.0,10.0,31.0,8.0,10.0,10.0,47.0,11.0,46.0,30.0,8.0,8.0,10.0
822,10.0,9.0,10.0,31.0,8.0,10.0,10.0,47.0,11.0,46.0,30.0,8.0,8.0,10.0
823,10.0,8.0,10.0,31.0,8.0,10.0,10.0,47.0,11.0,46.0,30.0,8.0,8.0,10.0
824,10.0,8.0,10.0,31.0,8.0,11.0,10.0,47.0,11.0,46.0,30.0,8.0,8.0,10.0
825,10.0,8.0,10.0,31.0,8.0,10.0,10.0,47.0,11.0,46.0,30.0,8.0,8.0,11.0
826,10.0,8.0,10.0,31.0,8.0,10.0,10.0,47.0,11.0,46.0,30.0,8.0,8.0,10.0
827,11.0,8.0,10.0,31.0,8.0,10.0,10.0,47.0,11.0,46.0,30.0,8.0,8.0,11.0
828,12.0,8.0,10.0,31.0,8.0,11.0,10.0,47.0,11.0,46.0,30.0,8.0,8.0,13.0
829,12.0,8.0,10.0,31.0,8.0,11.0,10.0,47.0,11.0,46.0,30.0,8.0,8.0,12.0
830,11.0,8.0,10.0,31.0,8.0,10.0,10.0,47.0,11.0,46.0,30.0,8.0,8.0,12.0
831,11.0,8.0,10.0,31.0,8.0,10.0,10.0,47.0,11.0,46.0,30.0,8.0,8.0,12.0
832,11.0,8.0,10.0,31.0,8.0,10.0,11.0,47.0,11.0,46.0,30.0,8.0,8.0,14.0
833,10.0,8.0,10.0,31.0,8.0,10.0,11.0,47.0,11.0,46.0,30.0,8.0,8.0,13.0
834,10.0,8.0,10.0,31.0,8.0,10.0,11.0,47.0,11.0,46.0,30.0,8.0,8.0,13.0
835,10.0,8.0,10.0,31.0,8.0,10.0,11.0,47.0,11.0,46.0,30.0,8.0,8.0,14.0
836,11.0,8.0,10.0,31.0,8.0,10.0,11.0,47.0,11.0,46.0,30.0,8.0,8.0,15.0
837,11.0,8.0,10.0,31.0,8.0,10.0,11.0,47.0,11.0,46.0,30.0,8.0,8.0,15.0
838,11.0,8.0,10.0,31.0,8.0,11.0,12.0,47.0,11.0,46.0,30.0,8.0,8.0,15.0
839,10.0,8.0,10.0,31.0,8.0,11.0,11.0,47.0,11.0,46.0,30.0,8.0,8.0,16.0
840,10.0,8.0,10.0,31.0,8.0,11.0,12.0,47.0,11.0,46.0,30.0,8.0,8.0,19.0
841,10.0,8.0,10.0,31.0,8.0,11.0,11.0,47.0,11.0,46.0,30.0,8.0,8.0,20.0
842,12.0,8.0,10.0,31.0,8.0,11.0,12.0,47.0,11.0,46.0,30.0,8.0,8.0,24.0
843,12.0,8.0,10.0,31.0,8.0,10.0,12.0,47.0,11.0,46.0,30.0,8.0,8.0,23.0
844,11.0,8.0,10.0,31.0,8.0,10.0,12.0,47.0,11.0,46.0,30.0,8.0,8.0,21.0
845,11.0,8.0,10.0,31.0,8.0,10.0,12.0,47.0,11.0,46.0,30.0,8.0,8.0,16.0
846,11.0,8.0,10.0,31.0,8.0,11.0,12.0,47.0,11.0,46.0,30.0,8.0,8.0,15.0
847,11.0,8.0,10.0,31.0,8.0,11.0,12.0,47.0,11.0,46.0,30.0,8.0,8.0,16.0
848,10.0,8.0,10.0,31.0,8.0,11.0,10.0,47.0,13.0,46.0,30.0,8.0,8.0,14.0
849,11.0,8.0,10.0,31.0,8.0,11.0,9.0,47.0,13.0,46.0,30.0,8.0,8.0,15.0
850,11.0,8.0,10.0,31.0,9.0,11.0,9.0,47.0,14.0,46.0,30.0,8.0,8.0,14.0
851,11.0,8.0,10.0,31.0,8.0,11.0,9.0,47.0,13.0,46.0,30.0,8.0,8.0,14.0
852,11.0,8.0,11.0,31.0,8.0,12.0,8.0,47.0,13.0,46.0,30.0,8.0,8.0,13.0
853,11.0,8.0,11.0,31.0,8.0,12.0,9.0,47.0,13.0,46.0,30.0,8.0,8.0,13.0
854,11.0,8.0,11.0,31.0,8.0,12.0,12.0,47.0,12.0,46.0,30.0,8.0,8.0,12.0
855,10.0,8.0,11.0,31.0,8.0,12.0,11.0,47.0,11.0,46.0,30.0,8.0,8.0,11.0
856,10.0,8.0,11.0,31.0,8.0,12.0,11.0,47.0,11.0,46.0,30.0,8.0,8.0,11.0
857,11.0,8.0,12.0,31.0,8.0,12.0,13.0,47.0,11.0,46.0,30.0,8.0,8.0,11.0
858,11.0,8.0,11.0,31.0,8.0,11.0,10.0,47.0,11.0,46.0,30.0,8.0,8.0,11.0
859,11.0,8.0,10.0,31.0,8.0,11.0,10.0,47.0,11.0,46.0,30.0,8.0,8.0,11.0
860,11.0,8.0,10.0,31.0,8.0,11.0,11.0,47.0,11.0,46.0,30.0,8.0,8.0,11.0
861,11.0,8.0,10.0,31.0,8.0,10.0,12.0,47.0,11.0,46.0,30.0,8.0,8.0,11.0
862,11.0,8.0,10.0,31.0,9.0,10.0,13.0,47.0,11.0,46.0,30.0,8.0,8.0,11.0
863,11.0,8.0,10.0,31.0,8.0,11.0,12.0,47.0,11.0,46.0,30.0,8.0,8.0,11.0
864,11.0,8.0,10.0,31.0,9.0,10.0,13.0,47.0,11.0,46.0,30.0,8.0,8.0,11.0
865,11.0,8.0,10.0,31.0,8.0,10.0,13.0,47.0,11.0,46.0,30.0,8.0,9.0,11.0
866,11.0,8.0,10.0,31.0,8.0,11.0,13.0,47.0,11.0,46.0,30.0,8.0,8.0,11.0
867,12.0,8.0,10.0,31.0,8.0,11.0,14.0,47.0,11.0,46.0,30.0,8.0,9.0,12.0
868,11.0,8.0,10.0,31.0,8.0,11.0,14.0,47.0,12.0,46.0,30.0,8.0,8.0,12.0
869,11.0,8.0,10.0,31.0,8.0,11.0,13.0,47.0,11.0,46.0,30.0,8.0,8.0,11.0
870,11.0,8.0,10.0,31.0,8.0,11.0,14.0,47.0,11.0,46.0,30.0,8.0,8.0,12.0
871,11.0,8.0,10.0,31.0,8.0,11.0,13.0,47.0,11.0,46.0,30.0,8.0,8.0,12.0
872,11.0,8.0,10.0,31.0,8.0,11.0,13.0,47.0,11.0,46.0,30.0,8.0,8.0,12.0
873,12.0,8.0,10.0,31.0,8.0,11.0,13.0,47.0,11.0,46.0,30.0,8.0,8.0,12.0
874,12.0,8.0,10.0,31.0,8.0,11.0,13.0,47.0,11.0,46.0,30.0,8.0,8.0,12.0
875,12.0,8.0,10.0,31.0,9.0,11.0,12.0,47.0,11.0,46.0,30.0,8.0,8.0,13.0
876,12.0,8.0,10.0,31.0,9.0,11.0,13.0,47.0,11.0,46.0,30.0,8.0,8.0,13.0
877,13.0,8.0,10.0,31.0,8.0,11.0,13.0,47.0,11.0,46.0,30.0,8.0,8.0,14.0
878,13.0,8.0,10.0,31.0,8.0,10.0,13.0,47.0,11.0,46.0,30.0,8.0,8.0,14.0
879,12.0,8.0,10.0,31.0,8.0,11.0,12.0,47.0,11.0,46.0,30.0,8.0,8.0,12.0
880,12.0,8.0,10.0,31.0,9.0,10.0,12.0,47.0,11.0,46.0,30.0,8.0,8.0,13.0
881,13.0,8.0,10.0,31.0,9.0,11.0,11.0,47.0,11.0,46.0,30.0,8.0,9.0,13.0
882,13.0,8.0,10.0,31.0,8.0,11.0,11.0,47.0,11.0,46.0,30.0,8.0,9.0,13.0
883,14.0,8.0,10.0,31.0,8.0,11.0,11.0,47.0,11.0,46.0,30.0,8.0,9.0,14.0
884,13.0,8.0,10.0,31.0,9.0,11.0,11.0,47.0,11.0,46.0,30.0,8.0,10.0,14.0
885,13.0,8.0,10.0,31.0,9.0,11.0,11.0,47.0,11.0,46.0,30.0,8.0,10.0,13.0
886,12.0,8.0,10.0,31.0,9.0,11.0,11.0,47.0,11.0,46.0,30.0,8.0,10.0,12.0
887,12.0,8.0,10.0,31.0,9.0,10.0,11.0,47.0,12.0,46.0,30.0,8.0,10.0,12.0
888,12.0,8.0,10.0,31.0,10.0,10.0,12.0,47.0,11.0,46.0,30.0,8.0,11.0,12.0
889,12.0,8.0,11.0,31.0,10.0,10.0,12.0,47.0,11.0,46.0,30.0,8.0,12.0,12.0
890,12.0,8.0,12.0,31.0,9.0,11.0,12.0,47.0,12.0,46.0,30.0,8.0,11.0,12.0
891,12.0,8.0,14.0,31.0,9.0,10.0,12.0,47.0,11.0,46.0,30.0,8.0,12.0,12.0
892,12.0,8.0,18.0,31.0,9.0,11.0,12.0,47.0,11.0,46.0,30.0,8.0,11.0,12.0
893,14.0,8.0,15.0,31.0,8.0,11.0,12.0,47.0,12.0,46.0,30.0,8.0,11.0,14.0
894,13.0,8.0,14.0,31.0,8.0,11.0,11.0,47.0,13.0,46.0,30.0,8.0,12.0,13.0
895,13.0,8.0,14.0,31.0,8.0,11.0,12.0,47.0,12.0,46.0,30.0,8.0,12.0,13.0
896,13.0,8.0,14.0,31.0,8.0,11.0,11.0,47.0,13.0,46.0,30.0,8.0,11.0,13.0
897,12.0,8.0,11.0,31.0,8.0,12.0,11.0,47.0,12.0,46.0,30.0,8.0,11.0,12.0
898,12.0,8.0,11.0,31.0,8.0,11.0,11.0,47.0,13.0,46.0,30.0,8.0,11.0,12.0
899,12.0,8.0,10.0,31.0,8.0,11.0,14.0,47.0,12.0,46.0,30.0,8.0,11.0,12.0
900,12.0,8.0,10.0,31.0,8.0,11.0,14.0,47.0,11.0,46.0,30.0,8.0,11.0,12.0
901,12.0,8.0,10.0,31.0,8.0,11.0,14.0,47.0,11.0,46.0,30.0,8.0,12.0,12.0
902,11.0,8.0,10.0,31.0,9.0,11.0,12.0,47.0,11.0,46.0,30.0,8.0,12.0,11.0
903,11.0,8.0,10.0,31.0,8.0,11.0,12.0,47.0,11.0,46.0,30.0,8.0,12.0,11.0
904,10.0,8.0,10.0,31.0,8.0,10.0,12.0,47.0,11.0,46.0,30.0,8.0,12.0,11.0
905,10.0,8.0,10.0,31.0,8.0,10.0,11.0,47.0,11.0,46.0,30.0,8.0,11.0,10.0
906,10.0,8.0,10.0,31.0,8.0,11.0,11.0,47.0,11.0,46.0,30.0,8.0,12.0,11.0
907,10.0,8.0,10.0,31.0,8.0,11.0,11.0,47.0,11.0,46.0,30.0,8.0,12.0,10.0
908,10.0,8.0,10.0,31.0,8.0,11.0,12.0,47.0,11.0,46.0,30.0,8.0,11.0,11.0
909,10.0,8.0,11.0,31.0,8.0,11.0,12.0,47.0,11.0,46.0,30.0,8.0,11.0,10.0
910,10.0,8.0,11.0,31.0,8.0,11.0,11.0,47.0,11.0,46.0,30.0,8.0,11.0,10.0
911,11.0,8.0,12.0,31.0,9.0,11.0,12.0,47.0,11.0,46.0,30.0,8.0,11.0,11.0
912,12.0,8.0,13.0,31.0,8.0,12.0,12.0,47.0,11.0,46.0,30.0,8.0,11.0,12.0
913,12.0,8.0,13.0,31.0,8.0,11.0,13.0,47.0,12.0,46.0,30.0,8.0,11.0,12.0
914,12.0,8.0,12.0,31.0,8.0,11.0,14.0,47.0,11.0,46.0,30.0,8.0,11.0,12.0
915,12.0,8.0,12.0,31.0,8.0,11.0,14.0,47.0,11.0,46.0,30.0,8.0,11.0,12.0
916,11.0,8.0,11.0,31.0,8.0,11.0,13.0,47.0,11.0,46.0,30.0,8.0,11.0,11.0
917,11.0,8.0,11.0,31.0,8.0,12.0,13.0,47.0,11.0,46.0,30.0,8.0,11.0,11.0
918,10.0,8.0,11.0,31.0,9.0,11.0,13.0,47.0,11.0,46.0,30.0,8.0,12.0,10.0
919,10.0,8.0,10.0,31.0,8.0,11.0,13.0,47.0,11.0,46.0,30.0,8.0,11.0,10.0
920,10.0,8.0,11.0,31.0,9.0,11.0,13.0,47.0,11.0,46.0,30.0,8.0,11.0,10.0
921,10.0,8.0,10.0,31.0,8.0,11.0,13.0,47.0,11.0,46.0,30.0,8.0,11.0,10.0
922,10.0,8.0,10.0,31.0,8.0,11.0,13.0,47.0,11.0,46.0,30.0,8.0,10.0,10.0
923,10.0,8.0,11.0,31.0,9.0,11.0,13.0,47.0,11.0,46.0,30.0,8.0,9.0,10.0
924,10.0,8.0,11.0,31.0,9.0,11.0,13.0,47.0,11.0,46.0,30.0,8.0,9.0,10.0
925,10.0,8.0,11.0,31.0,9.0,11.0,13.0,47.0,11.0,46.0,30.0,8.0,8.0,10.0
926,10.0,8.0,12.0,31.0,8.0,11.0,14.0,47.0,11.0,46.0,30.0,8.0,8.0,10.0
927,10.0,8.0,12.0,31.0,8.0,11.0,13.0,47.0,11.0,46.0,30.0,8.0,8.0,10.0
928,10.0,8.0,13.0,31.0,9.0,12.0,13.0,47.0,11.0,46.0,30.0,8.0,8.0,10.0
929,10.0,8.0,14.0,31.0,9.0,12.0,12.0,47.0,11.0,46.0,30.0,8.0,8.0,10.0
930,10.0,8.0,14.0,31.0,9.0,13.0,12.0,47.0,11.0,46.0,30.0,8.0,8.0,10.0
931,10.0,8.0,14.0,31.0,9.0,13.0,12.0,47.0,11.0,46.0,30.0,8.0,8.0,10.0
932,10.0,8.0,13.0,31.0,8.0,13.0,12.0,47.0,11.0,46.0,30.0,8.0,8.0,10.0
933,10.0,8.0,12.0,31.0,9.0,12.0,12.0,47.0,11.0,46.0,30.0,8.0,8.0,10.0
934,10.0,8.0,12.0,31.0,9.0,11.0,11.0,47.0,11.0,46.0,30.0,8.0,8.0,10.0
935,10.0,8.0,11.0,31.0,10.0,11.0,11.0,47.0,11.0,46.0,30.0,8.0,8.0,10.0
936,10.0,8.0,10.0,31.0,9.0,11.0,11.0,47.0,11.0,46.0,30.0,8.0,8.0,10.0
937,10.0,8.0,10.0,33.0,9.0,11.0,12.0,47.0,11.0,46.0,31.0,8.0,8.0,10.0
938,10.0,8.0,10.0,33.0,9.0,10.0,12.0,47.0,11.0,46.0,31.0,8.0,8.0,10.0
939,10.0,8.0,10.0,35.0,9.0,10.0,11.0,50.0,11.0,46.0,33.0,8.0,8.0,10.0
940,10.0,8.0,10.0,37.0,8.0,11.0,11.0,52.0,11.0,46.0,33.0,8.0,8.0,10.0
941,10.0,8.0,10.0,37.0,8.0,11.0,11.0,54.0,11.0,46.0,34.0,8.0,8.0,10.0
942,10.0,8.0,10.0,39.0,8.0,10.0,11.0,54.0,11.0,46.0,35.0,8.0,8.0,10.0
943,10.0,8.0,10.0,41.0,8.0,10.0,12.0,54.0,11.0,46.0,38.0,8.0,9.0,10.0
944,10.0,8.0,10.0,41.0,8.0,11.0,11.0,54.0,11.0,46.0,38.0,8.0,10.0,10.0
945,10.0,8.0,10.0,41.0,8.0,10.0,11.0,54.0,11.0,46.0,38.0,8.0,12.0,10.0
946,10.0,8.0,10.0,38.0,8.0,10.0,12.0,53.0,12.0,46.0,36.0,8.0,14.0,10.0
947,10.0,8.0,10.0,38.0,8.0,10.0,12.0,54.0,12.0,46.0,35.0,8.0,13.0,10.0
948,11.0,8.0,10.0,37.0,8.0,10.0,13.0,54.0,12.0,46.0,35.0,8.0,11.0,11.0
949,11.0,8.0,10.0,37.0,8.0,10.0,13.0,52.0,12.0,46.0,34.0,8.0,11.0,11.0
950,11.0,8.0,11.0,35.0,9.0,11.0,14.0,52.0,12.0,46.0,36.0,8.0,9.0,11.0
951,12.0,8.0,11.0,34.0,9.0,11.0,14.0,51.0,11.0,46.0,35.0,8.0,9.0,12.0
952,12.0,8.0,12.0,33.0,9.0,12.0,15.0,50.0,11.0,46.0,34.0,8.0,8.0,12.0
953,13.0,8.0,13.0,31.0,9.0,13.0,14.0,48.0,11.0,46.0,34.0,8.0,8.0,13.0
954,12.0,8.0,12.0,31.0,9.0,12.0,14.0,47.0,11.0,46.0,32.0,8.0,8.0,12.0
955,11.0,8.0,12.0,31.0,9.0,12.0,13.0,47.0,11.0,46.0,30.0,8.0,8.0,11.0
956,11.0,8.0,12.0,31.0,10.0,12.0,13.0,47.0,11.0,46.0,30.0,8.0,8.0,11.0
957,11.0,8.0,12.0,31.0,9.0,12.0,13.0,47.0,11.0,46.0,30.0,8.0,8.0,11.0
958,11.0,8.0,13.0,31.0,9.0,12.0,13.0,47.0,11.0,46.0,30.0,8.0,8.0,11.0
959,11.0,8.0,13.0,31.0,9.0,13.0,12.0,47.0,11.0,46.0,30.0,8.0,8.0,11.0
960,11.0,8.0,13.0,31.0,9.0,13.0,12.0,47.0,11.0,46.0,30.0,8.0,8.0,11.0
961,11.0,8.0,13.0,31.0,9.0,13.0,12.0,47.0,11.0,46.0,30.0,8.0,8.0,11.0
962,11.0,8.0,12.0,31.0,9.0,12.0,13.0,47.0,11.0,46.0,30.0,8.0,8.0,11.0
963,11.0,8.0,12.0,31.0,9.0,12.0,12.0,48.0,11.0,46.0,30.0,8.0,8.0,11.0
964,10.0,8.0,12.0,31.0,9.0,12.0,13.0,48.0,11.0,46.0,30.0,8.0,8.0,11.0
965,11.0,8.0,12.0,31.0,9.0,12.0,11.0,49.0,11.0,46.0,30.0,8.0,8.0,11.0
966,11.0,8.0,12.0,31.0,8.0,12.0,11.0,49.0,11.0,46.0,30.0,8.0,8.0,11.0
967,11.0,8.0,12.0,31.0,9.0,12.0,12.0,49.0,11.0,46.0,30.0,8.0,8.0,11.0
968,10.0,8.0,11.0,31.0,9.0,11.0,12.0,48.0,11.0,46.0,30.0,8.0,8.0,11.0
969,11.0,8.0,11.0,31.0,8.0,11.0,12.0,49.0,11.0,46.0,30.0,8.0,8.0,11.0
970,11.0,8.0,11.0,31.0,9.0,12.0,12.0,49.0,11.0,46.0,30.0,8.0,8.0,11.0
971,11.0,8.0,11.0,31.0,8.0,13.0,12.0,49.0,11.0,46.0,30.0,8.0,8.0,11.0
972,11.0,8.0,11.0,31.0,8.0,12.0,12.0,50.0,11.0,46.0,30.0,8.0,8.0,11.0
973,11.0,8.0,11.0,31.0,8.0,13.0,11.0,51.0,11.0,46.0,30.0,8.0,8.0,11.0
974,11.0,9.0,11.0,31.0,8.0,12.0,11.0,50.0,11.0,46.0,30.0,8.0,8.0,11.0
975,11.0,9.0,12.0,31.0,8.0,12.0,11.0,50.0,11.0,46.0,30.0,8.0,8.0,11.0
976,11.0,10.0,16.0,31.0,8.0,14.0,11.0,51.0,11.0,46.0,30.0,8.0,8.0,11.0
977,11.0,10.0,16.0,31.0,8.0,14.0,11.0,52.0,11.0,47.0,30.0,8.0,8.0,11.0
978,11.0,9.0,16.0,31.0,8.0,14.0,11.0,53.0,11.0,50.0,30.0,8.0,8.0,11.0
979,11.0,9.0,13.0,31.0,9.0,14.0,11.0,54.0,11.0,51.0,30.0,8.0,8.0,11.0
980,11.0,8.0,12.0,31.0,9.0,13.0,12.0,55.0,11.0,54.0,30.0,8.0,8.0,11.0
981,11.0,8.0,12.0,31.0,9.0,12.0,11.0,56.0,11.0,55.0,30.0,8.0,8.0,11.0
982,11.0,8.0,12.0,31.0,9.0,13.0,12.0,55.0,11.0,58.0,30.0,8.0,8.0,11.0
983,11.0,8.0,12.0,31.0,8.0,12.0,12.0,56.0,11.0,59.0,30.0,8.0,8.0,11.0
984,11.0,8.0,12.0,31.0,8.0,12.0,11.0,57.0,11.0,60.0,30.0,8.0,8.0,11.0
985,11.0,8.0,12.0,31.0,8.0,12.0,11.0,58.0,11.0,58.0,30.0,8.0,8.0,12.0
986,11.0,8.0,11.0,31.0,8.0,12.0,11.0,58.0,11.0,57.0,30.0,8.0,8.0,11.0
987,11.0,8.0,12.0,31.0,9.0,12.0,11.0,57.0,11.0,56.0,30.0,8.0,8.0,11.0
988,11.0,8.0,12.0,31.0,8.0,12.0,12.0,58.0,11.0,56.0,30.0,8.0,8.0,11.0
989,11.0,8.0,11.0,31.0,8.0,12.0,11.0,57.0,11.0,55.0,30.0,8.0,8.0,11.0
990,11.0,8.0,11.0,31.0,8.0,12.0,11.0,58.0,11.0,54.0,30.0,8.0,8.0,11.0
991,11.0,8.0,11.0,31.0,8.0,12.0,11.0,57.0,11.0,53.0,30.0,8.0,8.0,11.0
992,11.0,8.0,11.0,31.0,8.0,12.0,10.0,56.0,11.0,53.0,30.0,8.0,8.0,11.0
993,11.0,8.0,11.0,31.0,8.0,12.0,10.0,54.0,11.0,53.0,30.0,8.0,8.0,11.0
994,11.0,8.0,11.0,31.0,8.0,12.0,9.0,53.0,11.0,53.0,30.0,8.0,8.0,11.0
995,11.0,8.0,11.0,31.0,8.0,12.0,9.0,53.0,11.0,51.0,30.0,8.0,8.0,11.0
996,10.0,8.0,11.0,31.0,8.0,11.0,9.0,51.0,11.0,52.0,30.0,8.0,8.0,11.0
997,11.0,8.0,11.0,31.0,8.0,11.0,9.0,51.0,11.0,52.0,30.0,8.0,8.0,11.0
998,11.0,8.0,11.0,31.0,8.0,11.0,9.0,51.0,11.0,49.0,30.0,8.0,8.0,11.0
999,10.0,8.0,11.0,31.0,8.0,11.0,7.0,50.0,11.0,48.0,30.0,8.0,8.0,10.0
